dt,Fb,Ph,Pc,Fo,dP,Pt,Th,CO2,H2,R,Si
2026-01-01 00:00:00,3926.6243129315058,3.3057780447761225,3.62594496828841,9245.573704796108,1.4009182519830878,1.8519875540412059,1083.2551326080418,19.277300934964103,3.164139302095102,3.2544525537223965,0.5628066093261525
2026-01-01 01:00:00,4029.595532911479,3.2692864002091313,3.5329750923074057,9161.853105476095,1.4228326567901632,1.8712870760413414,1081.7206067152222,19.30536751741132,3.0068130678490026,3.2690137052941504,0.5525251046996424
2026-01-01 02:00:00,4011.3880013431976,3.328786729178679,3.6393572816836044,9276.9800739251,1.4359650538140214,1.8008689105226166,1074.3281129535978,19.59721291918067,2.9688149212029513,3.273178943042774,0.578279989674474
2026-01-01 03:00:00,4034.592916916138,3.364611315737491,3.6012919775860475,9093.761847487447,1.4528564042130445,1.8496215438188246,1085.6208165933353,19.592853875635246,3.14285367045369,3.275555074925435,0.5484142617584482
2026-01-01 04:00:00,3997.112803587703,3.3685075696313738,3.582800335198631,9168.403992347992,1.3879215145325663,1.782483511002882,1076.3521837341948,19.43510984429227,3.097265860279538,3.2564014962436736,0.5968668026911836
2026-01-01 05:00:00,4019.46005696569,3.2721426914225753,3.6249609767771687,9271.057512782734,1.4154361398521025,1.8515936758776308,1080.2611836252468,19.14007024697056,2.9735304575383754,3.258188663000949,0.62428862644946
2026-01-01 06:00:00,4050.9910188375875,3.40796174974744,3.652239377523537,8967.0165646898,1.4337333533374694,1.8248384878573303,1077.4471074257674,19.134732721338228,3.053384181240845,3.2726113871627858,0.5648617818347909
2026-01-01 07:00:00,4041.7450027730656,3.3187784370055797,3.5765585753169633,9167.2313397324,1.3993506494799623,1.8709553376504615,1079.3800965465482,19.619591281032065,3.168818763845827,3.234962055271136,0.5852985951341029
2026-01-01 08:00:00,4106.515445943915,3.326676158737178,3.6056575424423025,9450.467484595241,1.3988468529899114,1.8706889441964685,1084.2072497628017,19.741219615569275,3.168081001699394,3.270652572287276,0.6157867312002654
2026-01-01 09:00:00,4068.614142241952,3.2778777221602997,3.596509832359951,9157.84738178375,1.4322214608105583,1.8371074722349852,1080.5019798119893,18.781076494457093,3.1273532802419672,3.287035120247433,0.5411870823086474
2026-01-01 10:00:00,4057.289802693238,3.326085064872614,3.6029351240037983,9295.125280773047,1.4661022184602688,1.8151098874969975,1078.9058848692575,19.4431154072756,2.9689247568868806,3.275341697215048,0.5640822543279871
2026-01-01 11:00:00,4018.584312084177,3.401106968083176,3.589226173780108,9238.560043691923,1.3505106783686103,1.9140154345368652,1080.5310204222708,18.856936222943908,3.2768415960532664,3.2671187465493037,0.5677540026080455
2026-01-01 12:00:00,4041.3458885083505,3.281423081377495,3.4915080971455255,9347.35187589155,1.384212233652002,1.8687962036484143,1084.4004689213846,19.656555363533947,3.085052587882089,3.2870392112896694,0.5664258254271053
2026-01-01 13:00:00,4063.462843109379,3.355131195828571,3.5506749694808852,9299.204920455364,1.388977073987526,1.867041489095164,1081.7633062136229,20.05583640164685,3.0261182312912753,3.2862948119887365,0.5858434488814432
2026-01-01 14:00:00,4081.6803379382254,3.4539405597835753,3.507047683812492,9363.98780333727,1.3576177901504645,1.8397065250628237,1078.9618955746637,19.446544389997733,3.0859435523793395,3.280268966938318,0.5739559819195423
2026-01-01 15:00:00,4047.142388752131,3.363890330814915,3.616935979704255,9205.940473638168,1.3771618578632943,1.827631833264697,1093.0893880511126,19.574236983966745,2.910003197390826,3.3009064131759933,0.5742455042313828
2026-01-01 16:00:00,4080.439491953533,3.3855534537178804,3.5782930601493086,9222.376165350423,1.3984977016358409,1.850339244225314,1085.7067171072733,20.01996981793027,3.247823728842164,3.253631737808524,0.6010539833953463
2026-01-01 17:00:00,4128.87362909198,3.393194933553755,3.6428051401785457,9281.71276805742,1.3605928225973773,1.8620688466869109,1088.0965927333289,19.521982355872527,3.2075190318826228,3.2847202661247565,0.5889005293333878
2026-01-01 18:00:00,4082.272030109981,3.4656604307551957,3.6344651012426423,9330.07374437289,1.4297658551180628,1.9168523058610005,1077.3798189527452,19.27040164684093,2.8726171085040235,3.294826408954774,0.616551044960234
2026-01-01 19:00:00,4061.155239545142,3.2970687725910564,3.632146256805922,9134.1654774682,1.4137142247305863,1.8376967934568187,1094.0378058905847,19.970430579988683,3.2428752523166327,3.2561281551382284,0.5914663389280067
2026-01-01 20:00:00,4070.0101252610048,3.275040828989024,3.6217759133520886,9282.973070182423,1.4040790546026451,1.8412788824022115,1082.7550769765646,19.221178177252266,3.106411509963974,3.2792205424528045,0.5867344871637123
2026-01-01 21:00:00,4152.619590558236,3.4224934242145326,3.631223851694316,9324.09497025344,1.4218905303191587,1.838008429478702,1086.7967516299823,19.214251082862567,3.303770865019909,3.2899581090165952,0.6011933495838737
2026-01-01 22:00:00,4177.323363072173,3.445311827077146,3.5691239629065463,9384.784217241493,1.4136057737144403,1.8350859324722781,1094.9271656527178,19.33720079575605,2.9173650036189382,3.2824768519497898,0.6137750334697822
2026-01-01 23:00:00,4076.921837203564,3.374773855451537,3.540090045010002,9177.90239920715,1.3929820394059855,1.8901094859217542,1093.9546470311868,19.98477502357906,2.913254022465016,3.2829466921206287,0.5921857278118415
2026-01-02 00:00:00,4162.221057704654,3.36568018776488,3.5862543712925334,9087.580963296723,1.3908651195681276,1.861702008106977,1091.4763598958293,19.132694465895415,3.0142514369179816,3.3163402279560357,0.5919522853804423
2026-01-02 01:00:00,4120.053216445615,3.3928306187987625,3.575827194375956,9454.528849464941,1.3829397110353234,1.8718687863811239,1086.1396388048058,19.544713188678056,3.1784570254689375,3.299398593437355,0.6084427627048292
2026-01-02 02:00:00,4113.444253039085,3.362803904709226,3.532357783388566,9336.816939532951,1.4631720665502848,1.830763929572711,1083.3348471508539,19.09007839601209,3.076766354979114,3.309759116407032,0.5836484790622889
2026-01-02 03:00:00,4121.527677168015,3.4540193979378224,3.6097752956844897,9411.437866881466,1.434013733172014,1.862756304617161,1087.6698866449615,20.56087810459775,3.1349621473317177,3.298436226259399,0.5863490910212303
2026-01-02 04:00:00,4101.951186838903,3.359375956075558,3.5930656332834086,9095.204342610708,1.437752843192294,1.8521192981575936,1094.091055290556,20.101365513488517,3.1335306262450677,3.3072780001591067,0.5727075661419636
2026-01-02 05:00:00,4171.740711254202,3.3738793267990776,3.566203309397259,9351.619225541534,1.387691688482511,1.8590796599606765,1097.5628399220163,19.202268000092403,3.0136784350968164,3.3389193806768187,0.5860336226945168
2026-01-02 06:00:00,4201.147413781875,3.294200371000278,3.540238888273279,9320.517957714374,1.4499947379838933,1.828771863110178,1093.8027630281606,19.959436794874517,3.0164924398188084,3.2867011288074837,0.5949961005081948
2026-01-02 07:00:00,4161.109520872963,3.3824664500297814,3.6098958918667523,9312.584572036632,1.432731217785501,1.8880135903948636,1087.2260924558977,19.456528580569877,3.0977002207091107,3.296686700369759,0.5754731431060792
2026-01-02 08:00:00,4080.850550993719,3.421272008314534,3.5077557643005917,9249.968870123781,1.452067129475195,1.8527138097555242,1090.459107708649,19.78349162813316,3.1012301042504107,3.3075699477216385,0.5886094102976862
2026-01-02 09:00:00,4167.581122530264,3.3238152931266853,3.609520182189682,9459.826396877963,1.379336571357024,1.875617805951572,1101.531727885973,20.281106644690954,3.18788100119537,3.289710567234511,0.5811226517279506
2026-01-02 10:00:00,4146.2616755212675,3.3533868660816366,3.6095738721021546,9092.598303654157,1.4546442432285867,1.8883092819672715,1091.5046009040138,19.20063579649845,3.0655496029715157,3.3129490720970636,0.5738138670608326
2026-01-02 11:00:00,4160.168779608937,3.307122369381333,3.534122759159545,9331.776466462112,1.4405539785304773,1.8718293761704892,1098.0705653241241,19.531372223127573,3.09051868087972,3.358709136173641,0.5935481348776841
2026-01-02 12:00:00,4160.789257409259,3.357499884425219,3.5598971190239257,9454.58083370226,1.4725311063030755,1.8092167147330709,1093.946865705069,19.12290943622324,2.83815393411496,3.283967492519103,0.607626844385415
2026-01-02 13:00:00,4160.824603080663,3.367302038178706,3.544145763520023,9441.432367390247,1.4084029871655945,1.8572618374151237,1095.6003651041312,19.13678848702274,3.0191894989198675,3.3429411600895325,0.589516454587495
2026-01-02 14:00:00,4112.540507870356,3.300862541670336,3.580557059466513,9052.942118446785,1.4408871073319975,1.8112556888702955,1097.5830094835953,19.843042255260936,2.8652002040285427,3.306607126903127,0.5839630986707698
2026-01-02 15:00:00,4156.110197135437,3.3397391119977335,3.5924394392068026,9225.604967895622,1.4335828646544093,1.848471556107288,1095.5801300840553,20.139651761149764,3.023451854671093,3.3083500625997297,0.626428285485337
2026-01-02 16:00:00,4144.382813473661,3.326174069870471,3.7061538953024447,9201.407601308156,1.4443066864455056,1.8932261308453417,1101.719607319288,19.97086613760692,3.147968193927312,3.2763680781800675,0.6016207774573632
2026-01-02 17:00:00,4176.945364932491,3.320533496759492,3.562574343857348,9302.940171836068,1.4440082645952033,1.865055869333363,1096.5717194281049,19.93284904244613,3.2304859603489833,3.3280555763263733,0.5784404102077177
2026-01-02 18:00:00,4267.8531062220045,3.298646706472734,3.501257997059972,9279.511335999781,1.412189457438068,1.8318629729817086,1091.1531782114237,19.22597141039238,3.004610726230403,3.3080926498317123,0.602676191154227
2026-01-02 19:00:00,4135.94145447654,3.359213721218824,3.5915012658408108,9342.995578117363,1.3781780889416775,1.8853759699280004,1095.8614700334244,19.560069115283994,3.2260651901516764,3.3304834475285032,0.6067733541876865
2026-01-02 20:00:00,4206.437257049365,3.317860406821805,3.57198033453327,9438.46044624039,1.401274569722664,1.8798983383746135,1100.739820400318,19.03531088092319,3.2364313320054263,3.339297489778703,0.593481313563777
2026-01-02 21:00:00,4265.200974607088,3.3645140391911768,3.5646073559199962,9420.902407019474,1.391512183830733,1.850784027563958,1105.0493762568042,19.40104749572241,3.089071887566103,3.3081240734819692,0.6110458142996253
2026-01-02 22:00:00,4172.591086757776,3.373351285282459,3.6302463516992436,9192.240227805096,1.397486363391169,1.8153686014707755,1101.6285308642457,19.37308555628735,3.088406776617627,3.311812336214208,0.5882690980970156
2026-01-02 23:00:00,4159.653173643618,3.3522834593467032,3.6185221274725197,9483.95863062644,1.4165483490843664,1.8694815283563324,1098.5194767224928,19.472598356239992,3.0437149838547817,3.356154012559762,0.5761550637228093
2026-01-03 00:00:00,4191.961099657666,3.280656211704967,3.5430908038216424,9312.530016496445,1.4357907607327611,1.8354336786221261,1098.1731392383817,19.3972847736965,3.0163982993407634,3.341863952928776,0.6292458198959225
2026-01-03 01:00:00,4201.550984862554,3.376295656019208,3.58846134230174,9383.794086421205,1.4677951237053795,1.8407676598394411,1092.459204944606,19.8163578749026,3.0668503810695307,3.3210346917488818,0.6028138631106728
2026-01-03 02:00:00,4207.643636559909,3.373759469368718,3.5600733711543504,9471.25149494431,1.4109916663527722,1.8047686283801567,1091.3220190500783,19.123041149460427,3.219791175446242,3.3352683493025053,0.6076438100452417
2026-01-03 03:00:00,4163.745522708914,3.344560166123138,3.64068183625643,9382.155943501795,1.471422081423761,1.8391279410995058,1103.2313492970914,19.335069787453147,3.013541078537553,3.369403487274618,0.5937860607278039
2026-01-03 04:00:00,4152.0033622856945,3.3278224663681453,3.638505028848316,9392.758378044378,1.438449096985426,1.8887863207441964,1097.6650086184807,18.640640027279666,3.25749040096613,3.283478388409035,0.5810826348187819
2026-01-03 05:00:00,4159.871991558492,3.3351069621683744,3.59281459886078,9582.522535875001,1.4138355715872424,1.8737071704928017,1097.8553187246398,19.307583850449394,3.1707010083980336,3.3290803871095056,0.6048377391438939
2026-01-03 06:00:00,4140.714660332144,3.2976374101228427,3.551598793151647,9243.570762946687,1.4324593119426605,1.8233007114807815,1103.3978966943432,19.704807192992334,3.187432330863516,3.3001152322147655,0.5720456719102396
2026-01-03 07:00:00,4189.704376080206,3.3605254763782217,3.6291523775792744,9340.502609893816,1.438940011820301,1.8421716472662655,1098.015103018088,19.629439460443738,2.9913564607246115,3.3459884533141504,0.5773529160561177
2026-01-03 08:00:00,4128.185802580484,3.3541602458925257,3.6410423222610784,9274.837734059456,1.3802491103756995,1.8724859972534205,1100.011777268212,19.36805609865667,3.3022787342059012,3.36672139801514,0.5915260959037401
2026-01-03 09:00:00,4186.843244721482,3.3618102511402053,3.635680181188813,9382.739277751447,1.402085594246173,1.8533836674075792,1098.8602610678804,19.159108959652812,3.278154187971898,3.329162295911366,0.626631411760227
2026-01-03 10:00:00,4163.574722394899,3.3662590388359774,3.5865925774946277,9270.272759279615,1.4098315474217074,1.8624705066295806,1105.056213402721,20.593597037118215,3.137086950539561,3.329289285046044,0.5931005449634118
2026-01-03 11:00:00,4152.193985504672,3.374694488799514,3.583033223518385,9438.806553398788,1.432003318678282,1.8252666849931751,1105.319094260292,19.508459230763904,2.9802260330395094,3.294377597011315,0.5920655522848081
2026-01-03 12:00:00,4105.112492228713,3.3335110472861964,3.5622030957593016,9452.408324380798,1.4335383417984615,1.8155914705318603,1103.0907054723236,19.343436864476676,2.9657846241596504,3.3441328662459444,0.5840137228779007
2026-01-03 13:00:00,4198.135068612815,3.314862071182894,3.5752547996857036,9373.902093426355,1.4022393278428513,1.8288340582279725,1102.338311410097,19.67478358411013,3.078516021697468,3.356296799205496,0.6121934653264886
2026-01-03 14:00:00,4130.345869302377,3.334764538545363,3.602028763432457,9302.775065358903,1.4169128385802858,1.8437396845760614,1095.7875893157798,20.111898480591503,3.052073704787464,3.3162896301193276,0.5516209156372287
2026-01-03 15:00:00,4112.702080444179,3.4476136306037057,3.599951040958979,9388.153347309388,1.4787181476814937,1.8215791904959662,1100.6718783028803,18.363282782746793,3.1117618145189825,3.3615316047576114,0.5838104346187813
2026-01-03 16:00:00,4147.052659082127,3.3633404589710345,3.6067093776464794,9381.170419654445,1.4184826800320216,1.8471650508585653,1098.9530007884484,19.16126727393133,2.997639018205408,3.333867849371939,0.5963269734598553
2026-01-03 17:00:00,4191.167648486873,3.2876122096571048,3.559555587979305,9350.423639301674,1.351960849245435,1.8913618061033175,1091.7173730847408,18.927876198612914,2.9722135985746037,3.3349038396561994,0.5851069708055603
2026-01-03 18:00:00,4158.963738041175,3.402171094809077,3.5662647716216997,9296.10631939597,1.395935083400168,1.8270926089764943,1101.6352812574078,19.886679726839805,3.199624160709251,3.33842185132652,0.6020494400683475
2026-01-03 19:00:00,4125.898135763235,3.3140717415771044,3.6340002390231794,9481.996098199475,1.4143344181049742,1.839035408488397,1104.3365735254717,19.352687003894342,3.2720632352969625,3.3697334676518844,0.621077592887396
2026-01-03 20:00:00,4063.5582501066224,3.31887387972202,3.5772184870830053,9225.595629355954,1.4188768140020331,1.8319429428883267,1108.5027787236365,19.36327439894149,3.017672928347822,3.3780377376524973,0.5710896419787578
2026-01-03 21:00:00,4186.534625620085,3.233792592465434,3.5486267036795556,9302.34698946507,1.4420694145948811,1.8338051434760063,1103.2621745305034,19.853508095578555,3.0455913088690196,3.3747360934084996,0.5831204544919426
2026-01-03 22:00:00,4166.261409475686,3.284608788612695,3.6095446510540565,9310.485226504485,1.4455432191654427,1.8332216237881076,1098.239218628216,19.52973299526064,3.200545729335454,3.352577326122329,0.5911871714347976
2026-01-03 23:00:00,4110.642731224139,3.4237000976310124,3.5944023255314947,9381.181395146898,1.4282943800992371,1.8596514619833255,1099.5437268248131,19.077883387750315,3.091965436633983,3.3219664970232428,0.5937244607791707
2026-01-04 00:00:00,4137.779316027801,3.270586614221097,3.6029474394055128,9239.420323484683,1.4277651703961243,1.8512383293362167,1099.292559233146,19.174515892751014,2.972202410641733,3.355924711080633,0.5873379025186166
2026-01-04 01:00:00,4129.1935608348585,3.376388066865224,3.568304619085574,9402.014043095907,1.3937408304719547,1.8161379388349508,1101.4364067107974,19.42891719895558,2.958301150644609,3.278609543049475,0.5779152854317794
2026-01-04 02:00:00,4194.201604591126,3.4118819965420033,3.637226120731516,9329.014033143249,1.3660627920926594,1.8251621885916265,1098.2189281147735,19.595909637182846,3.1667191603883404,3.349058826688272,0.5865011624789921
2026-01-04 03:00:00,4108.623831613116,3.3655732386012045,3.6147693576682736,9149.666337707173,1.4256580907770606,1.8289710973849609,1101.4324530594383,20.189384819652624,2.943631161653324,3.349223389380009,0.5657545304803148
2026-01-04 04:00:00,4139.407412009701,3.288650350388919,3.597366901237229,9316.48828949972,1.3365712547838455,1.8695339419601578,1097.3838614392173,19.441329688992848,3.0368523362428177,3.2880981678002708,0.596672203179713
2026-01-04 05:00:00,4104.67595979632,3.3495336339571784,3.5752365060885962,9419.850694750989,1.4082234705978416,1.8404555304974028,1099.2842686938588,19.26152513117024,3.0020015109524993,3.34136326441847,0.5679840646661392
2026-01-04 06:00:00,4064.798203491174,3.3384071628512553,3.5971805902182195,9243.010520760894,1.4150198998730592,1.851394526621559,1096.809666552861,19.933717893627634,2.847642724873408,3.3314776747602735,0.5997874736622919
2026-01-04 07:00:00,4103.510641141379,3.350809583975953,3.5786273943356712,9401.336895760527,1.4706139804755607,1.8667473470700606,1100.2062847754125,19.721813876304093,3.048933054477137,3.372775605941251,0.5809673055983301
2026-01-04 08:00:00,4116.552237095976,3.3990528485499283,3.62575467173121,9209.369269665614,1.4679886917370661,1.8473781888753276,1095.477972731848,19.92002693671362,3.075224412215168,3.352720426994406,0.5441613326086999
2026-01-04 09:00:00,4126.139849998837,3.4408196496429913,3.623396218940988,9468.94923315904,1.4389397504020467,1.8902482914100895,1099.4074518488926,19.438009348248595,3.3718317732501983,3.3324962272543064,0.5919870080164085
2026-01-04 10:00:00,4018.464075051027,3.3942794460882113,3.611747764544992,9294.260065209239,1.4851424843628498,1.8498087555437794,1098.7953442544372,19.190030058662792,3.1532623660307233,3.386280132649386,0.5936993069697537
2026-01-04 11:00:00,4106.799117783176,3.31906314067637,3.5874258058364252,9269.29978807535,1.3928343830812135,1.8576297072942074,1099.6573572363143,19.413930120141593,3.1486280161572,3.3606100811161714,0.5744857016711024
2026-01-04 12:00:00,4114.847432464663,3.262674243437228,3.5608361179736385,9491.654661892157,1.4129348902470014,1.853674979185669,1100.6560633107174,19.60499331612971,3.014267677693436,3.353054731681754,0.5703502033512373
2026-01-04 13:00:00,4048.7980608391963,3.3667347373186542,3.5127097257103017,9398.821644827347,1.414413352578187,1.8653765610343185,1105.5263659429293,20.055586225477885,2.8885910290782775,3.393429638761664,0.5765426478115163
2026-01-04 14:00:00,4055.731670259015,3.2774259688708836,3.605300694008668,9036.727623898925,1.4321084695350679,1.8829122620962833,1101.305180877862,19.321330499102555,3.057110630870754,3.3985671497702223,0.594713652625654
2026-01-04 15:00:00,4049.5185564111384,3.353590397053402,3.596354444743442,9195.692124344212,1.4266039671663067,1.8375281950405329,1102.824572225853,19.593444343269763,2.9738407252629573,3.367262656468492,0.6037685717922358
2026-01-04 16:00:00,4096.02275731875,3.341494627261063,3.55712941526036,9366.30053776238,1.4258367706891262,1.8354654718826178,1096.3527269846056,19.656281361764496,3.061202614248191,3.362196620278083,0.5605755466084233
2026-01-04 17:00:00,4071.0200716231293,3.3606683024263573,3.674539111920794,9251.24747785958,1.4477676093267682,1.846607746933682,1105.3241260476989,19.64449742571587,3.092765045549616,3.3108612355481144,0.5984750627177596
2026-01-04 18:00:00,4090.0852664790314,3.430507562281343,3.5161202523242334,9462.620382302584,1.3343073438740258,1.8746422981204676,1098.0138527967692,18.6752181814334,3.149903032387729,3.3465780001244823,0.5776265203321974
2026-01-04 19:00:00,4024.0059851923356,3.3960922802801896,3.615298397429397,9074.110942093763,1.3478058103723676,1.8802427812208096,1106.5574455967344,19.897182753983756,3.1707678793512986,3.3574495210570325,0.5788662936061711
2026-01-04 20:00:00,4034.4972737415123,3.3484609704711246,3.540193106361115,9279.09990735059,1.4379954651452718,1.8204942719359594,1096.6394911248724,19.328789076391338,3.176462231050774,3.354495409568261,0.5859206429697674
2026-01-04 21:00:00,4042.3601112031624,3.3134240683267597,3.618164216397006,9038.243272875467,1.3975438204213637,1.8299870868596033,1102.4945776892985,19.73669279204953,3.211347434032734,3.3538750745337675,0.5565474835589304
2026-01-04 22:00:00,3997.3847533675735,3.3654881080368444,3.597933689131317,9266.313480700077,1.4641513531797559,1.8214257762504855,1106.9452029845593,19.253702090809035,2.9597493323263,3.386930601927559,0.5485739906950275
2026-01-04 23:00:00,3968.024548376872,3.2388764049435763,3.5727845857897775,9261.438682334716,1.3935955999490313,1.861695377815297,1102.202025320615,18.728072411052803,3.0977380774790104,3.4211378353392368,0.5329563188675851
2026-01-05 00:00:00,4018.014152052198,3.4017595387856416,3.6101558972788053,9225.299758300298,1.4625676071449039,1.8275939390472118,1091.763599021015,19.767967953295507,2.9936061864602994,3.3859805273857106,0.5861672140671309
2026-01-05 01:00:00,4037.5512917140404,3.377418213990967,3.54203950244899,9230.804643178237,1.384555138357727,1.8463431859974087,1096.3959225164979,19.03046448190758,3.1913463944039036,3.3903217750049213,0.5639886922576184
2026-01-05 02:00:00,3995.425531696418,3.33455865595264,3.5835448784026567,9170.185919292177,1.430111182229681,1.8630792186886387,1092.872581674983,19.32349160956719,3.2898287619924336,3.412894035704462,0.5490015012278927
2026-01-05 03:00:00,3975.8342370416162,3.433672361324012,3.6146243031894567,9165.700268141007,1.4120476589732796,1.8598205646093608,1090.2550601918238,19.193860069214644,3.120741948103878,3.395948498218816,0.5441790536346636
2026-01-05 04:00:00,3997.5877752995157,3.286189755503004,3.5571062145445556,9123.814980961757,1.4521427744100321,1.8488204920557652,1106.2078035009686,19.173884816839294,3.2843580759718907,3.413438765205444,0.535771052890887
2026-01-05 05:00:00,3993.29741706288,3.341334687510741,3.61648420513123,9202.917616287848,1.443009827237745,1.8044829593633176,1096.4961600255488,19.55539896153319,3.200770320501243,3.368232395219088,0.5646736114027847
2026-01-05 06:00:00,3951.1717683060965,3.346868920397841,3.5938864536373716,9178.738240487774,1.3559363446692991,1.8457801629427064,1096.2825506964277,19.04547103627529,3.090477714880871,3.3871852479815248,0.5462909327498378
2026-01-05 07:00:00,4062.668449428852,3.392211824034914,3.6508367193633284,9182.76546039009,1.3887326412598953,1.8153062138826226,1098.38161153247,19.227604727574317,3.0091998132816276,3.408174147886411,0.5554386958674543
2026-01-05 08:00:00,3943.440148273425,3.369627600349299,3.508996009859037,9135.024984409816,1.4356881041493945,1.8825740561146966,1097.1734370518363,19.304771094872482,3.0420204946068288,3.3285558638819124,0.5466992524840915
2026-01-05 09:00:00,3936.9008273752884,3.4336455813518447,3.5952620957881147,9382.429296024897,1.3593457132974218,1.8478513361512996,1096.521439804627,19.721373725397978,2.99013824100535,3.3597998921893297,0.5584263622538677
2026-01-05 10:00:00,3983.9433451919917,3.3870444050079787,3.5720094478206397,9013.352765217698,1.4256035490793668,1.819551897446337,1097.1844312438463,19.136512323865226,3.081140753207038,3.3865566668208307,0.5613990515316013
2026-01-05 11:00:00,3952.4827112817375,3.3435458455081193,3.584074532697936,9171.843095837454,1.4389224954328188,1.8217794043881437,1094.2507269145833,20.18245326201902,3.099394372495825,3.362711882880911,0.5845431046976514
2026-01-05 12:00:00,3989.5155656829347,3.3323130929621074,3.5332258899265385,9354.958435215176,1.4315833947218806,1.8550333370391874,1093.9065480403451,18.91104596229829,3.2903708512764043,3.34832328127598,0.5739920866949866
2026-01-05 13:00:00,3871.656651234877,3.352850046510202,3.4874831074506454,9155.944226522102,1.4030620854410634,1.8769389704886699,1100.0852242578655,18.912309604498393,3.038882626997383,3.385224047158997,0.5815502394786506
2026-01-05 14:00:00,3928.409332496625,3.347610233378409,3.592439729127602,9382.41816051029,1.3784898910028653,1.8490505248835603,1087.9637129824087,19.347543695203733,3.2580599266917076,3.3584428346092876,0.5947525077132277
2026-01-05 15:00:00,3888.6085907579745,3.2786220967697974,3.4921622174403746,9020.267374461206,1.4540497282495453,1.825492201011986,1088.9313425055727,19.919606310348748,2.9617788244159735,3.340124864541839,0.5309743563488848
2026-01-05 16:00:00,3932.3523588308067,3.2825137758038303,3.580490602609064,9203.965549487591,1.3571443119294107,1.8219433767339994,1095.4634936617867,19.913860854570377,3.084685103384049,3.355151470914919,0.5161321397064877
2026-01-05 17:00:00,3864.628134517207,3.49215214634138,3.612425300331458,8931.664105241449,1.3923220669178002,1.8566125044238917,1093.8910227291237,19.194877557408727,3.1240561401661786,3.351814807358234,0.5562899045366476
2026-01-05 18:00:00,3926.106805061203,3.333358573775119,3.5023815206058067,9194.694686089051,1.4311200422910242,1.8535529981504286,1092.7942274393527,19.371588953577618,3.3368136759105793,3.4067489208851844,0.5586733335619292
2026-01-05 19:00:00,3864.484713070391,3.448376628388175,3.644124843140119,8917.145580637629,1.4201944558613657,1.8261282773668186,1088.3377893641195,19.27961756588566,3.0109123232485118,3.36975294805475,0.5543101275859238
2026-01-05 20:00:00,3914.1579502037425,3.395883132953685,3.634539450625255,9232.13692961259,1.4281018303618418,1.8473125946964446,1090.3834363712726,19.607818064210548,3.12610301129836,3.3806658653500286,0.5555318298861562
2026-01-05 21:00:00,3854.8139740871,3.3036159075731706,3.60134727332046,9085.180067565603,1.4335561447155378,1.8677349917011359,1096.2547104041641,20.190510091839897,3.178300345657517,3.364060037243015,0.5588524552151858
2026-01-05 22:00:00,3878.382054162675,3.3268792783318526,3.640225302980866,9175.968535098573,1.4075189795045517,1.809088013123486,1089.5431365351953,18.691364536715355,2.9413426919660832,3.330581932940071,0.5776376994434793
2026-01-05 23:00:00,3897.7555320323263,3.2743372145925433,3.6301779223473423,9112.318424297866,1.445000861748725,1.8494270523439573,1087.9044684006594,19.25292204350649,3.051780280778222,3.345717714575968,0.5629594038605686
2026-01-06 00:00:00,3893.611851245445,3.3816978424761475,3.4605390973795163,9097.040103609716,1.4541780979138186,1.8474728421889504,1094.656671546004,19.23339095903272,3.1808311985534394,3.334196023165345,0.5478661213968624
2026-01-06 01:00:00,3875.447716454902,3.3943645296206792,3.579922625542569,9205.094747926481,1.386224530906469,1.8369785233489,1089.3671341134927,19.90813036928982,3.2759849019967535,3.3746180476307557,0.5829023916245674
2026-01-06 02:00:00,3840.973136833616,3.2860742246596213,3.6300675958066844,9042.602638903474,1.4232574402409002,1.8488211039984732,1091.9220698314502,19.50801951264054,2.869521603798613,3.4013364636456105,0.5550093888242602
2026-01-06 03:00:00,3882.7445537243507,3.3410887622350325,3.49605333433279,9130.468893670284,1.3949795222970098,1.861355217876283,1088.4614368195228,19.75217341924204,3.075531881572487,3.372197500998637,0.5286168302516764
2026-01-06 04:00:00,3772.004243285719,3.3438148692302754,3.588332458847992,9073.434285134179,1.3983417904159303,1.8180592180223634,1095.7494296072166,19.64209795188904,3.156681836968052,3.3798821423591088,0.5371911973174192
2026-01-06 05:00:00,3897.929089359544,3.3403722704218057,3.5867876529539253,9082.18403811519,1.365598892232333,1.8260879222366433,1085.3341458544407,19.588273161572577,3.013045657687621,3.339223531270794,0.57148635565056
2026-01-06 06:00:00,3867.359262638733,3.3500393916792928,3.613025449581766,8922.291864016457,1.417541511494165,1.8647731017070983,1089.4023731608656,19.484163499394473,3.0315041845233996,3.3415617350973106,0.5673507990606075
2026-01-06 07:00:00,3867.316910501587,3.3064533955384396,3.574721411250407,9064.837203786907,1.4611111352438024,1.8302631790592614,1086.1514133313956,19.46213682685308,3.052270924458812,3.3713236658770147,0.5390201660455737
2026-01-06 08:00:00,3819.0119068741906,3.3806264462756457,3.66147696857181,9074.707201300645,1.4131267105777385,1.8394008080684001,1085.9934762224618,19.58342563225545,3.2111978437044484,3.4012651380559022,0.4991396046220033
2026-01-06 09:00:00,3856.7600250589944,3.4067260941323325,3.540874852184538,8946.836705230748,1.406505732592891,1.8993773393455107,1087.4084076770232,19.17693288108573,3.0785217180213373,3.333432147919845,0.5258148203087257
2026-01-06 10:00:00,3834.6766022859606,3.342783918527049,3.5662735313642,8936.80131425203,1.4425789188548777,1.8624369867759698,1082.398114838935,19.284270041847915,3.235139304452257,3.3936113327440443,0.5700810439665985
2026-01-06 11:00:00,3793.9156901062697,3.3552198638228705,3.6250270984795887,9029.037588211882,1.4244871228993905,1.839511196655503,1088.3339953120476,19.85420770605019,3.038218573330441,3.371593318416408,0.5665049882395892
2026-01-06 12:00:00,3815.180879421421,3.3212144236997747,3.5969513777544533,8999.655105852815,1.3728763028925393,1.860474205901871,1087.2086006405077,19.789598560348644,3.0244473154151383,3.461412404922915,0.5783531060121676
2026-01-06 13:00:00,3849.676172335598,3.28667661767848,3.5497689466117586,9065.623121492985,1.4111978403141123,1.8439709415272794,1086.0316638736044,19.325349605583202,2.989252489334913,3.3217417727996765,0.5524195593721204
2026-01-06 14:00:00,3806.1487170109735,3.2553634943759304,3.5360616752021157,8862.4763491847,1.3965876658368592,1.825721693460731,1085.2392293324624,19.942468276454147,2.982505973420323,3.3255001748764013,0.5717969608326817
2026-01-06 15:00:00,3884.102060500525,3.4471226738882486,3.5703995744503376,9065.570672506225,1.5066794669787305,1.8628663056701678,1089.6795409217586,19.74352275063568,3.083819508544597,3.3645039465558724,0.5720210404374573
2026-01-06 16:00:00,3798.7081492589687,3.3084629141786888,3.5464251612823494,9023.999939558693,1.4808910519448832,1.8506102892965075,1086.774138656383,19.282523471661655,3.1196027324876106,3.348701997917368,0.5672986512726688
2026-01-06 17:00:00,3791.08649207594,3.421560192417476,3.6062049810182337,8916.936633584848,1.3696107037828766,1.8496246444284425,1083.7702909051202,19.46253734785539,3.1554379840958,3.350212234079266,0.5911824146583646
2026-01-06 18:00:00,3868.011357246534,3.3743647415842433,3.583242996672186,9048.148784913505,1.4238201551847356,1.8446118727467689,1084.588244075667,19.427933975992698,3.0974817974933457,3.3523676191054124,0.5714553828292062
2026-01-06 19:00:00,3858.1885288847343,3.40218766914228,3.534263899652531,9109.563899183015,1.42597062476209,1.828621001275547,1080.9198875065265,19.32053467650258,3.16368769746611,3.355160193576322,0.5488229563681358
2026-01-06 20:00:00,3850.727150816479,3.3923850983944517,3.6727290852054004,9218.601111371587,1.4044085494465708,1.8133740716845168,1081.137615718539,19.1617230905735,3.1651667512171704,3.3692316524298027,0.5734829642436421
2026-01-06 21:00:00,3827.8133582991622,3.403549855813797,3.587920884246228,9283.28726853609,1.4337067526427074,1.8252546475444364,1092.9784828836437,19.91453304993698,3.071651785408401,3.3505227625942196,0.5344803930748819
2026-01-06 22:00:00,3826.695398224098,3.204026818065741,3.5509244489718252,8939.758142332217,1.4088739494184928,1.7678890926107804,1082.0221514718826,19.237105381727734,3.041235635985404,3.370373231499493,0.5377673200435839
2026-01-06 23:00:00,3785.1388973341463,3.402301439675511,3.615697893839279,9051.234825141944,1.467743978110142,1.846105785156576,1090.497725741146,19.45018311343497,3.1431109835058058,3.3681477054362743,0.5711535118808927
2026-01-07 00:00:00,3765.765812503513,3.364182656392373,3.5474691129983373,8883.024599562452,1.384834545111002,1.8576228018666407,1077.2139796321064,19.319359866657017,3.154923197011649,3.3680109510762177,0.5470204378444012
2026-01-07 01:00:00,3841.745576350517,3.2915311375572065,3.636342160842702,9062.082277074192,1.3607988664264874,1.8477760502312022,1078.570346818235,19.297603852156495,3.22631988956899,3.361918352085822,0.5674171092790793
2026-01-07 02:00:00,3821.4007466088296,3.323186164951232,3.6908613454054002,9084.10026205382,1.4108224357444294,1.8853210815005483,1077.2536505134703,19.751625063975055,3.264719765095736,3.3879200347842544,0.5866761780500276
2026-01-07 03:00:00,3829.4148657708597,3.4179135338407196,3.5957637957860893,9109.195411243474,1.4237764799652928,1.8550512398463168,1079.2518832939115,19.195457983764417,3.1440039909590176,3.361998411501415,0.5776787345522272
2026-01-07 04:00:00,3790.453162664017,3.3690305885833864,3.5420842106389467,8918.728834584246,1.3695806356016726,1.8415391275231108,1078.7946770665412,18.951292328173995,2.881182177938895,3.359913778600995,0.5448303284843603
2026-01-07 05:00:00,3830.0675906245924,3.3963938323662775,3.5635038925578733,8943.120026445595,1.338243095729637,1.8501515347068438,1083.3493821564361,19.920779980463706,3.1172039710495474,3.358032949703001,0.5784920707623781
2026-01-07 06:00:00,3877.523857037911,3.299417747650097,3.524462375887368,9277.85875162498,1.428986207842524,1.8451605391021533,1082.1974079423144,19.067089839063588,3.2354796239946775,3.323244789982835,0.5737444991293287
2026-01-07 07:00:00,3843.6713157567588,3.3246616696010065,3.5792924758519082,9140.604085438259,1.4293201186173512,1.8878029720176164,1082.4385504239094,19.330706238609274,2.9741828651170077,3.35049747526267,0.5532075945346725
2026-01-07 08:00:00,3818.5973346025394,3.309518574388009,3.5263731805894105,9038.912206385019,1.39666946245372,1.8261424794704018,1078.6964352010145,19.589897149631867,2.908194296995716,3.357512033002671,0.5717808113833033
2026-01-07 09:00:00,3758.63235447215,3.290949740096649,3.5956401819734034,9044.624267993468,1.35238668077532,1.845388617866552,1075.0861386463014,19.362078995804804,3.0050913435815283,3.3620721416587633,0.5630618358568986
2026-01-07 10:00:00,3788.5818603769385,3.376557941284719,3.554796752740439,8849.131323097883,1.4383733119203892,1.9015927669146557,1073.8448246516596,19.51357642484459,3.1496456854086747,3.3331851676419384,0.5692951738550578
2026-01-07 11:00:00,3810.9366155121884,3.3965269484233596,3.6179912385426345,8987.356646714983,1.4488008727864716,1.8555059965497722,1080.4256326746556,19.80303657799283,3.2201978995372897,3.3409716550301147,0.5361771616808585
2026-01-07 12:00:00,3865.5113412751507,3.298694940000109,3.51308488259582,9018.777480800998,1.401489708881835,1.8204990084729313,1074.6788990155133,19.256395760335106,3.05903181791448,3.360327569733663,0.5469718827694176
2026-01-07 13:00:00,3854.478942044278,3.3257623680964823,3.6035153704558436,8988.169759060229,1.3848419658175484,1.866532347571682,1075.384065823606,19.582663735568868,3.255330154547448,3.3208766889352828,0.5557930776760417
2026-01-07 14:00:00,3828.457064032419,3.3298853435806612,3.6015829735436613,9080.991443879746,1.398385157103212,1.8464661069956678,1076.9238091954023,19.250895056167685,3.1137330369930103,3.340224463280309,0.5672233862119295
2026-01-07 15:00:00,3905.617495820119,3.4140060705563435,3.6156753108200435,9006.65773899582,1.4328983393296244,1.890972083905627,1074.4282283904035,19.571231395957874,3.2207119369595985,3.3527811764699615,0.5640102499094743
2026-01-07 16:00:00,3854.7406344300957,3.2755106174511326,3.5812382133224614,9007.93880213963,1.4571311310495683,1.874411025583857,1074.324196143708,20.062124544801943,3.164818654261592,3.3367943829174154,0.5407704718181067
2026-01-07 17:00:00,3830.0897961083006,3.2835233557874437,3.6353973348942183,9001.296078495247,1.444921979544666,1.8880757169522573,1068.8247755772184,19.017214529073105,3.1397782975829682,3.3671872519379313,0.5496913202519471
2026-01-07 18:00:00,3860.22626014899,3.315421190973448,3.564837405131381,9013.506145531801,1.383699757805861,1.8542451022015636,1075.6890194314512,19.674046718467576,3.2292347938399253,3.329168757341812,0.5635113985115081
2026-01-07 19:00:00,3807.0715954057423,3.287879867202243,3.605246507750975,9224.12079478753,1.432953326397922,1.8188550190031771,1075.2446768868163,19.52628187308683,3.0188929482113145,3.298226504006232,0.5737406951888613
2026-01-07 20:00:00,3858.708292390954,3.374029845810204,3.513654242260453,8969.364468402926,1.3908292114793164,1.8441630984398307,1075.5480498129134,19.252683452267565,3.1684550774002767,3.4004655063002214,0.5909205967290908
2026-01-07 21:00:00,3812.5801896972307,3.349396210153678,3.619973131174234,9034.474583594712,1.4468880514919136,1.860467675471025,1077.0485300099015,19.39703428705917,2.985228252897885,3.315296703435,0.5794153640649936
2026-01-07 22:00:00,3835.748028991053,3.298056089330104,3.630290081922323,9032.178005844009,1.3983863037558841,1.8470500676726644,1072.6095224511064,19.166099983162347,3.064291924511365,3.3813452460916995,0.5477773039665343
2026-01-07 23:00:00,3842.4176500452154,3.380753987576333,3.541024569020998,8925.199981725189,1.3864841301537434,1.820699854675803,1068.8298861069288,19.806379818115595,2.972127129397861,3.3947887389093894,0.6175291435356659
2026-01-08 00:00:00,3852.0090585358867,3.4409091248765566,3.5212294275760243,9150.364773579842,1.4363315805638543,1.862669856387466,1069.4107212146828,19.566384809498413,2.993089590155215,3.303713862496818,0.5789317896641178
2026-01-08 01:00:00,3813.4645826341384,3.3980696033601974,3.5142509375300452,9116.117992700641,1.4123781369845727,1.8935367781207681,1066.7878494431327,19.095338339665336,3.2950485864200525,3.312905768546316,0.5647230094007353
2026-01-08 02:00:00,3940.6454871985197,3.327949470598284,3.516464097751368,9092.98786269825,1.4422302966020148,1.8669221363354478,1065.5009020352313,18.926067643276646,3.0739179370686776,3.344000633766315,0.5593388228102398
2026-01-08 03:00:00,3821.7262516298274,3.3331275242784515,3.57967165983326,8994.460667850695,1.4088923777601963,1.8680426208748475,1065.482885568054,19.070576808039586,3.1147188132856187,3.3258603503044406,0.5669000640454721
2026-01-08 04:00:00,3842.902641145587,3.296749307750768,3.56318008538402,8959.590711082301,1.4189311349240008,1.8457485019841595,1061.0880187500636,19.76380040351522,3.174898492069113,3.3510868669267566,0.5654476901413789
2026-01-08 05:00:00,3945.404668781109,3.362093212087543,3.60858657259711,9184.986950896733,1.3823945810560083,1.821751537708403,1067.2682613069003,19.130216207322302,3.116759393572079,3.356343835618105,0.5843769097541556
2026-01-08 06:00:00,3918.6060372366665,3.334300529316996,3.5862441858513,9310.298645183388,1.3745154886947537,1.8776372029761104,1062.6457619959915,18.60585891226828,2.9930543842834876,3.293508281107452,0.5990621583746102
2026-01-08 07:00:00,3862.712145794212,3.2868753568903593,3.555478855043154,9088.989360809828,1.472865618691285,1.8342932722873204,1066.9703527739348,19.487859456497883,2.8533070800644516,3.3078877332344736,0.567760932080858
2026-01-08 08:00:00,3923.611621077636,3.4123076151562506,3.6118356646412133,9241.528898802982,1.4586132526523072,1.8863100252040677,1058.7640510369886,18.825776954583553,3.1773898903994375,3.2918306020041896,0.5673401920557227
2026-01-08 09:00:00,3894.4305225660123,3.221496526566174,3.587994968392463,9174.880653207256,1.4105644314869423,1.8596100261653052,1067.2862245314886,19.29970568440154,2.961515915775366,3.36177380883483,0.554687757218921
2026-01-08 10:00:00,3875.704375593685,3.3303614590264616,3.556950434258556,9133.043340394,1.3617801960508078,1.8598778493826436,1065.4576390828822,19.87414197102296,2.9843704563573654,3.3341401904112624,0.5486377478767149
2026-01-08 11:00:00,3921.7027871648866,3.3981632147562157,3.5685519034471085,9222.797390295544,1.3927583452670649,1.8597756982568816,1064.4901801354306,19.901959628822052,3.3266685692517313,3.312276982115757,0.5988085066914144
2026-01-08 12:00:00,3936.3753666140897,3.3679486685123856,3.5927620152724073,9160.065090109358,1.4371799273870134,1.8558003118303747,1062.6714063722477,19.69523891441142,2.972562598183868,3.338211436040604,0.5857689531108871
2026-01-08 13:00:00,3859.4896101355025,3.3905543533524116,3.6085272771158876,8887.922635388459,1.4243814245048871,1.8396779894062925,1061.2191154451207,19.46976229436385,3.019046038286187,3.292408005521413,0.5632801387298074
2026-01-08 14:00:00,3899.0686865679436,3.388360523657406,3.5891315256705187,9188.316427423333,1.3475509739080989,1.8684469218771849,1061.147186478553,19.475228800695398,3.1332451557422867,3.3282010805091584,0.5776828634186513
2026-01-08 15:00:00,3961.053276420612,3.395991493990422,3.5151383522202195,9210.424242616555,1.4440178983567034,1.8479910200259704,1065.499596875378,19.365439982707,3.17814201544773,3.327897846911272,0.5451157099971283
2026-01-08 16:00:00,3907.869306407394,3.3433444266943604,3.6309221754033225,9001.81217359253,1.4261132290398457,1.8728120902184116,1065.5669420552686,19.334311473328583,3.2188567875063945,3.3120414079931235,0.6080442900048675
2026-01-08 17:00:00,3960.763284937006,3.348692986947237,3.650454835493458,9024.135400969124,1.4136428140645347,1.8082486323495304,1068.5119254180304,19.470770571816637,3.1645790567062426,3.358985858475399,0.5432171044953689
2026-01-08 18:00:00,3908.3574932005527,3.3814665072218237,3.5271494151835223,9274.352815440798,1.3780693652379221,1.83658691033005,1057.5513856041143,19.386031771959324,3.0805339047067393,3.2771554453120126,0.5549925740147577
2026-01-08 19:00:00,3946.050279441492,3.419498209174462,3.6210436959361916,9059.890417574285,1.4144022713892292,1.7990685241480313,1065.5346590249783,19.664434515942343,3.205616673396774,3.3283359306865172,0.563810920022575
2026-01-08 20:00:00,3977.789933955469,3.3616345930312335,3.644256775477489,9289.743821804821,1.4071310570759834,1.843842260971792,1063.012336733775,19.937900343882244,3.180169279191182,3.345822190757851,0.5698450671083818
2026-01-08 21:00:00,3979.7731898618645,3.371319722617495,3.499556820582296,9061.145020962595,1.4569029285970452,1.8649636239451404,1054.9971354532092,19.695705368462043,3.090807178059495,3.2926920643980013,0.6118471851374786
2026-01-08 22:00:00,4006.1221383241596,3.4721765591755904,3.562734932780367,9128.314848992602,1.43971265001718,1.8345369730129386,1059.7211982947229,19.826244826199073,2.884109639911608,3.2954231494387862,0.5926212168861688
2026-01-08 23:00:00,3891.994763155275,3.3056696924180713,3.614343618240373,9023.780424536833,1.4156376396712143,1.8297200706182208,1061.7312023097727,19.550803537237922,3.1388170680670013,3.2941038865121812,0.587199091981483
2026-01-09 00:00:00,4016.2197269695916,3.2807400725626374,3.597647382772325,9094.337732196851,1.434244627571968,1.8640255926818865,1050.9626679937628,19.661570457065732,3.0768921772774305,3.3097492572984195,0.5824355189727308
2026-01-09 01:00:00,4000.579061325498,3.3610034792187147,3.5293247538046213,9264.140936871436,1.3775817893393936,1.8618420999274636,1059.0719079763808,19.20099919097427,3.103420391491381,3.2484210224580377,0.5636583633644082
2026-01-09 02:00:00,4054.913589536051,3.3690898872947916,3.544041387889125,9002.550605739998,1.4359395850151335,1.8287563004661291,1055.2275709351068,19.04815349804384,3.14225573369054,3.2820317845406226,0.5728370586727689
2026-01-09 03:00:00,3986.8470995816256,3.384054160375108,3.6125805371469903,9202.783551502907,1.4117153336069215,1.8908689893164905,1062.0136671299128,19.021792863511525,2.9413528315672193,3.2940173766619383,0.5583599716063087
2026-01-09 04:00:00,3994.649335587385,3.3418145491445106,3.6404443783068703,9219.863460442693,1.4908008233674952,1.855579592847981,1061.6059571598407,19.645878041307647,2.99727784076528,3.3350523173315985,0.5528803838474807
2026-01-09 05:00:00,4036.7602803448185,3.3339234455771987,3.5789696559952575,9125.594253432431,1.470490210178062,1.8448150132414092,1064.8823734866562,19.27543420126167,3.084949962350085,3.2703544133268005,0.5741853473757697
2026-01-09 06:00:00,4002.775459793066,3.3886046215480476,3.6290681680403796,9441.759766910065,1.4689069220874087,1.8315685063661904,1061.5575642228123,19.471100666708903,3.0246955331402043,3.2799066937408896,0.5950614702188166
2026-01-09 07:00:00,4034.3490383216295,3.329017063750899,3.5229052177132703,9278.165271910999,1.4324234779025198,1.8543283267350228,1062.843676665072,19.20004850621497,3.0431646844515567,3.2729580829791036,0.5636847441227962
2026-01-09 08:00:00,4044.6067488273684,3.338060727193871,3.6148342911175786,9202.25797611322,1.3681553031465448,1.8608572121804816,1064.602895387702,19.864584537089993,2.861906266146908,3.264284954272377,0.594418651545882
2026-01-09 09:00:00,4005.455386610346,3.4315511339251135,3.594882074970597,9223.72200150412,1.444951076600861,1.8282176185173906,1062.9600092669455,19.44650256067932,3.2388458204943023,3.2873049218911934,0.571178119528814
2026-01-09 10:00:00,3991.012725753762,3.3140191105210515,3.494616190988368,9171.697189812596,1.400233074131656,1.8420470129881408,1059.4720223826307,19.798773252337526,3.098574598592284,3.278751265384937,0.5912054359319338
2026-01-09 11:00:00,4005.9643285486923,3.3125258120688605,3.5866710208689336,9308.362888137703,1.4591787677556514,1.835288454976402,1060.1155980762894,19.18061648303626,3.066402199511233,3.2940063114717915,0.5667413317574753
2026-01-09 12:00:00,4018.4134133073107,3.339055342837772,3.5429035990398057,9130.21544037593,1.460918573859479,1.8534092904559984,1057.7531618573216,19.997120166903933,2.98742914640491,3.2729822350925657,0.5524691590444227
2026-01-09 13:00:00,4024.84540524163,3.3515237242509626,3.5857333238630553,9385.323028011164,1.3893960050396832,1.8339449592810446,1057.0654489715641,18.99766092167665,3.1368130794812017,3.281779633313167,0.6100322197947755
2026-01-09 14:00:00,4029.531006601494,3.348389825711466,3.6410349984701478,8933.215258602231,1.3895182790504317,1.8265410280278862,1057.4479350994584,19.55282203907713,3.2638432426977912,3.256154746164515,0.5846649629811246
2026-01-09 15:00:00,4071.2182303091818,3.475442188721302,3.6074538165365224,9486.978831384815,1.3925544635377367,1.875589785557001,1051.9217509269722,20.08143673628728,3.205201813234529,3.2292811673904316,0.5780768797254223
2026-01-09 16:00:00,4057.8695489681486,3.378838913577966,3.528519144495169,9239.034329173952,1.444275893980347,1.8279052053779532,1065.5479382169817,19.445775410548407,3.045886374606891,3.304450095613321,0.5726165055225034
2026-01-09 17:00:00,4036.7518224569176,3.346011252793948,3.542671258862377,9328.639681553808,1.4079554536622867,1.8433480166632716,1061.8417536106626,19.35523784712101,2.980831236067499,3.2717967458742305,0.5988169226017567
2026-01-09 18:00:00,4100.3668288677345,3.3220264229410708,3.6586759315362363,9311.708450568956,1.4207932154954714,1.8892187295868137,1058.4175472348436,19.814737825079362,3.04704310284183,3.2643963451577793,0.5984775240701313
2026-01-09 19:00:00,4135.690746001255,3.2922571789006354,3.6114678443006674,9325.817112313121,1.4065085709598972,1.8540699460560126,1060.9005741133185,19.415281839057474,3.1244498763644217,3.234625742420096,0.5950554281364453
2026-01-09 20:00:00,4059.9278171480582,3.350704131426023,3.581498734671728,9058.939447861978,1.3619283537481708,1.8653229919315721,1058.1790043104397,19.73292285969016,3.021888196094981,3.271686687468664,0.6221091754877379
2026-01-09 21:00:00,4120.980638286995,3.289365211186355,3.5850204954844256,9350.493459116526,1.4123393895709293,1.8650387993484783,1064.4393089118576,19.744210741343224,3.209875907231168,3.307636774431453,0.587765938900385
2026-01-09 22:00:00,4136.837151645832,3.4053084046731787,3.6164142398878845,9507.381679768141,1.4162692378591593,1.8356096086310032,1051.4102600592007,19.412862650360896,3.1741528354426767,3.283513783176976,0.6265783103031377
2026-01-09 23:00:00,4075.8310694249526,3.393604024155796,3.665180990108356,9201.502612274535,1.476394143769222,1.8340173593648494,1063.7049205096296,19.815738509366895,3.0488743992946366,3.2800179622700436,0.6154835145040343
2026-01-10 00:00:00,4092.7166162253907,3.2881604617946922,3.6279746405739695,9318.770523245988,1.3848252488699044,1.825576463375149,1057.4636988635807,19.467319353731455,2.954742710063344,3.2509470256598676,0.5779237386293293
2026-01-10 01:00:00,4135.316773433125,3.272524198256342,3.5354808677738427,9151.048145897419,1.4002384704646451,1.8393387629872646,1057.0198500653887,19.7292758766122,3.0041466511581607,3.2357080410874315,0.577951248507069
2026-01-10 02:00:00,4139.28256356927,3.33530372972578,3.5761582634858873,9137.178989056605,1.3813729710237692,1.835083521258073,1065.9973249355758,19.366266006177447,3.2510088771222483,3.2736297053428975,0.5888188758199746
2026-01-10 03:00:00,4120.480512876034,3.369610537107618,3.6086683082676263,9184.70134883616,1.4255677923340289,1.8434973212278634,1058.7291347489036,19.32618301753999,3.1869249250591714,3.271371149003261,0.5828911519503268
2026-01-10 04:00:00,4102.275956369378,3.425553420117378,3.5107239676094273,9104.858751196443,1.38228759793852,1.885861154349567,1052.788615475041,19.58114966917308,3.0145616430064925,3.2251010492561902,0.6042569084976865
2026-01-10 05:00:00,4147.660538512847,3.278621238851684,3.5745620520633197,9252.95237241442,1.3967814423077551,1.849332711540795,1062.9977914111546,19.278897330313587,3.160168408965933,3.2497982591777865,0.6137973235220249
2026-01-10 06:00:00,4198.124634454736,3.343598873814242,3.559293969784065,9124.353384541579,1.4211702484608624,1.8385649533319761,1055.1858029414216,18.12794966392048,3.078955147212717,3.2350691247588337,0.5919968629779473
2026-01-10 07:00:00,4157.328769006373,3.3891525312402315,3.583404314848387,9172.19447734134,1.4399975383005301,1.844106704004133,1060.4879743658937,19.58208908171681,3.118970950151352,3.289240283204722,0.603727961841497
2026-01-10 08:00:00,4114.457746187932,3.3236711597518123,3.600173406709723,9210.386180809293,1.4090169574174884,1.821173318019744,1068.2649832415327,19.191955353170133,3.028297289057416,3.2193093361730165,0.6093122852187752
2026-01-10 09:00:00,4159.0163824039,3.301601709343004,3.6091874708493874,9237.933191902759,1.3622574481214555,1.823666797463137,1057.3072257340925,19.65879160587431,2.99435746381534,3.206863590840921,0.6042632844760352
2026-01-10 10:00:00,4187.689901072953,3.2919583323958643,3.6035500207879068,9325.42060256826,1.39523469893636,1.890418008911948,1054.914984958182,18.729220523925694,3.141208431092311,3.192823544516697,0.6089963987221743
2026-01-10 11:00:00,4212.411758985901,3.318100302650644,3.5167757718411154,9288.294909842098,1.4577566823271468,1.8440701165997313,1058.132859785186,19.879097321085286,2.932773248592887,3.1853304116189882,0.5877333030933096
2026-01-10 12:00:00,4084.28954364002,3.305473767038005,3.5937007783305375,9308.757432174752,1.4059767374428789,1.8521160868745246,1059.2960544409002,19.827508096191615,3.291028101010243,3.2514747219447333,0.5945415375512242
2026-01-10 13:00:00,4228.95599962586,3.3701208126156437,3.4463495960592585,9351.343003835145,1.4016919543024495,1.8899048949413597,1059.163682460926,19.611346199748386,3.4875971971735247,3.218002828358498,0.5911522230326831
2026-01-10 14:00:00,4151.494070949382,3.298289860925191,3.5206485144358406,9288.226538817946,1.424255124739334,1.8533286764468004,1065.9844430344551,19.46604385007966,3.0922215974745164,3.2212031461826225,0.6066175544307484
2026-01-10 15:00:00,4177.033851497455,3.4482539405498693,3.5546404771801723,9336.73880294261,1.4105789644123348,1.8302967919815263,1057.1061277464416,19.4121402383412,3.1555624637317043,3.2191893330838126,0.5916889438155061
2026-01-10 16:00:00,4189.322200556728,3.383110817782176,3.6814036018346674,9351.682701916287,1.439219210447657,1.8525422395394595,1059.7999275544153,18.73131933854671,3.128924215435836,3.244021616488348,0.6086533699659705
2026-01-10 17:00:00,4143.789567235244,3.3048123911565774,3.5463986500081917,9416.182459548136,1.456072993320917,1.8679961434839865,1063.9987140786338,18.987434420415454,2.948864992773738,3.252397420415428,0.5891163482280469
2026-01-10 18:00:00,4168.207540721787,3.3633884215776018,3.6329333860245114,9432.096280784706,1.4274626528135463,1.8485749126270394,1059.5210448369103,19.612280572000525,3.0140261768634353,3.233601375763973,0.5679002703227323
2026-01-10 19:00:00,4183.261359413018,3.3495329619519225,3.603776862677457,9079.950325797976,1.47269527854099,1.8671199874376743,1057.36682479036,18.423867420589218,2.9154531179343417,3.2335314615920514,0.6153530725655187
2026-01-10 20:00:00,4141.7285548102745,3.302971601274002,3.634951868073689,9280.67251565003,1.42251623053189,1.8585723738137043,1060.353116090915,19.311890607545273,2.795043196671721,3.2051614646399815,0.6148884555596275
2026-01-10 21:00:00,4202.842754858492,3.3159702232790282,3.6198441106630406,9407.40919309032,1.4966250007866302,1.8556205805251613,1057.3202251968796,20.03254099888099,3.065453744959035,3.1793400692471154,0.6054188160017563
2026-01-10 22:00:00,4273.875621678474,3.3215734897058935,3.5826256213282384,9475.16675647879,1.445649892572566,1.8401714215866474,1067.753451426916,20.123252543318312,2.994646620277716,3.2572962715484683,0.5950051362034402
2026-01-10 23:00:00,4171.102680397506,3.4037057361801715,3.635045769492307,9333.951047221928,1.4478567667250328,1.834767057893902,1060.530485507135,19.5656183359226,3.09325305028154,3.2551919406948198,0.606136296296254
2026-01-11 00:00:00,4178.690375205049,3.352410452281949,3.5162855829112756,9430.858847376709,1.4466977596836728,1.878245547758388,1057.2566151094707,19.94047911686029,2.989042049343771,3.225671867741293,0.6095935032446632
2026-01-11 01:00:00,4086.286824717768,3.412923663778587,3.5673055567857594,9208.589613233353,1.412796838975591,1.842618786675505,1058.4354408468107,20.463762922306937,3.122730722492759,3.2041916668165755,0.6373475760596505
2026-01-11 02:00:00,4189.425098056396,3.283365120271318,3.6001779674311996,9300.357032404561,1.4652828467818149,1.850938591910479,1064.2091596897044,19.37648231717471,3.073377985882974,3.2024586166571924,0.615168946189789
2026-01-11 03:00:00,4162.970031453391,3.3209706542110577,3.601049585550204,9122.155203667711,1.4493506644592162,1.8456141648080244,1064.2535187098579,19.534513689110806,2.9291672842707026,3.2277063843926754,0.5881346203440403
2026-01-11 04:00:00,4199.329715491279,3.4176277889146984,3.493946215049516,9440.614517210039,1.4410777751239066,1.870247088649188,1059.1773831658181,19.476739854976014,3.182692963669175,3.2688958683845994,0.5946142267639677
2026-01-11 05:00:00,4224.729407036524,3.260131342100628,3.6177372048990244,9631.417095346054,1.4301253400689828,1.8284968957043288,1061.9093068758361,19.479868253522373,3.0015078023751385,3.221705644621801,0.5969471534374474
2026-01-11 06:00:00,4139.088270178666,3.2994640385934746,3.6420664053485043,9426.32876058177,1.4160227780507044,1.8324311982078152,1062.1881495016385,19.43022152746729,3.0625476066251025,3.1677863907304813,0.6082990392966858
2026-01-11 07:00:00,4187.193753620304,3.3133219587834866,3.5999783548513666,9292.328353118615,1.4385727372786872,1.8793643490660725,1065.9294019358103,19.99822575580607,3.400483885843439,3.217917259080374,0.555561282550887
2026-01-11 08:00:00,4130.37744635042,3.4072690909200865,3.6579603804686744,9508.909310157936,1.35456855282966,1.871816917765028,1058.5093929642874,19.296788320146277,2.964876533027517,3.200526035045856,0.5939380322067422
2026-01-11 09:00:00,4119.457168644111,3.2846795890079292,3.530234485226007,9418.085531669027,1.3986775946620025,1.8383681639127403,1067.9415739226251,19.632442167104752,3.036604467902233,3.214661225202218,0.5862268299277539
2026-01-11 10:00:00,4159.795710685894,3.4309964229524477,3.558579705077983,9479.984626702333,1.4276976007789535,1.8373058771363264,1061.1069056406932,19.776329111829295,3.035172314108368,3.234338230259607,0.6012774228916759
2026-01-11 11:00:00,4182.313284583446,3.4249238353628444,3.535902061039301,9246.751823916144,1.359582921800079,1.8306556446885167,1063.8264819277952,19.213383526001344,3.1162891076542394,3.201101982902988,0.6302417179655884
2026-01-11 12:00:00,4160.975076326126,3.3048448661404164,3.590137889045243,9297.223603988446,1.4138457144023153,1.863860043008969,1070.5056488388016,18.910744291186287,3.017156045127257,3.1551095073103035,0.6049756671967859
2026-01-11 13:00:00,4151.237152704441,3.3225757155313573,3.5154730700021766,9329.86594789131,1.4124062323742872,1.8359379504757638,1061.5916754236596,19.634642935823024,3.241533684513645,3.189267743278354,0.611049021631622
2026-01-11 14:00:00,4129.8421405992785,3.301405931217667,3.662422091566641,9326.46081204189,1.3920435309275987,1.8838083628310738,1066.8710653640735,19.305133507015498,3.1398436097702263,3.1715998378570958,0.6002512033856463
2026-01-11 15:00:00,4225.084419101192,3.3695325266431526,3.544664868550878,9448.554756328385,1.4072514242348093,1.8227324837588876,1063.229700422965,19.305645314664428,3.043843077953443,3.166130833004593,0.6349621401172952
2026-01-11 16:00:00,4138.744964607166,3.3683938195055467,3.53401369884586,9334.933892365867,1.3932263755031176,1.8661412259603238,1069.5535511940604,20.00309004336828,3.086757760023513,3.2220177696807943,0.5909388656632141
2026-01-11 17:00:00,4228.825993871141,3.376659482607515,3.6339300540780712,9447.681054085611,1.3740175854609622,1.864451833689749,1062.6124798144228,19.191867449712234,3.11519312143722,3.168936004856156,0.599258201104376
2026-01-11 18:00:00,4118.182655165911,3.346693049366948,3.6226127485335704,9206.525785533864,1.4413333948123608,1.8534694610824511,1071.724319257269,19.671988084665376,3.2479474076440447,3.1903454734188252,0.5874907538484422
2026-01-11 19:00:00,4103.265165114088,3.4320652381633168,3.575717528179142,9291.40507616352,1.4178277449973917,1.8446647089836914,1065.8505612002261,19.41069245601113,3.1415816538749164,3.216907819685005,0.5896410144054399
2026-01-11 20:00:00,4130.385036799263,3.3071645159090055,3.6098326561449863,9194.291614651638,1.4180283414202128,1.8034461824410308,1056.649192354852,19.73142644501103,2.9568051926431207,3.1465682094106526,0.5675775304644995
2026-01-11 21:00:00,4102.869251729611,3.3286631284290915,3.617383459873459,9182.433107217226,1.4069821195510135,1.8583528460644403,1070.5313531869183,18.919437800296286,3.1858767669848826,3.223307661990312,0.5593185481001064
2026-01-11 22:00:00,4100.904703704981,3.4032973946436034,3.546441358099279,9277.89934363592,1.398436360298338,1.8652747416921147,1064.5177418162602,19.03812672872816,3.2352898576338283,3.230237409636894,0.583423991293665
2026-01-11 23:00:00,4119.972638327425,3.2964159322167457,3.6501999309313637,9319.033665485273,1.4335953832925714,1.8770764210399373,1076.2202122117412,19.575803725939014,3.132107525034323,3.167383071424981,0.6129835706190535
2026-01-12 00:00:00,4117.282751407278,3.3311322258837786,3.6087165662664678,9430.5624006474,1.441827658148255,1.8063613944893187,1066.270725364973,19.542195869802494,3.263700612129318,3.2159924806973366,0.5973278171346733
2026-01-12 01:00:00,4164.783252324273,3.2958499174954397,3.589571960860471,9296.423338511933,1.4041654734224878,1.8344541550192122,1072.4855809004632,19.75191882264731,2.9622579592862244,3.1937490603064553,0.5851147844571373
2026-01-12 02:00:00,4158.859825819295,3.325350634547423,3.5932255218002678,9474.539537192635,1.463036626107324,1.8935058961324938,1077.0526770336692,18.967294142233712,2.962902815050927,3.1874854341674577,0.5646318432263987
2026-01-12 03:00:00,4122.4341082757255,3.3647563374229907,3.51276029761594,9257.742751704138,1.4677443028804047,1.8916955426802287,1070.3294310333006,19.571839469493824,2.9959387826770305,3.181178098481884,0.5467466390030403
2026-01-12 04:00:00,4055.0160190814704,3.354114623038915,3.59931974949504,9281.382006106498,1.394139615423021,1.835733912108493,1075.482736085924,19.391378160132508,3.1502027775053203,3.2105747027003018,0.5852032541221162
2026-01-12 05:00:00,4126.174420256404,3.269407746918783,3.6356933171006527,9279.531453246702,1.3531628443022727,1.8318795394150575,1071.727191218899,19.485092429663478,2.979776953710444,3.2000721409606787,0.5811444031016448
2026-01-12 06:00:00,4064.722546085368,3.2364998603346504,3.587375890371506,9186.267283422472,1.3806763806512916,1.82843112171651,1079.4425962690077,19.581260250424915,3.0933921625929757,3.1521198001719344,0.5821436325149593
2026-01-12 07:00:00,4057.317281801457,3.342091726022879,3.5886903340722234,9371.840304559815,1.3768886920821135,1.8669055121936617,1072.5141809832826,19.42590925218583,2.9729501365200903,3.17599067216111,0.6059092705185388
2026-01-12 08:00:00,4100.531651529917,3.423595425586708,3.482284275142396,9609.58962945441,1.429717576249029,1.8521457426701762,1079.2770245418653,19.5978024612559,2.99240071409394,3.177018302949372,0.6025258433324341
2026-01-12 09:00:00,4117.074321156869,3.364180416464611,3.572376855592867,9182.6305967736,1.4088376690337747,1.8542958088594628,1075.212407827331,19.749359677313564,3.1454803636893396,3.1466189885293057,0.5832856372606697
2026-01-12 10:00:00,4165.64623257054,3.3381349495296306,3.5280557266975534,9446.43749358267,1.41609392398106,1.859437223605816,1074.3028743739471,19.572335010403584,3.1601157848942507,3.133670992965988,0.5918357900369081
2026-01-12 11:00:00,4035.2054282983477,3.2526358655145704,3.6451639708994916,9227.787626780659,1.4700429343750152,1.8061364390130352,1080.8264263258366,19.578719329967363,3.2869080027496476,3.1443167724583794,0.6191182347061868
2026-01-12 12:00:00,4081.2573128394038,3.280355824999385,3.5344665890590696,9332.354600894614,1.4254014538469229,1.8717758492116088,1076.4082298529668,18.990312584698344,3.0486989062375436,3.1210295328131346,0.5634370814447579
2026-01-12 13:00:00,4113.398731299294,3.3883793055345977,3.619022660839767,9437.748133992134,1.4370954245277807,1.8504640302204558,1072.7674011626964,19.92467400943452,3.2672812827631,3.1409681668383493,0.5605922238994093
2026-01-12 14:00:00,4062.1614299531175,3.378391235482829,3.6068452213314326,9305.202126617623,1.4699290553321938,1.8223259127814846,1068.7378500050193,18.96872950465998,3.3335596407031134,3.068131425008654,0.5545171479888427
2026-01-12 15:00:00,4061.6528377899854,3.348728306531213,3.5609810704484666,9386.689892642162,1.4557569866688922,1.8235798474692542,1074.9293125000008,18.878373657171522,3.2291069722206105,3.1826532977543462,0.5685459455125136
2026-01-12 16:00:00,3989.946543531014,3.313914455538083,3.5119794630832195,9273.59629999664,1.4370188681831675,1.8575714791572535,1076.2953352552847,19.59934505666789,2.901495755124766,3.1443379944364107,0.5766581570017546
2026-01-12 17:00:00,3995.9782810388556,3.3237620975453424,3.5243080284598802,9189.973103654562,1.3561117791785868,1.862843796842199,1076.7125529469006,19.808897612750915,3.065482407677937,3.1429023995447185,0.5557364340021759
2026-01-12 18:00:00,4028.2834936783165,3.377337955463192,3.5289267507284148,9089.590675920621,1.4981951205071615,1.8556071632806286,1077.254262829573,19.42590312152261,2.9914029304578276,3.149384235833795,0.5652188259045462
2026-01-12 19:00:00,4070.8774429486807,3.31239665884834,3.5976046453084747,9204.673476572982,1.3723083102762876,1.8058463075645457,1076.2701961015512,19.614701337353736,3.124180758732461,3.174115020377056,0.5954377186805972
2026-01-12 20:00:00,4024.6321493144765,3.408429853494948,3.595123250845085,9235.880719443738,1.460021979802542,1.8447809919094482,1084.337394751963,18.94214540240891,3.102355150863691,3.1495047496967414,0.5617042009802165
2026-01-12 21:00:00,3999.767346385437,3.313001189174631,3.5949906591739382,9148.283520281388,1.4414504598082545,1.8701791199005084,1091.9196951104805,19.531853177187784,3.0828773558074998,3.152343303601244,0.6140841482743696
2026-01-12 22:00:00,4086.610300114743,3.391375284217597,3.6288588900659957,9210.685099269278,1.4133680458463256,1.8400220736521387,1070.71085294015,19.58225684869286,2.9471087235255267,3.1313353427886756,0.5782645511254338
2026-01-12 23:00:00,4009.3086899215027,3.2799588820364214,3.51207692816779,9144.589339236401,1.4490451594751803,1.854120759816747,1083.8816468178654,19.68041029374095,3.051168096230413,3.131176027538112,0.5832985676010137
2026-01-13 00:00:00,4073.245568582729,3.3700928816720985,3.6280817326744774,9268.56206506866,1.4528600229872253,1.8739524865818757,1073.7506967350587,19.293054370350884,3.0418608247536136,3.121512361640855,0.5283393315586286
2026-01-13 01:00:00,4045.766604369701,3.294984715779896,3.563092961075671,9034.11138319875,1.3430843291967463,1.8240932698952212,1083.1591623371814,19.225596438237826,3.1335651830713633,3.1711792995468,0.5688393968987621
2026-01-13 02:00:00,4003.02983945641,3.3868615551941135,3.5974853252402696,9236.847813904058,1.384586461876969,1.8023503357021093,1077.7757328144287,19.693982791297813,3.091262016539225,3.1446067554338435,0.5757837851631425
2026-01-13 03:00:00,4040.8849096865174,3.2831514781254354,3.6190665275201557,9369.937282252034,1.4410367266342725,1.8888879459766421,1085.4890722767461,19.87889822065867,2.9815984124875348,3.15130491279392,0.5683824666456685
2026-01-13 04:00:00,4001.6573478527225,3.26442939258611,3.5988534604369775,9216.567166916564,1.4422069870612437,1.8594365730621782,1082.7183614034252,18.850281229972488,3.0047486674981325,3.169398503883291,0.5884928922302448
2026-01-13 05:00:00,3956.2748079212747,3.3906177848764556,3.558427208148129,9260.216682377346,1.394402674836973,1.8490195439259793,1085.1794656503864,19.29694311643237,3.152407427159903,3.1229354423242035,0.5664721027624204
2026-01-13 06:00:00,4000.3317904634027,3.3562901873922604,3.5337763725533393,8987.916694038451,1.435427658174467,1.8774883914762555,1091.166321208908,19.25067824541151,3.189205451678809,3.143480205180864,0.5701217559283682
2026-01-13 07:00:00,3975.530193200522,3.410347236215495,3.526558722951955,9144.875795656057,1.4380159839938123,1.8643498925453408,1081.8582283889555,19.592704016545543,3.1560096713963155,3.1572103598508,0.5383834277870632
2026-01-13 08:00:00,3949.142678443484,3.3662284887868372,3.5910578856031217,9363.698335430554,1.473487949772122,1.811220825824631,1084.9859106059805,19.753783354819603,3.24261941985126,3.1753663932269194,0.5522427531831788
2026-01-13 09:00:00,3960.371203935513,3.431093669384455,3.5424113245235676,8915.75582406043,1.4658017469571964,1.8804148219938701,1074.2806269466787,18.708185987155236,3.1337844527645085,3.122924416708689,0.5408329043465278
2026-01-13 10:00:00,3981.4078539314582,3.368517513710388,3.65245070724949,9243.687821656538,1.462444122407002,1.8150154927076614,1079.4465058955004,19.803603766610667,3.189755196204805,3.1506399117258157,0.5896421784176006
2026-01-13 11:00:00,3962.5581005644435,3.273313676140387,3.56393538852147,9112.290932664175,1.4689108713395636,1.828194377764369,1089.3023550282821,19.43652543280642,3.0474014258134363,3.1455648017996443,0.5853208135521396
2026-01-13 12:00:00,3902.5576101220154,3.4153151475554684,3.6016780851347963,8917.262056285621,1.4023494812787378,1.82544416500321,1083.372997827362,18.52321318766008,3.2203293354158715,3.1638931083802175,0.5718216490014532
2026-01-13 13:00:00,3979.110456127823,3.3807097793715357,3.6385152633614077,9239.162639977128,1.483207870644874,1.8138332751547204,1083.7972094851805,19.54694300976317,3.1922581233946192,3.1238547999877175,0.5507006275925688
2026-01-13 14:00:00,3916.181399543974,3.3472109231265468,3.5928989735944437,9037.410204707157,1.4052732480304788,1.8469478217308068,1082.7933127493227,19.40005040468471,3.027375412907713,3.1369441070313524,0.5600412647478042
2026-01-13 15:00:00,3986.66762458765,3.398727397509841,3.6833450095986273,9036.180510821807,1.4267703638214284,1.8420143648975256,1082.406322925462,20.417785883242413,3.2549332589001163,3.1406041251259054,0.5728114603248775
2026-01-13 16:00:00,3886.985808604904,3.2997254812670707,3.542931641761334,8996.200229021084,1.4457731505981264,1.8397953213327434,1088.1442657562498,19.71089155548193,3.072952736958305,3.1444292130450084,0.5418580823094034
2026-01-13 17:00:00,3891.4395383502106,3.418243045588791,3.60495617503965,9233.323179109522,1.398655314727057,1.839083547797966,1090.9166719374748,20.0691431510295,2.9512455182929713,3.1302560581806285,0.5645791690763036
2026-01-13 18:00:00,3895.5183132630136,3.4026590190276194,3.483856606070885,9232.100509528746,1.3538467776201932,1.8683303579984696,1079.2509314138415,19.01837947487382,3.119410040178314,3.1288316819966444,0.5770105456669379
2026-01-13 19:00:00,3957.2748720633517,3.405475184876654,3.5819157393009773,9097.370957604491,1.4795414893174226,1.848862172867424,1083.0172812674211,19.871147456829153,3.145379383388965,3.1200466336863912,0.5821196448544913
2026-01-13 20:00:00,3880.641975909053,3.3274361587997374,3.552937473173607,9116.658956804442,1.438529311399031,1.840655562524046,1086.596233193673,19.539580959634208,3.167733552035474,3.1766566325330374,0.5739261914406787
2026-01-13 21:00:00,3893.75150443857,3.4704840309002174,3.583964420443236,9181.12081807766,1.4483861850142967,1.8640073925504075,1090.8148628310616,19.69266477489204,3.4092443463895177,3.1361942285557083,0.5806855536351007
2026-01-13 22:00:00,3941.0238651508907,3.3779227203524353,3.6198041707917286,9031.877949152606,1.3836433983877696,1.8458407376467714,1085.815289229236,19.891166257352403,3.1905484448502985,3.1673774177586607,0.5811833539461395
2026-01-13 23:00:00,3926.39467212778,3.4104193012399526,3.5868685580768407,9005.466816347624,1.3911093180960394,1.8308474946094484,1085.1190679141732,19.342668705773196,3.2759122503746965,3.1435005445844912,0.5610207768202
2026-01-14 00:00:00,3888.02126325222,3.3818554836498054,3.599022283392866,8893.656547827502,1.414639872553066,1.8592340762585167,1090.4590632918248,19.890350571718724,2.9555792954170097,3.1197837443962633,0.5859684894870488
2026-01-14 01:00:00,3829.8988072294055,3.3635639124919723,3.5576090138129026,8882.02192490167,1.4012925738975675,1.8553841769514905,1090.8011040811155,19.250098134072303,3.089236721242753,3.1216617446057735,0.5546008416536431
2026-01-14 02:00:00,3884.440494573541,3.3266772672374003,3.5621936413025557,8951.647590625707,1.4054212838406726,1.8233984401754277,1094.8607162652943,19.41451844381297,3.3373083673967,3.1256354304080065,0.5686608550077817
2026-01-14 03:00:00,3929.4363832313666,3.2734689173511162,3.5130979528195097,9004.13843819912,1.4014867316959285,1.8582295372502147,1091.6689466480618,19.907676924135075,3.18899481415992,3.130036683665372,0.5778694935056056
2026-01-14 04:00:00,3883.9590839426205,3.335029853977677,3.553925529364982,9061.279094012049,1.4215884135410786,1.823617186584392,1086.2473327854186,19.208460374714637,3.3317205834376735,3.141476384773744,0.5596142998486926
2026-01-14 05:00:00,3838.405057334812,3.3779850964285756,3.5774356392018847,9130.448448032228,1.4496491319949893,1.8434612889031867,1094.1807373142606,19.04111108028743,3.0801812489449336,3.1207670790086803,0.5723348708436927
2026-01-14 06:00:00,3764.95443628873,3.460756680669559,3.6221018193071646,8884.81063407793,1.3441060874678756,1.8982954329401336,1095.973303597997,19.107474249018384,3.304846011309393,3.1398525725172064,0.5923259898239333
2026-01-14 07:00:00,3887.7314003194174,3.3551281092722895,3.6020030039374706,8911.389879427086,1.4022873388614068,1.8678710235228129,1097.9855819307231,19.09801687670252,3.1081268668176567,3.146949204644253,0.5976556111252441
2026-01-14 08:00:00,3914.9861500964557,3.3113878286668537,3.4461729622062065,9117.323800816892,1.39833384309089,1.86412564369234,1091.787152247389,19.586990441515972,3.0249795813458284,3.1590693922431163,0.577198865734917
2026-01-14 09:00:00,3890.17660175171,3.3272228571095095,3.5999479642272534,8971.757957048201,1.4740562785393536,1.8869130667244425,1101.6884419660075,19.644517935745373,3.2276656231089196,3.1077453407276874,0.577908104225092
2026-01-14 10:00:00,3896.6758645949194,3.3152090037005273,3.5337803884494643,9109.919175115794,1.421951615099818,1.8264938605520125,1102.949542048601,19.873342395104473,3.3282308284329223,3.1684015713305125,0.5552006945429777
2026-01-14 11:00:00,3842.6746210890765,3.393646027190784,3.6131154655405604,9024.977298126729,1.4474573513311917,1.8493135175710347,1093.0959137649193,19.38212497003168,3.354668258124469,3.125349857061622,0.5585013209764698
2026-01-14 12:00:00,3866.1728896231143,3.331780394757586,3.536892620292046,9199.580154548057,1.4546778636271895,1.8651478381511493,1089.0101143139104,19.789203046696215,3.242583528243612,3.1095012318795963,0.5525471914212724
2026-01-14 13:00:00,3846.622429938979,3.40012235860379,3.5979079279248216,8874.678180123588,1.445271962097944,1.8887227337567896,1096.7736379970738,18.999822261855243,3.034188899864005,3.108853359814691,0.5508476653997859
2026-01-14 14:00:00,3823.548732579558,3.274308842704334,3.493916662714372,8987.944310594057,1.398480046537099,1.8277359418749528,1094.538064350175,19.929160047862645,3.0978441572994706,3.1133966320874356,0.583608762514227
2026-01-14 15:00:00,3872.4442431384778,3.275132306275347,3.5936226834619545,9122.641494965073,1.4312772992604073,1.8522892430070512,1096.9270602392335,19.61904567882836,2.847300244449051,3.1488608806398317,0.5714276528001276
2026-01-14 16:00:00,3811.18914462188,3.254955357314429,3.6274191029045926,8985.430337335192,1.3778944100457728,1.8445558632876504,1099.2244372625148,19.751841306602056,3.0333635799017027,3.1422923677891395,0.5718790864153855
2026-01-14 17:00:00,3810.9028029722253,3.2790528574727573,3.7122623516152466,9249.282126291473,1.393619569262529,1.8641034333604753,1098.2191358851753,18.888598423176617,3.153618362279954,3.1063272597076534,0.5715702840921412
2026-01-14 18:00:00,3802.10173704445,3.274478473670368,3.5707922723860115,9105.615239905896,1.4941583294291065,1.8756740694759981,1095.5930943516423,19.737911873883604,3.1442707826274074,3.1462288558051115,0.5611061654624276
2026-01-14 19:00:00,3874.2368922802975,3.258737041977489,3.6452810762807646,8933.991641562088,1.4435683613094883,1.8909207288018781,1097.4094352207514,19.803243025349527,3.1404155851890962,3.1236464406215414,0.5723055346110343
2026-01-14 20:00:00,3835.527217404879,3.390154841195781,3.5049036008144316,9274.794007116372,1.4104651879646513,1.8729724847117228,1098.017936788386,19.186104263172435,3.2228328930909886,3.143815258523772,0.6277578305127408
2026-01-14 21:00:00,3832.0116825695873,3.3277585692392475,3.6156209649657294,8980.380957818257,1.419404997430324,1.8308876605492934,1103.7296383631865,18.80714124300581,3.2194017021846197,3.134302688878583,0.5698109124851014
2026-01-14 22:00:00,3860.074942864838,3.387875271119582,3.641812172721925,9007.340397081032,1.329525306524376,1.8544406851943003,1095.139546098388,20.097172105394257,3.067055387743793,3.134955608968491,0.6131272437504874
2026-01-14 23:00:00,3864.4759892379684,3.3072479852349237,3.6247335392583877,9108.988162415626,1.4328457645239283,1.8599672234414248,1096.8252546967235,19.736894385133912,2.980610664173998,3.124107837495559,0.557379344240774
2026-01-15 00:00:00,3787.579311096452,3.4096335456387052,3.5403172827264253,9183.883776522345,1.3819247527052587,1.8388622862321236,1100.3811565262004,19.294394461639666,3.3671089572138846,3.1934953929168266,0.585142956052296
2026-01-15 01:00:00,3837.282155164856,3.3529622030738864,3.6123022607640642,8988.121486681393,1.4815748923509657,1.858101066457978,1098.2524469635214,19.4409059754832,3.2207384909118746,3.12044156497099,0.5731500769824167
2026-01-15 02:00:00,3849.6742803100556,3.2727193804731836,3.5570641564317813,9002.101593925721,1.4247577968023035,1.843017288838034,1100.3574523338848,19.29563085890284,3.1554123458480032,3.1613875571849577,0.5960964070939058
2026-01-15 03:00:00,3800.547451826352,3.3315562838013637,3.5770998722807974,8968.681933583282,1.3124127559382142,1.7913693010679161,1097.1293191014672,19.22084437549927,2.7539053879905633,3.1459281978509175,0.5532606060075602
2026-01-15 04:00:00,3792.89942144688,3.3290921990393425,3.624772391134192,8886.202525196388,1.3898739707773737,1.8311038673616475,1100.591659757691,19.319141668742642,3.028826268833294,3.104922534997261,0.5863687242430625
2026-01-15 05:00:00,3874.7428462219336,3.324077996184199,3.6306270343840668,9028.488462352418,1.3825737091107877,1.830359942088305,1103.5731917138141,19.529285059717118,3.2209548148311,3.0990322095246055,0.590634375681787
2026-01-15 06:00:00,3829.087524731357,3.264380900986641,3.6662787710412483,9034.389001533213,1.37644890201302,1.8217357499898654,1102.8826795537502,19.50161066378639,3.1799655940094063,3.145611648308494,0.5729725839613123
2026-01-15 07:00:00,3802.756426843666,3.2870639217782536,3.5711286909944517,8998.523962594167,1.4492144422855233,1.891008111491005,1095.3265022027808,18.778251053105166,2.876436763238687,3.164192361331495,0.5822829030198602
2026-01-15 08:00:00,3843.3213755190704,3.2920591776275625,3.6563957857330465,9021.940312882258,1.383814527461573,1.82995648988103,1103.4080604776887,19.908293029446504,2.939795685934664,3.1188460976011183,0.5567143700500126
2026-01-15 09:00:00,3829.3102265985744,3.3801289350116894,3.5703051226346036,9111.391242841644,1.3841480618883977,1.8512427280147812,1100.6281344256558,18.88146034281797,3.057490444946732,3.070549896163022,0.580440312153291
2026-01-15 10:00:00,3834.282602564488,3.3996662335881953,3.49199483022897,8967.580456117827,1.4568359494040894,1.8412033604179527,1102.298003684411,19.138611041578045,3.184866671665455,3.147956567243131,0.5959667875939166
2026-01-15 11:00:00,3848.8011554330265,3.3251452348990616,3.5214247772428835,9137.859753991213,1.4290940821864384,1.907646389569062,1099.372266251176,19.499716070302764,2.9903296936948025,3.1729419657871536,0.5695464039474606
2026-01-15 12:00:00,3874.7040023215604,3.412420989067057,3.6166993316372857,9111.188604151317,1.3950583885387247,1.8203838920551194,1099.5305256479671,19.724943704550743,3.139335981290658,3.090324506029996,0.5624184368182364
2026-01-15 13:00:00,3818.195299286466,3.416523877225283,3.5891519802874434,9137.662342529049,1.4632051711620777,1.8577328786698677,1106.8592452047549,19.806163846244555,3.24338800120418,3.158585619801441,0.5788581101697563
2026-01-15 14:00:00,3782.0770814235393,3.4487496520570073,3.638012621929151,8774.98284337188,1.397146766172309,1.8667495029568053,1107.5506762302532,19.3393094130201,3.304009339750359,3.1418478291101852,0.6055679771609837
2026-01-15 15:00:00,3811.2906387747794,3.347109455800218,3.525511601979187,8898.812799442514,1.298384753543312,1.832724271253753,1100.2098055586089,19.71172955309682,3.155046359903875,3.128217720853907,0.5826491379055505
2026-01-15 16:00:00,3866.6646675060547,3.2937522022725947,3.611545805197189,9076.528151241188,1.4205237076056396,1.804494568913184,1097.1555774816943,19.596038341488196,2.9621272527305544,3.141903178100328,0.6091835823867697
2026-01-15 17:00:00,3836.9461189577023,3.3379948095379866,3.601632243526825,9077.384463365375,1.3617089218318874,1.8702441676665753,1102.4967631440948,19.327110233825184,2.9593654133555582,3.1895965899812078,0.5504074785694631
2026-01-15 18:00:00,3905.878584814064,3.424358153226471,3.506032719629763,9030.059957964115,1.4123577256234443,1.8368702446385141,1105.3288052976413,19.095221612405854,3.1205662486623265,3.1280630491163963,0.579295549465201
2026-01-15 19:00:00,3810.3415241938624,3.3354728279096957,3.4711394837986633,9029.078870389494,1.4001795732595688,1.8099768384579162,1100.5238805252402,19.15958012984096,3.243872573507085,3.1409546303530127,0.5716089298268953
2026-01-15 20:00:00,3884.6942790357443,3.4118438859781204,3.655452949414994,9024.251093603647,1.3983292604942021,1.8315794390116855,1110.707618138337,19.324966795929456,3.1029519662935914,3.079042813380003,0.601941210186481
2026-01-15 21:00:00,3842.599019516179,3.4159632269342395,3.620893758049231,8932.236869856608,1.4642608850481496,1.8918202197696963,1095.5915776682286,19.5157951535493,2.949923238547043,3.1028832335996936,0.5360509949113423
2026-01-15 22:00:00,3833.847559103735,3.3331960629108885,3.611178683736927,8985.255760505977,1.405655906493807,1.8877443491547392,1098.9921989498282,19.26965528489896,3.1009952398635496,3.1199270939011337,0.5982611902968862
2026-01-15 23:00:00,3869.386576344745,3.304438795812214,3.5793664933228557,9100.716114624358,1.4163603449141269,1.8571088954865909,1100.3178787536197,19.749723495263844,3.236544817838625,3.1212013045884577,0.5870164167328586
