记录时间,RAW_FEED,窑头煤量,分解炉煤量,KILN_SPEED,窑尾烟室温度(℃),窑头罩温度,C1出口温度,窑尾氧量[%],ID_FAN_SPEED,主传电流,FREE_LIME,化验备注
2026-01-01 00:00:00,362.903551798043,35.090037141500844,31.325507122723945,3.605343064466876,1076.1283605759093,1372.9244871641797,326.8377987315364,2.34548071995168,860.3975108082411,614.9097356563224,1.292759534730068,正常
2026-01-01 00:01:00,365.8939952332082,34.859032813097635,31.199136700221043,3.620759373465969,1072.7205927648733,1367.085824033461,323.1190036922962,2.408093305114752,864.2574152082683,615.5512575408302,1.1878753785660017,正常
2026-01-01 00:02:00,365.4223174809214,35.08399838391168,30.706598053813615,3.6237010056809598,1080.9762573946239,1376.6058766685885,327.3742912673442,2.4456144394686326,850.1737821045233,622.2220095812725,1.1625432808019676,正常
2026-01-01 00:03:00,366.1341100470152,34.734256432797594,31.381854077840572,3.62449655037843,1071.1555621369905,1382.3378105179986,325.8516791034419,2.4938754406086985,859.9243087637649,622.1223743002341,1.2785691136357935,正常
2026-01-01 00:04:00,365.11243053243265,34.90065013255309,30.77201148338717,3.5994577014668807,1086.4965836065273,1382.9612111410197,325.1120134079452,2.308347184378761,846.4967022005764,618.5167964409661,1.2481772401863587,正常
2026-01-01 00:05:00,365.8006180740594,35.071370290428355,30.985770935820806,3.599549425440167,1095.5615937605432,1367.542830627612,326.79843907108676,2.3869603995774358,860.3187351755262,611.7730342164699,1.1656869716922502,正常
2026-01-01 00:06:00,366.75183816173313,34.49550904982649,30.77935321989671,3.6148059156041086,1075.7285993309756,1389.2738799595904,327.8895751009415,2.4392381523927695,854.967697571466,611.651033630588,1.2189227874938966,正常
2026-01-01 00:07:00,366.53876891522646,34.868273680614315,30.869657253639605,3.56757845432822,1081.688212129168,1375.0045499208927,324.86234301267854,2.341001855657036,864.1910675300923,622.7335149950186,1.295879175897218,正常
2026-01-01 00:08:00,368.4413481112201,35.33433786741973,31.140891775453767,3.6083617455717834,1092.4197342190298,1376.2681853979484,326.0263016976921,2.339562437114033,864.1377888392936,625.513591213012,1.2953873344662625,正常
2026-01-01 00:09:00,367.4114653913213,34.83342515040508,30.878910124048144,3.6259788251852894,1067.5404839391501,1368.460435545648,325.66039329439803,2.4349184594587383,857.421494446997,603.5674627304478,1.2682355201613114,正常
2026-01-01 00:10:00,367.1420638226908,35.093470020770056,30.74882719822291,3.6099085075679715,1074.7012990647447,1376.1736103796181,325.91740496015194,2.5317206241721966,853.0219774993994,618.6997807377279,1.1626165045912538,正常
2026-01-01 00:11:00,366.09160420904317,35.02244660411887,30.820161441633093,3.598006940704996,1075.6043772083137,1388.177114893308,325.3690469512043,2.201459081053172,872.803086907373,605.301399381575,1.3678943973688442,正常
2026-01-01 00:12:00,366.79872662959735,35.20421739204071,31.031870438529296,3.6198820713440254,1075.4174428084957,1369.0276930203993,321.460323885821,2.29774923900572,863.7592407296828,623.5784083093473,1.240035058588059,正常
2026-01-01 00:13:00,367.48892912830223,35.10119216777075,30.83703630850821,3.6169643783099117,1081.5944992779187,1380.8209913325713,323.8269987792354,2.3113630685357887,863.4082978190328,632.7048320376423,1.200745487527517,正常
2026-01-01 00:14:00,368.0693320654688,35.206580869587455,30.63207157616431,3.6077143766914923,1077.2366783804553,1396.630489565372,322.0819073524997,2.2217651147156126,857.9413050125647,618.7781574856625,1.2406290349195597,正常
2026-01-01 00:15:00,367.1441637556135,34.9479836831434,31.485312935163723,3.6304661629651336,1077.8797455778567,1382.2224529303865,326.4774391881702,2.2776053081808407,855.5263666529394,621.6968453478113,1.1233354649272174,正常
2026-01-01 00:16:00,368.1589782259218,34.9538250242181,30.99433340638222,3.5717296524987385,1085.5456983350657,1385.6885525948608,324.9317224059723,2.338564861816688,860.0678488450628,631.8850244098348,1.3485491525614426,正常
2026-01-01 00:17:00,369.6082266218728,35.02593134751916,31.11431696241771,3.607035645203392,1081.9237567243765,1386.9111893686008,327.5122056071418,2.230265207421078,862.4137693373822,620.5024538485148,1.3216793545884151,正常
2026-01-01 00:18:00,368.3442217225006,35.15219741035485,30.4153283645943,3.617169842280756,1090.83803480751,1398.5056689208313,327.1786040497057,2.427902443194465,873.3704611722001,614.7520376420784,1.0984114056693488,正常
2026-01-01 00:19:00,367.81051111437944,34.8145439913906,31.427470160066832,3.568746237101764,1082.0118272349657,1371.531003614569,327.0858502722369,2.3820406420873894,857.5393586913638,630.7526989711699,1.3452501682110882,正常
2026-01-01 00:20:00,368.1353915837051,35.080359851961184,30.693539374894083,3.5944792802377674,1080.3605765889556,1368.0065326382437,326.67103653408356,2.354511584578986,858.2557764804423,613.6269297657661,1.2542743399759826,正常
2026-01-01 00:21:00,370.5699007509594,35.09298309298519,30.917620174779422,3.605394821060681,1085.2915564446096,1391.5989478743252,327.0489540677726,2.4054015151975965,857.6016858957404,613.4685961797159,1.3858472433466063,正常
2026-01-01 00:22:00,371.35241090276963,35.186378127949524,31.39749763262047,3.594456458054644,1089.375257961454,1395.2498923323433,324.56495851626187,2.3817307820412577,857.0171864944556,616.278875331567,1.128243335745959,正常
2026-01-01 00:23:00,368.5630243567351,34.89084117747286,31.308706209175607,3.5930684964291304,1081.9753235588798,1383.9638168722458,323.4036018004001,2.3228058268742444,868.0218971843508,631.0805719675215,1.125502681643344,正常
2026-01-01 00:24:00,371.08200143428587,34.662609154596815,31.12608249363784,3.6311984526100485,1082.2613636230772,1382.5088300423809,325.25017485170133,2.316757484480365,862.3404016213954,611.6044449347523,1.1928342912786545,正常
2026-01-01 00:25:00,369.96177452814345,35.365182244324096,30.765098589535874,3.6089360837533366,1087.127145841311,1386.8528990078019,324.8330877750382,2.2941134601009243,864.3737572762248,621.0220157412127,1.3023046836459584,正常
2026-01-01 00:26:00,369.86030799817297,35.158931261395686,30.56266575840059,3.6194465776320865,1078.803764528307,1382.0486247534761,323.09431133554267,2.523348761572242,856.1527859145422,610.6303633374191,1.2345109033194095,正常
2026-01-01 00:27:00,370.1814929770509,35.29101380282108,30.806791255803915,3.6039476417850045,1079.4428020780908,1396.6431036700515,326.1910118273796,2.440039237634326,862.5512609234321,644.2486423908058,1.273308098221145,正常
2026-01-01 00:28:00,369.7153363493672,34.734093316764096,31.181631948129215,3.612657358898483,1075.0645794749153,1381.5001529720892,325.5226253313363,2.4507224091208397,860.4238596315187,633.7454974511661,1.272353750830045,正常
2026-01-01 00:29:00,371.80550472410926,35.148806206110095,31.3724813396897,3.648738047889815,1080.019906048361,1383.8206922878524,324.44813237589034,2.30769053852146,861.8159319921352,613.1946971449692,1.1924522900645442,正常
2026-01-01 00:30:00,372.74495298573333,35.07232183559143,31.11169749273891,3.5841990074499814,1081.7956462097766,1371.0720593600445,323.40955553093113,2.4856992513825524,855.7543726220356,630.5014124542747,1.1943282932125387,正常
2026-01-01 00:31:00,371.70340501967956,35.09216761104669,30.67524737757543,3.5943167676442838,1075.1469482306443,1385.194632004765,326.1958356746701,2.4363749079585744,867.6027180789727,619.0063675558829,1.2484668138060735,正常
2026-01-01 00:32:00,369.5158744429147,35.0440278227955,30.852286009908184,3.6055243318929207,1079.6683098221424,1391.4035213303255,322.1102305720237,2.491620369929129,860.5427619511048,626.4798086430436,1.2508200695002736,正常
2026-01-01 00:33:00,372.10271616697906,35.36126946064705,31.519695690887286,3.582253713862184,1077.0032223582882,1375.8104469002697,326.18080728758724,2.2838187753057833,865.1235611903144,637.8538661643647,1.3085873341302465,正常
2026-01-01 00:34:00,371.6057040752263,34.71355802350227,30.86877907727998,3.6083139047520034,1074.5942209182715,1380.5418985730619,326.1829548840862,2.4989835520816763,867.6618563934543,613.1573896342503,1.2270330686476771,正常
2026-01-01 00:35:00,372.11849688264624,35.141054115232244,31.255350539753717,3.661413685849364,1082.061075648668,1373.1395791010134,323.1649103663818,2.458725652944221,864.3658752340979,620.7170793857731,1.2436791205864801,正常
2026-01-01 00:36:00,372.25504158410286,35.36741579667568,30.974249616482865,3.569925506670093,1085.1547760012763,1381.199981508035,324.19588476095703,2.550088875151644,851.8433429466141,611.380787113674,1.07543595607664,正常
2026-01-01 00:37:00,372.3782710561944,35.34714854008156,31.054666788663805,3.638910156936227,1080.130721742764,1382.7683261085929,323.5658305408009,2.3668656776159844,861.4523674830248,611.6980225605198,1.196126332613245,正常
2026-01-01 00:38:00,371.12437614936493,34.68219612332361,31.156110000221734,3.593540386294192,1077.5603974655414,1372.1380066672536,325.0222823786605,2.4596774495199933,852.2511377740591,627.8409658345357,1.093466802685695,正常
2026-01-01 00:39:00,372.49832954169057,34.966051323475675,31.008923550551696,3.5938781593119487,1091.5947690248856,1378.3582579196373,325.4975775682721,2.438808184726884,859.6943112214576,634.6206116834232,1.1989679031140619,正常
2026-01-01 00:40:00,372.2958394868334,34.93517167402656,31.371110832468645,3.5537615670924096,1082.8105926366234,1376.1878511792754,330.04615581209777,2.4694476755585875,868.6452261690683,630.7626545738724,1.2819787959515414,正常
2026-01-01 00:41:00,373.3622625696194,35.09848486508281,31.02832486758192,3.6140642475851417,1075.8087028085222,1375.2853594815188,324.30297375429393,2.468595041700581,863.0111738666726,629.8936923987687,1.3369906402326555,正常
2026-01-01 00:42:00,376.099185981456,34.989236561989095,30.66912053461218,3.5884026636291697,1083.2984583149566,1371.7834730356374,321.8503198823989,2.3776841641087656,856.3725945963417,613.7364893803973,1.1864071508202687,正常
2026-01-01 00:43:00,372.47333935978344,35.2117424882271,30.943350876832497,3.613582141995466,1085.1290460853427,1381.4741953950117,325.4600506336324,2.2805088255476504,867.0751939856001,621.3730083493484,1.3340434601011175,正常
2026-01-01 00:44:00,374.63405954830074,35.33477981353259,31.22872738323145,3.6224864519041233,1080.9261222134103,1374.8576650914888,324.6792133813308,2.3464987706361833,865.9796676749227,609.3785344211014,1.340954221336951,正常
2026-01-01 00:45:00,376.46306722848476,35.26156752571472,31.479081377155648,3.5834230909637785,1086.2677842599908,1382.3222462705883,324.38429423679986,2.31860623951638,860.1568055127916,617.738228473655,1.2427145917107354,正常
2026-01-01 00:46:00,373.97059277198093,34.92258732811051,31.24682181643554,3.5862113620682208,1078.6027762960666,1383.7362056451934,327.00985406796974,2.335675323974769,853.0737202941551,617.0990984294251,1.242271184411751,正常
2026-01-01 00:47:00,373.75792141191806,35.46777541389787,31.034594846368133,3.6378016809260756,1075.253100881552,1380.3653534954724,326.5408850989008,2.3901381402410475,863.8963056712664,619.373676714057,1.2124766559031877,正常
2026-01-01 00:48:00,374.8414270520157,35.13572467847783,30.995592149497575,3.6190521985734354,1092.6446443571258,1368.9049938727946,323.5236321528657,2.445116459236461,857.0867357244252,617.6522233987772,1.194265532893842,正常
2026-01-01 00:49:00,375.2792571585845,35.26273807847555,30.621677704927013,3.5924742831364305,1083.2731705535589,1384.2073049630733,325.3384536920696,2.5365574963010844,858.1535319678882,627.2310371406309,1.2279002540463537,正常
2026-01-01 00:50:00,375.62054509110834,35.42202039280669,30.534381380983913,3.6079908019693003,1085.0948070073377,1383.8015150989947,324.202934846174,2.3742619038650634,850.9537256760314,611.3837977019526,1.3298607836308278,正常
2026-01-01 00:51:00,374.53686649137063,35.29935140031161,31.263071672197615,3.647408348245771,1081.4076120273737,1379.129626579702,327.4272734502572,2.546920232639317,857.8255882199012,616.2301665703577,1.1923607190250352,正常
2026-01-01 00:52:00,374.3752275908867,35.332993831339785,30.90011961141626,3.5427731764814867,1075.4457168227855,1376.4515946189033,327.34020115393264,2.4527117056726455,867.7572641488392,600.357486337821,1.3549936006440866,正常
2026-01-01 00:53:00,374.7771471216341,35.677201219962406,30.89755274018081,3.595990399190987,1084.20915808548,1377.61711394694,325.5125839544312,2.382387347392121,864.7414340985603,615.6019165817004,1.297134005598689,正常
2026-01-01 00:54:00,374.41009337445576,35.08126201695686,31.230104266980266,3.559747222154249,1072.9068520161422,1371.6219856196549,323.86395172606586,2.4355980341218872,854.6601422961563,624.6813072683962,1.3082882205756772,正常
2026-01-01 00:55:00,375.9932369170699,35.22483105555142,30.88042856643411,3.6133305839327434,1075.392642444226,1381.6840762205154,326.96609510317097,2.4541143194865747,858.4343294532531,622.958616238714,1.1775709738164075,正常
2026-01-01 00:56:00,374.4220763035417,35.15897231044629,30.99258465529516,3.6367664005286366,1080.5772333655177,1380.665639342804,327.4416928904431,2.286426029644856,864.4971994506841,616.9841393978667,1.384852489470601,正常
2026-01-01 00:57:00,376.2875233942574,35.31513544274065,30.908600124780065,3.590272842085408,1091.5941372923505,1381.889640182433,327.22720724755254,2.3488159835604945,860.6767334815158,612.2082047920643,1.368769458647932,正常
2026-01-01 00:58:00,375.8151626553699,35.13455580534146,31.28445959446512,3.5890239645838387,1080.6266875393521,1382.6014462137564,325.2637030997851,2.3709472783477357,862.4941013259161,644.9965037055592,1.2747246336930405,正常
2026-01-01 00:59:00,375.68530878140086,35.45570829334126,31.290134936823442,3.545750331901975,1079.6980810376313,1383.9511182079223,325.1213289407354,2.4342951962236623,855.053336998635,620.1933538460321,1.170150688693006,正常
2026-01-01 01:00:00,374.53820613055757,35.523068150053014,31.14074407708806,3.604098986914004,1077.9237358120315,1377.3617675657915,324.28812383037206,2.438680976567033,853.1182941063721,616.4214140451811,1.1605230827731003,正常
2026-01-01 01:01:00,377.3967619178363,35.31386746058021,31.084246034090857,3.6173602544370054,1087.5841072309747,1374.377931389263,324.81019198742814,2.3492552224081464,855.7668116455945,623.9950533510887,1.2356773477983118,正常
2026-01-01 01:02:00,375.6632880174454,35.24346915504476,30.666000313503936,3.568038688082805,1066.5565477941475,1377.562326167258,325.88115053729825,2.391179538800817,858.7479369152122,633.9862509849486,1.2180491365249762,正常
2026-01-01 01:03:00,375.36503540397393,35.41862647104581,30.96309496805816,3.6210388507227758,1078.3246802056879,1395.618180896593,325.79804163835917,2.567766136232839,854.3158380991932,594.0178921770696,1.2578412096793217,正常
2026-01-01 01:04:00,376.5547296414902,35.38541102830021,30.84814793490347,3.586575157161888,1082.0295305185084,1382.1344734353654,326.06837510585916,2.395664800091491,859.433010171713,612.257537689859,1.1817593454702717,正常
2026-01-01 01:05:00,378.02569426163444,35.301448565419015,30.389063945594987,3.586574436838019,1078.2082071676712,1370.0179535451368,324.18222351917217,2.2056024264155285,868.2723612206635,606.9228845397238,1.1648090657164023,正常
2026-01-01 01:06:00,377.31829541982,35.23416514470172,31.00273926539667,3.589575674465118,1084.284145830244,1388.3473751694523,324.450590864868,2.331243095429052,855.4185217952988,628.8383937563384,1.3164161071395006,正常
2026-01-01 01:07:00,376.58833834609163,35.60435519767832,31.16604246660785,3.6259530190181324,1091.3791318311678,1374.2514786523366,327.16000956092716,2.383812623157069,857.8070816976795,616.6328458032992,1.3647088235313083,正常
2026-01-01 01:08:00,375.02391549450846,35.19325056348979,31.421571830947173,3.6347455735202234,1075.0925906477405,1375.0198207555231,324.8887394833202,2.396790897148666,856.3885885776654,616.8748434043769,1.1951152855652145,正常
2026-01-01 01:09:00,378.75606195047715,35.24352881561794,31.089847112468263,3.6296352957633884,1079.021781171279,1361.4068147944695,323.7450681471822,2.463055470271089,856.7610286952013,628.0801850417955,1.2137275392460132,正常
2026-01-01 01:10:00,378.39705458188837,35.280729742868225,30.7723989838528,3.6019209695344574,1081.2959784242353,1369.5374061780312,326.1817860421623,2.4729806261869793,856.6443247576215,620.6796113202432,1.317030486223636,正常
2026-01-01 01:11:00,377.0297372870587,35.45926109505753,30.85109266803661,3.564088897652698,1081.7469329058172,1391.792015620962,325.5760930212598,2.4236982288549638,861.9302923966651,610.3516202914358,1.244643624422655,正常
2026-01-01 01:12:00,378.02828148938045,35.18706469751716,30.83323332353529,3.603764630378986,1080.371506631511,1367.2938582753754,325.9178975762205,2.4221862011317836,860.2476658672433,612.5603632628803,1.1648016070944887,正常
2026-01-01 01:13:00,378.0074741489465,35.49611483964028,30.965740196247058,3.509937476624573,1076.0136943841694,1384.2220906984357,324.53218476342295,2.3249738013484422,853.2275877669902,618.3752502618419,1.155534100429739,正常
2026-01-01 01:14:00,380.0904913223571,35.31950126514569,30.763842697343946,3.593453050967882,1080.230355532413,1389.9011194467205,327.28904482926066,2.2458936916933125,855.0324377183252,622.192220278465,1.2944794402588937,正常
2026-01-01 01:15:00,377.8720555312558,35.06689782822016,30.964561825281056,3.592652555155969,1073.5578596980517,1382.4917181761928,326.3907743067309,2.416165973648745,855.7942194769921,635.7573673063457,1.1457541077688826,正常
2026-01-01 01:16:00,378.9790799076752,35.35304806757751,30.712077635769003,3.51833011686363,1082.7947052609156,1370.184056062227,325.69467604948915,2.161632156525273,863.9067883920316,618.6589643198365,1.2079015574952119,正常
2026-01-01 01:17:00,378.2149442773117,35.57488893001808,30.832084570822254,3.5813020574533176,1074.4237483931847,1379.9253814331485,324.80946024354387,2.3663527731366902,858.0911060994806,614.5491458553198,1.1846676739683326,正常
2026-01-01 01:18:00,377.3043144602894,35.29129695675203,30.679331505420322,3.5685193646495574,1084.9470068348217,1378.1451460562007,325.6872236087288,2.385771142494455,860.2789053243117,629.9135518543459,1.0817618165822718,正常
2026-01-01 01:19:00,378.63950398778275,35.555871153694,30.894206856554607,3.617183274739925,1079.6952496719784,1380.1295334361525,324.94509577342683,2.5446113727873163,863.3494694140121,625.0700314583793,1.2159553696514245,正常
2026-01-01 01:20:00,379.24146558626387,35.20355716082289,30.60194993253481,3.592250012929766,1067.1111102095763,1387.8484557679885,326.8301868692484,2.537110547820189,859.4756377750655,629.6006156963113,1.2334829414767787,正常
2026-01-01 01:21:00,379.7448035570233,35.67493204881994,30.8514792114476,3.5671406633659326,1082.9694263845486,1394.5311439428785,326.73584875763953,2.4541135725772767,868.049658282018,618.5830708171108,1.4312211821667988,正常
2026-01-01 01:22:00,376.8976551379422,35.448097649889746,30.817831632250513,3.6308679486514435,1084.6962211639675,1387.0847113741138,326.26991058179965,2.5861213838938566,859.9617511087558,612.9149727694353,1.2855082440204821,正常
2026-01-01 01:23:00,379.6505441970873,35.34075374785897,30.87698662440559,3.5992775603075486,1078.0340287195102,1375.0501025082192,325.297032233457,2.3223839516606106,861.5259414588414,618.0326884603793,1.2824186774381334,正常
2026-01-01 01:24:00,380.109085347306,35.745621601644565,30.945352363279316,3.5894520496388247,1076.7370378569638,1366.0278789499564,324.2334447189455,2.3798139721342895,860.7349958371337,622.399847225822,1.1928451184622906,正常
2026-01-01 01:25:00,378.4499366442181,35.635140626730305,31.25635737897556,3.6371702368578744,1079.8678297873,1382.6775579709847,322.3083890284121,2.384038150223392,863.0753122068636,632.6991137252088,1.109060686052185,正常
2026-01-01 01:26:00,378.8752294123564,34.978200738126716,30.999805640944377,3.642631088186137,1086.1059371335054,1368.3881550193414,326.0120277603467,2.434595627243051,866.5824524192567,615.9161256937728,1.2214070872471694,正常
2026-01-01 01:27:00,378.92393991910257,35.278855331344324,31.102697564956255,3.604389217440948,1088.792994038145,1380.5744635285444,325.6541777897377,2.418868477618019,857.5056390081065,622.1358707033089,1.1658938168419715,正常
2026-01-01 01:28:00,380.4777213729024,35.55956810696072,30.70679092249685,3.5976613163827875,1074.3344165637427,1378.6391403617702,324.0851766104144,2.416676487683218,857.0930943765235,623.5721454117598,1.2241350761654606,正常
2026-01-01 01:29:00,379.98713318860206,35.37657656547399,31.276736530732418,3.5354381506074546,1086.4723820909844,1381.7069283882172,328.78156447683176,2.4793360266479088,859.3215493867364,623.302798302077,1.2451766970330775,正常
2026-01-01 01:30:00,380.7541328149519,35.75270333439666,30.829722541614363,3.577705644202176,1080.191323415017,1392.8812099650147,322.44481009296936,2.155163839640074,864.9284596240935,601.1478441470491,1.283268688258486,正常
2026-01-01 01:31:00,379.08675898492595,35.104431052130806,31.374215225082075,3.5901870465683636,1081.2419280441989,1387.3747648448305,326.4119358971759,2.193730886778193,866.0485562441619,629.0784629482001,1.297178586234199,正常
2026-01-01 01:32:00,379.60526122129033,35.475525765699125,30.765496054539234,3.5861060063593686,1083.4862965469779,1379.75375527538,323.4077242544446,2.4514156147007764,854.0988543871919,616.0866074603734,1.3009748207005158,正常
2026-01-01 01:33:00,380.0466294549635,35.03797919781731,31.143221291823245,3.5848539236335255,1074.0526423395129,1374.1478509322815,326.5265686558802,2.335839486918182,855.9974173719206,625.4101209611322,1.3242316226884894,正常
2026-01-01 01:34:00,378.97611830701,35.494133008608955,31.43379122464964,3.624041405166183,1072.33295751962,1382.478097285895,325.7173475652527,2.526146723370731,854.2851552500971,614.3703335042065,1.1564995548841999,正常
2026-01-01 01:35:00,378.34935628644473,35.51451085003976,31.150365871296447,3.6646395610491878,1067.8416960491445,1362.2202247909722,324.7113834315911,2.3245588569972324,862.3390755630594,602.3559408240641,1.2484920516526736,正常
2026-01-01 01:36:00,379.98715212270355,35.41613642086896,30.511598446015267,3.6220289863649833,1084.8699972652578,1388.2815262057027,326.20623589115223,2.521621734699725,855.5187878094423,626.1249817896116,1.179070790973533,正常
2026-01-01 01:37:00,380.75211676985435,35.41712437697854,30.815357118056966,3.6268454835203174,1077.8945099822045,1384.3869142385547,323.4815800979596,2.298728966736363,859.2686371994818,609.267759586459,1.310897596269269,正常
2026-01-01 01:38:00,379.75234260238227,35.34584835219037,30.609983973120727,3.653568081727016,1073.4326009103029,1377.5293849524223,325.1417951361063,2.4288890920848027,862.6158437377277,615.9655225043929,1.3765525079949557,正常
2026-01-01 01:39:00,379.3932882734117,35.3589794751179,30.461814416216967,3.6328982817743056,1071.6580460911955,1393.387577811842,326.3849721275783,2.377279025637942,861.9641129218721,613.0025158677633,1.2638279654025852,正常
2026-01-01 01:40:00,380.21221323300665,35.27179545733964,31.474868669732363,3.653580475248947,1069.8140090957122,1369.7903608804806,324.0842485817822,2.4918364983143775,859.764098411153,612.5459386706125,1.3729053839812604,正常
2026-01-01 01:41:00,380.28354649582974,35.4247790147499,30.884473105353155,3.599055794890449,1078.5719041528623,1378.6135500017185,326.4593682052492,2.4657423635364144,850.8965918726635,621.2662619779014,1.3171802136674953,正常
2026-01-01 01:42:00,379.27021345990255,35.41934940200123,30.888270842877827,3.621551328902018,1072.996218072698,1379.4990272636546,325.55545814549487,2.2169609847694263,859.1560325885413,609.6107665434353,1.2436518099205807,正常
2026-01-01 01:43:00,382.64225548774965,35.34538376627635,31.037168165527444,3.646519317144835,1076.6947079509055,1386.7538918455862,327.8334687745331,2.3106646893139864,853.0612427765245,613.7738223445558,1.1894665421877517,正常
2026-01-01 01:44:00,379.41814588599004,35.35696046924104,30.97991223733308,3.5507879269868874,1072.4962351117413,1383.140416055888,322.1598403943615,2.4448231547125556,866.5148112229393,615.5376250256568,1.2113469964045525,正常
2026-01-01 01:45:00,379.40953886203744,35.81722898656501,30.957957328243605,3.588120592556212,1077.1650877620311,1393.383293016295,325.61048383152456,2.226702037992634,859.5702672302599,625.0599708662395,1.1767588273368998,正常
2026-01-01 01:46:00,380.9274874504388,35.11474054086754,31.018719873012312,3.620097867354282,1078.866173601556,1385.9271048012765,324.6803779128256,2.416010140226762,853.9103794892674,611.6917102597766,1.2374271688046918,正常
2026-01-01 01:47:00,380.19796526499465,35.43250015010237,30.855210050103807,3.591382612211092,1086.2647559960365,1378.967335281299,325.16298130791745,2.4540642726651964,854.3558808776287,635.5989317032919,1.24959624833055,正常
2026-01-01 01:48:00,381.4207089408,35.741520224770426,30.854056885552247,3.5740441369312075,1082.6711269133186,1377.1700948739372,323.12903559706155,2.4330954134910874,861.0066674078374,606.5381934239608,1.3769139008509361,正常
2026-01-01 01:49:00,378.21311751574456,35.47630850803727,31.2610834287264,3.6182822784231043,1086.2249471084288,1380.4560074416322,321.2993242980258,2.351605958403038,865.387794097734,606.5670766742489,1.209255084664922,正常
2026-01-01 01:50:00,379.98941028435274,35.84850005628209,30.524839217625388,3.5861314303119403,1090.001195977638,1379.6176373405453,325.49758916510405,2.2813996885796155,859.8101049767121,616.5152844617996,1.3553732844611384,正常
2026-01-01 01:51:00,379.00185539504014,35.22554592144944,30.607146727577774,3.5641658604289295,1068.617831008941,1368.5795354831675,321.48648869761496,2.4972849378558437,855.0984402023972,629.5910013793999,1.1578525496106489,正常
2026-01-01 01:52:00,380.3959510102764,35.52978476038077,31.037706480603845,3.5822431662599263,1064.3022343106068,1369.2022041286127,325.01962410436255,2.2204123197983163,854.3886753467998,629.4596766758943,1.2397900689226993,正常
2026-01-01 01:53:00,378.59975728366504,35.09162687155715,30.962185982039657,3.5783139228998833,1077.7630348323476,1402.7443434146207,326.2970120132583,2.320920191193715,861.3225008847783,613.0257727407709,1.2660374267774521,正常
2026-01-01 01:54:00,380.4894343625366,35.525953142756045,30.916842601603143,3.644338971509443,1079.708998620631,1377.337371804019,321.89526082423225,2.431771549402926,860.7105996300857,617.0648903674885,1.407875783940386,正常
2026-01-01 01:55:00,378.8561587154948,35.07315628669081,30.661957478080176,3.60007725471232,1077.626513537809,1395.740260542108,327.5649937256048,2.4005555881753304,855.2256554733636,614.9626872202437,1.1906082154990076,正常
2026-01-01 01:56:00,380.39681739321645,35.610804111667804,30.813876928503397,3.613335517053878,1078.4525724312523,1387.3413012725896,327.1815780250102,2.4231480867481197,859.4625189392889,622.4644128962411,1.26740200753224,正常
2026-01-01 01:57:00,378.8166258069576,35.39331239400366,31.20531044012394,3.5936005626844265,1079.5707585972687,1372.5785452117073,325.8538909328184,2.438731842044394,863.5469983402271,635.7830878134833,1.3022002304383447,正常
2026-01-01 01:58:00,379.5991406162151,35.54329183003584,30.810716242126244,3.5536481154605593,1085.1937269109142,1376.3006845330965,327.40901211923466,2.364339941441577,851.8176026246972,601.5169036963509,1.144228461310722,正常
2026-01-01 01:59:00,380.25546731281196,35.41555210205485,30.733566651274952,3.572061524786006,1080.6832945137896,1367.893954334807,327.0071168938937,2.4714310335677863,859.8854104687914,614.3525038515769,1.2178535205188146,正常
2026-01-01 02:00:00,380.2334040712752,35.39389200848155,31.181222037060408,3.5585151087626,1075.7639604367266,1385.0716547961836,320.2215638951806,2.497651708325196,859.49456843779,613.906079063605,1.303887465702293,正常
2026-01-01 02:01:00,379.8041607203152,35.607200827276856,30.876631495838783,3.6073302370343603,1088.1798743922247,1387.0983247393087,324.99690502170273,2.3034986597327687,857.39570466978,629.3286941551959,1.3673232679978355,正常
2026-01-01 02:02:00,378.90218868933476,35.34111441659498,31.062670543912777,3.639730057410674,1079.5713509876364,1369.7718759455395,327.00270383226734,2.4093069721168576,859.7642207996946,620.1833031460695,1.0963477358657419,正常
2026-01-01 02:03:00,380.1718419290425,35.47060761299558,30.873073549201685,3.6051299767165004,1070.2723751069877,1378.574201957605,321.6421333733116,2.3285129208486,862.2710435752566,625.7639638683895,1.2336879210483245,正常
2026-01-01 02:04:00,377.0770742564066,35.455276711650434,31.355589488826787,3.614747099324713,1073.5844776154386,1379.010379076844,325.3332983539197,2.3381194011883726,853.6118436044726,623.2479531860351,1.2877878913120346,正常
2026-01-01 02:05:00,380.73711870167534,35.374927847762265,30.731961125654053,3.5663811167641097,1084.1053525096438,1378.4595632674889,325.271506118157,2.2445682635209514,855.2175844473286,622.017672264516,1.192030438458414,正常
2026-01-01 02:06:00,379.91873560245637,35.10968666378568,31.013849190466907,3.5696400232703125,1082.9839034004774,1380.0063026686869,326.3210179832706,2.3929757471261857,862.9546203414196,619.6380228433022,1.2043361230155998,正常
2026-01-01 02:07:00,379.96531814089883,35.37032678847329,30.83857140522182,3.6058360208293054,1074.0982963944787,1373.0325432861503,324.7888564500163,2.517460386410864,856.0526358118523,619.134556042356,1.2181806163058748,正常
2026-01-01 02:08:00,378.6256281627635,35.42712609054449,30.85687710517748,3.642275988475787,1061.4416367701563,1384.9002314041034,328.2590787428724,2.3803620302221105,857.88016161368,621.9068715944103,1.3241318958029655,正常
2026-01-01 02:09:00,379.737172647926,35.16621096612442,30.97374274163748,3.5614150176319157,1069.212681334786,1389.0761750611732,323.43499408738154,2.3614449502654025,869.8754678691021,612.615608710531,1.2356811453475582,正常
2026-01-01 02:10:00,379.13173708238594,35.16593824373461,30.689273470969066,3.6341969631079003,1085.0158709469963,1378.8454269643278,324.450941254568,2.4645111967282216,862.4873973551939,615.0690295279524,1.3400928696348378,正常
2026-01-01 02:11:00,377.9850755636762,35.36594038893981,31.08916748397994,3.6083704602724853,1083.6494089530177,1380.8351782116592,326.80108393918357,2.4128203511411157,857.9022393311005,628.09617613829,1.208812382220294,正常
2026-01-01 02:12:00,378.6029344622255,35.296255878182286,31.047944980429065,3.7167765476590016,1089.2791193928972,1375.394307791964,325.67805511017815,2.265360865407255,862.0948411803743,626.6193956651119,1.1996315436100922,正常
2026-01-01 02:13:00,379.5910774153749,35.389395170444786,31.003699898877137,3.5498229147326246,1078.0989096234932,1369.8682588285567,323.7907578644703,2.374850972326035,858.7941883054558,616.0079909847589,1.1761683262232752,正常
2026-01-01 02:14:00,378.3422206876646,35.05379844585689,30.983670534204276,3.5550119320084828,1084.6547169718176,1364.858159100149,323.24246700808465,2.333107616676741,855.1443386921462,630.1135606046662,1.171670648946882,正常
2026-01-01 02:15:00,380.55641189658013,35.36192657154422,31.290857564240312,3.6025230634141536,1085.6043084050536,1395.5396278221197,324.6159829780135,2.64765561993923,862.5732611340335,625.5662343002441,1.2392130056963981,正常
2026-01-01 02:16:00,378.0956586665529,35.352256314952264,31.13909258987397,3.584294856842044,1083.6968865434533,1373.3540662685903,323.65700645129397,2.573974434128238,860.1220578593014,615.0291079236949,1.2630684883250736,正常
2026-01-01 02:17:00,377.84904763240417,35.16266923027486,30.981315157517272,3.5868686486139367,1091.6320373579272,1391.4496307867962,326.04819924072933,2.2560305822367908,859.9249288856885,619.1437108081232,1.2869586560638666,正常
2026-01-01 02:18:00,380.0100929868811,35.34019108668211,31.06252587169123,3.5902438401992187,1085.136388948645,1383.898358653479,325.12971986688746,2.4109147290992445,858.9223745493538,618.3527765941187,1.248321198328897,正常
2026-01-01 02:19:00,379.68464385523885,35.45816517599672,30.863452958075587,3.5944107193320307,1077.5566887849782,1388.3500270627649,323.17055598610125,2.4170589278916856,855.7242002551094,615.897935462916,1.2924584649774067,正常
2026-01-01 02:20:00,379.41865130929045,35.66064440407282,30.907356161566465,3.6121391534528655,1086.0438940021263,1386.7816157431123,328.709163408216,2.355452998418774,852.6748143369033,612.2679563559657,1.2934445008114468,正常
2026-01-01 02:21:00,378.70312931364066,35.79428523589439,31.677786407937948,3.590557890902461,1073.0115646166041,1388.5679769302076,325.3168353698491,2.4391621504077357,855.0509295088873,629.4750411414168,1.2311011902722675,正常
2026-01-01 02:22:00,378.60230105138703,35.168491365960755,31.023457601667136,3.6152744031700976,1074.1670840557267,1356.6442908905185,323.836977958873,2.3682112840528364,843.5778185221561,613.9909801537767,1.2108237573236025,正常
2026-01-01 02:23:00,377.33803518731474,35.40124981478529,31.583673726450353,3.6135260829608113,1085.4615176759844,1388.3682303480819,326.42791575357114,2.536411366028977,859.2211570313152,618.861328307085,1.278740655670537,正常
2026-01-01 02:24:00,376.69953018417857,35.10795930245134,30.78396809605953,3.6143104620570417,1077.0333014744679,1382.2692250227797,323.6987645199335,2.29952727174572,861.5245603733281,615.8710826664461,1.2866154646744326,正常
2026-01-01 02:25:00,378.77734705121327,35.37152269946136,30.8992902399039,3.6079738072936487,1083.7219740833618,1370.644982009153,327.2536864337081,2.2308539040756785,859.5552100462404,615.3738023350056,1.3342132597126601,正常
2026-01-01 02:26:00,378.09499933700755,35.42437650757545,30.847551523453298,3.640176071386805,1090.5410313020182,1375.7097863921972,329.43445381621603,2.373778387841227,867.0642163001096,625.7514300337156,1.3598131767304906,正常
2026-01-01 02:27:00,378.21489198140347,35.46048681771428,31.002986394543456,3.610095945004261,1087.0702478005908,1390.866165414515,325.63055183144354,2.41078994275798,861.0102479692633,613.0390396289009,1.2793359939726783,正常
2026-01-01 02:28:00,376.98462707386255,35.141031518009754,31.00493176387176,3.6086455744346657,1076.0132658055584,1383.0448941733418,323.48336842555784,2.2559446731476362,858.3078255046222,607.4581103582627,1.1041214519592633,正常
2026-01-01 02:29:00,377.99143350871645,35.150759723231424,31.320081955396184,3.607464921497327,1087.2563827081583,1387.4230131786044,324.3401557023149,2.1664088449418197,860.0303069413687,629.6178281248847,1.2614693140330318,正常
2026-01-01 02:30:00,379.2143678164108,35.718407907748436,31.278510003499427,3.5668204047448864,1084.9336600538784,1371.9068396240154,322.7784950354947,2.4256748795500687,859.0321078204306,610.1049106071678,1.3403197493297851,正常
2026-01-01 02:31:00,378.10631107109356,35.49100733441858,31.323938133382452,3.600649610417788,1078.5152273825477,1375.945867136161,324.9716990340763,2.426628910335289,867.5605944035233,616.1304283110691,1.1661219100780051,正常
2026-01-01 02:32:00,377.2412365089776,35.32119092298339,31.120327954673996,3.610217541679622,1084.6491855923384,1373.5229719020815,322.8549272235764,2.333341321296343,855.2284958940803,622.0547919915855,1.1221295313304773,正常
2026-01-01 02:33:00,375.37149690101194,35.37360881424587,30.92485679213423,3.6168643778933327,1081.6373091381092,1370.5519584154638,325.6256072789361,2.2068190879294862,859.0777235733104,616.8475199041098,1.1867275623876854,正常
2026-01-01 02:34:00,376.0630236892149,34.98990461751034,30.87733248968251,3.583398719020305,1083.0526778628446,1384.249270605555,323.99187010961754,2.4524951769153978,870.3185533829311,620.310318282162,1.283097123605783,正常
2026-01-01 02:35:00,376.5299050609422,35.218649320471926,31.31856142065862,3.5939649733235184,1072.2251580677218,1387.4443117477374,326.5196495417054,2.4822882079613473,861.1011993099544,626.9265503541218,1.3301319330248595,正常
2026-01-01 02:36:00,377.90977675879003,35.22787016395163,30.98917482496336,3.6184380504161013,1075.9120149698595,1371.7911904000175,322.3233953038328,2.3471134539481002,854.0998016945863,614.4319030933739,1.2226878786096533,正常
2026-01-01 02:37:00,377.4076570208221,35.17520918557081,31.062873129262268,3.5723662286400977,1078.0285272384979,1376.1219788954372,325.9406148182337,2.299548473764424,863.3064695143364,621.8894568130028,1.3535534363649655,正常
2026-01-01 02:38:00,376.46984820296865,35.35842287563555,31.18855896036999,3.596875789746727,1082.10869841254,1376.7816549729057,325.86331894174646,2.3382433060091774,859.2932213991336,614.3061727124042,1.25915535799534,正常
2026-01-01 02:39:00,378.47277672954095,35.157096015991165,31.061848978470355,3.6132588104611436,1081.0694938330314,1390.2409712890149,326.42701243280175,2.4368523980846413,868.1944167811254,621.6281461933229,1.3304746246397323,正常
2026-01-01 02:40:00,376.81026348224293,35.19280287019919,31.08440827883332,3.5954120877235396,1072.8892710693433,1368.0816987921812,325.0495285328985,2.5060889458559097,864.8822051167714,632.8485610240444,1.2932124361743946,正常
2026-01-01 02:41:00,375.8899326039017,35.19345299993119,30.769538955901382,3.63324315177207,1076.1299017150968,1369.363736925991,327.2158933957687,2.4712056558419024,867.6151433904514,608.964903521671,1.276518865055312,正常
2026-01-01 02:42:00,376.5279269552023,35.18547873847008,31.22716756236398,3.5890024937100975,1080.0735091933636,1374.4673905557515,324.39349620525525,2.29628502230246,860.8490204403126,623.9782107078303,1.3361565292266167,正常
2026-01-01 02:43:00,374.7792602142782,35.60293482265082,31.22776429252109,3.553274957449014,1082.7496259606335,1370.0607787523588,326.009860310039,2.4370095039940627,853.7710038006354,620.600728527699,1.1959286321408764,正常
2026-01-01 02:44:00,376.01783484502675,35.09240232762547,31.274834004841573,3.6773862738757637,1090.1990045558373,1383.8447753296325,322.3461696904181,2.316654889940904,858.8326196879661,614.3470503375444,1.2956367182668511,正常
2026-01-01 02:45:00,374.4564541837677,35.23942528527158,31.396449806466173,3.576629279331678,1084.6777866684265,1379.9033936245885,326.5989252469694,2.4768230042626103,862.093535094205,617.6464979899239,1.1734855019319232,正常
2026-01-01 02:46:00,374.8684096229217,35.209697342782306,31.146560762724583,3.6573538596250716,1075.0547698696944,1371.6889742928165,327.0116032768929,2.3382465821596687,859.4100135345328,612.3679996151394,1.2261946163409099,正常
2026-01-01 02:47:00,374.80257179085385,35.00230278406106,30.937581955417457,3.67497284107708,1098.2769717106949,1384.9206380122132,323.4409827608399,2.3042403718678384,854.1399709351606,627.0029672712136,1.1647514195985738,正常
2026-01-01 02:48:00,374.8139352344385,35.396339185937784,31.00081869389898,3.5671899369968165,1083.5785349965229,1394.545459980249,322.649177103041,2.44666165875387,862.5339712774932,621.5173670742494,1.17872639343681,正常
2026-01-01 02:49:00,373.44385134816923,35.3560425737722,30.863496532004767,3.579747021879977,1078.75829267374,1387.6911365376316,322.3700375012018,2.3782232485273505,868.7073556241536,610.7505906209219,1.3800323909467018,正常
2026-01-01 02:50:00,376.80278865868604,35.20664170379619,30.8093292835409,3.6186071961906285,1077.312870998959,1376.4719152957255,322.4585639100547,2.463515133148614,863.3844272670896,606.8815461320377,1.2326119580457848,正常
2026-01-01 02:51:00,373.1244549237324,35.11174645022807,30.834116888767884,3.598404414932503,1079.3101340106675,1377.3004038845522,324.9868663933304,2.368263936457704,863.6085241749695,610.1846127551905,1.2598125421904123,正常
2026-01-01 02:52:00,373.4431704673089,35.02325572138522,30.58498522063474,3.6302606971284948,1078.9777913935013,1371.479889240123,324.32720341536077,2.3969460997828596,859.1497003968319,626.0297235089193,1.299932328046075,正常
2026-01-01 02:53:00,376.0799526742075,35.34443994203302,30.99641914645982,3.6381721018062714,1085.3520453733743,1381.9349139340068,326.1434629038844,2.2925559458743097,854.3503075416805,611.5477990245098,1.2611729290480527,正常
2026-01-01 02:54:00,375.01707133318877,35.58424525212364,30.732290535073542,3.5643907314946777,1088.7722946955314,1377.4880846907192,325.249767434052,2.270044253413582,865.5274405952221,599.562489423275,1.1787029228556583,正常
2026-01-01 02:55:00,373.11770583532495,35.21634650159618,31.02695164841717,3.583285291130399,1078.5152594933993,1369.9000571024576,324.01915420172617,2.551044624832243,856.8586544574641,619.7225018628087,1.0855380533763008,正常
2026-01-01 02:56:00,374.55027447833544,35.43701448859208,30.53801653761523,3.5656735381910503,1077.6571594054976,1389.969218425,326.2734265856485,2.510323579006592,867.2620050408135,604.5891875333383,1.3015932602662916,正常
2026-01-01 02:57:00,373.4042687601884,35.32920657716537,31.09418385582024,3.6512794402608835,1074.7424550943658,1359.439444250588,325.3197987356985,2.3730412328198356,861.9220052330611,615.4218442148924,1.1576772771835773,正常
2026-01-01 02:58:00,372.5523113116568,35.25822279818549,31.002989847119473,3.619810059723902,1071.9617561403402,1376.8578334442338,324.07801737034225,2.233657703002308,861.9755698765287,628.5518164805248,1.172913637571577,正常
2026-01-01 02:59:00,373.5451447630588,35.37592685534112,30.965165948504435,3.5952817339505008,1088.0484591323402,1387.7061143609944,324.54207613788435,2.3221667007630424,861.9551396513763,629.1876486587897,1.4011123795011542,正常
2026-01-01 03:00:00,373.63865788908834,35.24066384604842,30.873673396754253,3.628126816983032,1083.917306565083,1382.8717869619816,325.5104806108963,2.4490855068200386,861.160062366075,624.4626037579752,1.1650417321225788,正常
2026-01-01 03:01:00,371.1121107182794,34.795876023851115,30.80461359207074,3.5749023010468783,1075.32990842007,1386.4886965363858,326.1410910846355,2.412518355728249,857.9355978812584,619.3088524426023,1.196030692190791,正常
2026-01-01 03:02:00,371.9092139611579,35.30119389067507,30.821343259989707,3.619609099068699,1080.571636479664,1386.137683785185,325.36526102682075,2.193002782594568,863.6893843754369,619.433801158752,1.2721634371615245,正常
2026-01-01 03:03:00,373.3427528139792,35.28296675503393,31.114100507025338,3.62101547595819,1069.6124284083783,1387.3586390384676,322.4055340888088,2.4686225667334383,859.598204005194,616.9243424618742,1.3020946769651534,正常
2026-01-01 03:04:00,371.4822363458644,34.93488490460479,31.138537309502684,3.603772794362958,1090.08546708127,1378.9351082710978,327.0368870161329,2.417466368685274,864.5624180436823,616.2128336760819,1.3292378583375961,正常
2026-01-01 03:05:00,372.64919262514564,34.923927496074036,31.34231264131885,3.661905603659101,1069.2013565913169,1379.7908779115578,327.8181934197383,2.3818366116129566,851.6497264699061,619.3318987843802,1.2930527044708284,正常
2026-01-01 03:06:00,370.8044597177109,35.40928119436824,30.67646918265736,3.5655226329590497,1071.1200705683823,1385.0346411554917,322.8859766073409,2.2801981863940632,857.3173820660099,617.3950119304989,1.237022603137826,正常
2026-01-01 03:07:00,371.5310510599513,34.979468197392976,31.194080982942967,3.628766426782197,1074.9973436267624,1391.119713467914,326.64174783744767,2.384006489683512,849.8137048296063,623.7585032215393,1.320411115597849,正常
2026-01-01 03:08:00,372.0848374221336,35.362059452200185,31.054550769939123,3.651590463625332,1077.0495112496237,1381.8615348849974,327.57027101909955,2.3632315916456674,858.7684521943584,630.0091507173084,1.3034461861274544,正常
2026-01-01 03:09:00,371.7859324635707,34.93421279224697,30.57116439353843,3.5896877745239304,1089.6510006114445,1383.4111556187993,321.78227282329186,2.5054369388487006,862.9927247890281,624.4732655648468,1.2438714520396634,正常
2026-01-01 03:10:00,372.180890127692,35.025072021105046,30.883422125129076,3.594831098624946,1083.2083420610998,1399.5482494680944,324.3093973112147,2.456321857191943,856.9073946025877,627.4570245988359,1.1060730932744054,正常
2026-01-01 03:11:00,368.5601483039417,34.913141063112946,31.025482883832375,3.595126183872399,1081.2219794963098,1372.9071507868914,326.37374472961494,2.3875361133463264,855.9440141236441,621.1612237082953,1.2758780453780008,正常
2026-01-01 03:12:00,371.74759396131253,34.933773233247045,30.36830858464496,3.6157906249828127,1079.4273034338185,1368.918411610022,325.705895310893,2.4406989359199085,862.8051185363772,623.6930390186453,1.2345947848516203,正常
2026-01-01 03:13:00,370.93721125209436,35.24378866788735,30.89041093559248,3.5440981490418846,1072.0558330085425,1381.7605566749944,322.9729901521849,2.2788051123982673,862.3684199854927,613.1656957936976,1.252280260994254,正常
2026-01-01 03:14:00,372.1246648339557,34.71488244530513,30.66482293619103,3.586343491073706,1075.4272016475802,1383.0543819671666,323.561655515565,2.44554167147181,855.7512600932258,609.6720799552877,1.2781704891270267,正常
2026-01-01 03:15:00,369.8137046229439,35.12099506937822,31.103037977090633,3.6026492605324973,1070.8030196047107,1385.4486656600172,326.3032214858796,2.3763295245912044,868.1737978632981,609.0695511659777,1.1442352210448128,正常
2026-01-01 03:16:00,369.6693939336701,35.134952833308375,31.09103414094169,3.6538244871754677,1069.521687931278,1378.6903278631216,327.4177751322748,2.602288066764272,861.1159185695961,623.3343552298891,1.1815185605101866,正常
2026-01-01 03:17:00,370.50451736341984,34.919699159306404,31.30867555105772,3.578130144591384,1075.3315455532083,1377.4277512923518,324.9587862398103,2.5442577433658915,858.9630026482819,614.8670674574096,1.2399666415667232,正常
2026-01-01 03:18:00,369.16487501796814,35.50996780162323,31.113121361449643,3.5915454711393675,1082.1871208274251,1386.1767394476876,326.9627267216152,2.5397340631068817,856.313701273238,619.3394438104892,1.1997970220934693,正常
2026-01-01 03:19:00,369.69794218962016,35.17684942463684,31.205124730814312,3.5851687776247148,1071.4492070171316,1376.642730200144,322.7162087085308,2.435495651150057,860.8656653470046,613.1439658563422,1.212109789634371,正常
2026-01-01 03:20:00,369.62181002860467,35.01976685025557,31.326066456345348,3.5767313115967854,1081.399760478145,1378.0897163510194,326.39337164470317,2.2518722947044134,862.1714424360963,628.3333608477712,1.0912708440979384,正常
2026-01-01 03:21:00,368.1340280389967,35.07822475672409,31.23374041559658,3.6063338080873186,1073.853306291261,1393.048181428018,325.59528299882385,2.4712887902881744,855.6435237034781,618.7772013869559,1.3425638803295346,正常
2026-01-01 03:22:00,367.3524586463628,34.983820553271265,31.02545425051251,3.59805579877972,1080.1057974470125,1374.2430576833683,321.5846476395347,2.3435230689475883,858.4094025976282,626.829102910572,1.2490497323948557,正常
2026-01-01 03:23:00,367.41118585333624,35.20959919822532,31.074744623585488,3.6183556703593363,1072.0790858400378,1374.0041299310176,325.2668408347573,2.5119393364447187,857.0576909952804,612.6998053265431,1.227601466340822,正常
2026-01-01 03:24:00,367.3990827074126,34.864960423766654,30.935508651859678,3.5951276258607776,1066.7092253820538,1378.2488548540437,323.5161439615922,2.5169102110270827,860.6818580911997,631.3627466720899,1.1749527642699398,正常
2026-01-01 03:25:00,367.21594114335073,35.3127730766527,30.900288132177327,3.6076919734339223,1085.8808564926728,1380.243795880154,325.2293329545222,2.3125600143990948,856.7889918562089,608.5179639240378,1.2745420529874678,正常
2026-01-01 03:26:00,366.9839880916116,34.476133011222686,30.931296461866634,3.578955791435147,1076.8117420358026,1379.7423721138346,327.44139993880594,2.3129093687155193,855.3082056055772,621.2073608931915,1.3592288284651943,正常
2026-01-01 03:27:00,367.81051483122724,35.439556216039634,30.592350801316936,3.548726981408397,1073.8273212062093,1400.0707501954082,326.0981526614609,2.321584181536391,865.1179571114002,633.2899825437092,1.3201345421563526,正常
2026-01-01 03:28:00,367.06608106949324,34.988258314089556,31.4497630801721,3.6409545695678727,1073.6059281205085,1384.6142261724744,322.9407657798067,2.4693596970867056,855.5810410755906,618.760580812535,1.2139242497379272,正常
2026-01-01 03:29:00,366.1013698404063,35.15679207947143,31.223233986488072,3.603800400730208,1081.5049913426988,1379.3618004470316,323.5068503544951,2.3655870104636763,858.6696033326543,616.6911507913373,1.1705541573783327,正常
2026-01-01 03:30:00,367.5594882151543,35.06565429116008,31.013657881100727,3.5969543330287146,1081.0339117138194,1375.5242276705712,328.14703726144944,2.4022663299870612,867.8437459173628,627.1940074303855,1.2146954018945533,正常
2026-01-01 03:31:00,368.21138088801047,35.05306041011666,31.172611012078423,3.5632681700314492,1079.288811358803,1370.7611486241017,326.2587137720267,2.3614530598854206,860.8139892112025,618.0635848927423,1.2662999175762812,正常
2026-01-01 03:32:00,365.6916490301109,34.61621203895555,31.005602149778394,3.6097835954817556,1088.795079648867,1380.1126610281638,325.0599493868691,2.2340810107090596,863.0645983863144,625.3239510786321,1.1979254640633203,正常
2026-01-01 03:33:00,367.08341547214155,35.0881586180883,31.399284211560836,3.6549693055461248,1078.061287125274,1370.2984337898167,325.200819819377,2.3781125416312268,863.0077598696956,625.5819598021309,1.3232506048207786,正常
2026-01-01 03:34:00,367.18652435739796,35.35055617306175,30.586704264709702,3.628070218603318,1090.1035672545179,1388.8493447477085,326.45656959551536,2.389340679597598,857.1219217262006,618.0082891511062,1.2994352236284512,正常
2026-01-01 03:35:00,365.0964102311152,34.83153712473723,31.356177874493152,3.625926214876471,1086.5703157307735,1386.9766438649274,328.4072396043342,2.5611261250549204,856.8034718729699,627.2168802141005,1.2159162661964242,正常
2026-01-01 03:36:00,365.23480481026604,35.02127245093186,30.96648005632091,3.593094132544132,1073.2590898626556,1370.1056738871507,326.91898562295876,2.2995007110568695,855.1152926750298,619.2530137995761,1.153161806708896,正常
2026-01-01 03:37:00,366.11111524117774,34.672902638703704,30.93843905729083,3.5768620339145243,1072.892111841265,1367.6038717210147,323.2192347109537,2.3435384870418434,857.8677525974529,625.2405914654217,1.1860977674387736,正常
2026-01-01 03:38:00,365.88697493111124,34.634472305832,31.498551952049436,3.624423935819942,1077.3714320089116,1377.6485967561248,324.8463305394355,2.2896370600679123,857.0167042516146,616.9432229983416,1.3506725847481655,正常
2026-01-01 03:39:00,365.0158851902327,34.7255108961574,31.042632428846755,3.6237703753875077,1075.0896244782023,1383.1376859372187,326.14673233070505,2.4159079780972252,858.6994642455727,616.027040400914,1.3079499500394476,正常
2026-01-01 03:40:00,364.16559523357745,34.58462311239642,30.669014804339337,3.570303345513403,1081.1414379595021,1392.0885472187804,322.2289587043771,2.2922502798243434,867.1722308699134,621.854849581099,1.1930410953376616,正常
2026-01-01 03:41:00,365.13603063327395,34.808731624003414,31.304076750222972,3.6019970500818395,1084.9905456273154,1368.5793982162695,324.7824820825328,2.3336612637364436,859.866542308159,614.946224692882,1.2901122726439556,正常
2026-01-01 03:42:00,366.25564807665626,34.525926194176634,30.812141027632798,3.586378684482231,1077.1967343809604,1378.9758198102786,324.1717587913626,2.4033435670310355,857.7129906663952,588.6388494610395,1.2359700981418111,正常
2026-01-01 03:43:00,364.7720472069037,34.635158843908215,31.13916722571288,3.653439793654777,1082.2004749065889,1386.264404998437,325.1361725939355,2.4571358237158005,858.8213408008265,621.8763218678127,1.2626473001009013,正常
2026-01-01 03:44:00,363.2335170556638,34.728594983015654,31.620199844532156,3.5715770800611915,1082.9536154927307,1375.78738556029,325.80693626838894,2.3686198783356813,854.2346636039488,612.9589795010316,1.2021981927049439,正常
2026-01-01 03:45:00,364.19748544098263,34.73468537730084,30.929641128513865,3.5586948930512805,1080.7241940023373,1372.2562734948806,326.1674988339755,2.235021280347016,854.7333594926274,623.6295224199841,1.1795716425435598,正常
2026-01-01 03:46:00,364.7122444113726,34.86227586252772,30.77376158646296,3.5438974104822085,1081.9622733525373,1370.7133331833384,325.9420008315163,2.3292419969610285,868.0836017823896,602.3821834040159,1.2774722873948738,正常
2026-01-01 03:47:00,365.1188880296604,34.76651996226215,30.967851790671443,3.536953671179175,1074.812213663301,1374.8960484241031,322.4710308736446,2.50787623522042,858.8140233199463,628.6650816248065,1.1385154990619246,正常
2026-01-01 03:48:00,361.16348076096637,34.89471686446305,31.032865475218596,3.6183718929423123,1078.3221405177896,1372.8758027260808,325.5480311332215,2.3599335355510824,860.4232173749049,627.4858993415227,1.3773520673401622,正常
2026-01-01 03:49:00,365.00708669566075,34.850726426636854,31.016251031469693,3.580247281859185,1076.5796910743488,1383.219330018503,319.65398384237034,2.3476912980069984,867.980978988272,622.5450559942489,1.5083981314490165,正常
2026-01-01 03:50:00,362.5093420897669,34.787792762626644,31.43355627768836,3.586125519658129,1081.9875108131432,1371.7263777480307,322.6259405774336,2.4121574992552404,860.6657352893601,619.2238594303922,1.2448143983163442,正常
2026-01-01 03:51:00,362.9597967145602,34.84771814979117,30.869022628388333,3.585742579657203,1076.757413094771,1395.720630487979,323.9856190872069,2.373082755463814,856.0593583963052,617.9917768763703,1.2870416424878028,正常
2026-01-01 03:52:00,363.0370456414542,34.857098135453136,31.027104278191608,3.617570319747303,1082.9667015459872,1385.2977308451482,329.0561440733867,2.4549120298504485,860.5084479078919,602.4301563096392,1.2692828102905571,正常
2026-01-01 03:53:00,361.46778128652295,35.001800436843716,31.27861078011247,3.6296452346768766,1076.754842370883,1372.7699825850525,323.6559460003277,2.5030656952026207,863.5992286967972,608.2842153237818,1.149243328515825,正常
2026-01-01 03:54:00,361.90272334145277,35.00382623503467,30.987207370227388,3.609108468480588,1069.2613013263508,1382.1421474524163,327.11733544098047,2.421321865181561,859.7149825254079,622.5664130742978,1.192684117908957,正常
2026-01-01 03:55:00,362.07583324899593,34.34412063806308,30.840393811621855,3.611037184098925,1085.0701300834244,1379.9252739123076,325.95107450709827,2.5505579386885424,863.4239974875348,595.4026838991821,1.126968745289561,正常
2026-01-01 03:56:00,360.6379896773332,34.733897538175974,31.014242500793927,3.5789995148899827,1084.5321395453152,1372.4754562038404,327.1980747229476,2.407189230091114,861.7144747627409,615.7003567438919,1.0466954644478137,正常
2026-01-01 03:57:00,362.1388114126186,34.90934745822888,30.811278909407697,3.5500134726134314,1080.8860228354765,1374.5552357246445,326.5937644265216,2.6189285736760866,861.1241161050323,632.1723656887084,1.2269691633060231,正常
2026-01-01 03:58:00,363.9289983826538,34.970013036876274,31.449340865797456,3.6455534445500257,1079.1941644530725,1375.451758352943,325.1050248531295,2.473285407350189,858.0342843173295,634.2457724187043,1.1797644135184775,正常
2026-01-01 03:59:00,360.7593552890271,34.786341812969304,30.983290960891413,3.64501326704901,1082.752472030244,1388.5929177888274,327.2018307796923,2.4795907620715227,856.9534115787803,621.4998476782308,1.2455020335210265,正常
2026-01-01 04:00:00,360.74899316566723,34.94981072168304,30.763466890942745,3.611566284277397,1083.3625424974068,1380.3856723651118,322.45142331645104,2.476279313381922,865.6491095516775,630.0680940996638,1.1760280328958472,正常
2026-01-01 04:01:00,357.8879223519711,34.61105852689979,30.82135120366152,3.5877588297057024,1092.3446545644506,1390.0677862045738,324.49222227143036,2.3794195399302596,858.523757335101,642.0288667955872,1.2651538149951729,正常
2026-01-01 04:02:00,360.6200032063226,34.69109908556023,31.16583900805077,3.5876392360314195,1085.173925310503,1369.338419243411,325.807118697248,2.5293795622337565,860.1877183820958,617.1767386782791,1.2322519905886493,正常
2026-01-01 04:03:00,359.6557122691414,34.381457141455435,31.151672579524043,3.619887503803214,1076.7331999788892,1375.3553046737693,325.8419834220081,2.483859041312046,859.1228329616049,620.7888843225327,1.1361115228471352,正常
2026-01-01 04:04:00,360.49247044976414,34.92607915579818,30.816914361269056,3.6712563129094025,1079.6260714981208,1390.8204462263518,321.55784860198065,2.4602222146397335,864.0494177298376,619.4683395423089,1.3051286424461166,正常
2026-01-01 04:05:00,361.02246906759524,35.24732976114274,30.969607608421097,3.6165595583334667,1079.7310601204747,1365.6210147361005,326.50948819596096,2.428929543054237,855.6993791408657,619.5398457947971,1.184338534916759,正常
2026-01-01 04:06:00,358.3862910135282,34.93549658026215,30.968439964031585,3.553777659047033,1082.6598582399236,1371.914246174956,327.4826562139402,2.388636508716299,856.4862396415631,618.4050634849666,1.2250317377500684,正常
2026-01-01 04:07:00,359.5778929586543,34.64888947032389,31.183138791377633,3.61584520581772,1066.2314688815864,1374.1315134053577,325.79913419405466,2.4530649636533917,865.8728698132145,631.3880172755673,1.4503225905622927,正常
2026-01-01 04:08:00,357.77820123404155,35.081654416007716,30.699734085833295,3.5968751512024806,1078.6449848258312,1389.163054547214,328.118415218747,2.213053008084743,864.3633835530055,615.3551616033435,1.1599176886850113,正常
2026-01-01 04:09:00,357.296314439945,34.9199332148153,31.26907626122197,3.6157253154627007,1076.7289919839068,1369.5487342412687,323.00937940904026,2.339078841891436,857.673632782548,623.0272495338229,1.2077363119348221,正常
2026-01-01 04:10:00,358.2854674214945,34.99614309007216,30.821235329067022,3.641213794164033,1082.0736640638252,1392.9594276723915,324.14318820311934,2.421993145082724,857.4611754272653,626.3160939846696,1.206781542738912,正常
2026-01-01 04:11:00,358.77195848989106,34.54983124158954,30.970039861493763,3.603194123662979,1091.346332515858,1391.987813658055,323.236082441572,2.2273797765716545,856.1311289377034,613.4487663086021,1.2608594051028261,正常
2026-01-01 04:12:00,358.0119366477776,34.6537145272423,31.365834440321414,3.5498543526068227,1082.4191387106434,1372.7751785824667,325.4055155618097,2.3824163268637584,862.7720086017938,606.531298084258,1.1947706967515048,正常
2026-01-01 04:13:00,357.5898561049276,34.71633661125204,30.786584073745562,3.5926824309623,1084.9970167927497,1375.6121144850172,322.41892280008705,2.3783035210693924,857.1875900951528,623.077552818812,1.3443557896757632,正常
2026-01-01 04:14:00,356.8412100101759,34.722696092128075,31.093956168350477,3.5733057600538607,1081.3842949544273,1372.2249489948267,328.29688366266566,2.3201243740788535,866.7616725662148,615.5459087317828,1.2765624065134842,正常
2026-01-01 04:15:00,359.43153598412573,34.86654385977343,30.843329489304995,3.5685540178261705,1092.9314819607225,1383.1252042629044,323.5865947420351,2.363575497813741,854.5464967517775,615.5576071923298,1.2125620519689622,正常
2026-01-01 04:16:00,356.84026888536374,34.72350520150531,31.215088576703224,3.6374152838326372,1079.6288718322858,1382.9430111208874,323.1605479538344,2.3235039300089073,863.2282451920647,631.4992009912751,1.2411718400156753,正常
2026-01-01 04:17:00,359.29601638087667,34.854767145247365,30.757361409479213,3.5754996197211897,1081.4264217016603,1384.2655172172024,327.15720216312286,2.2686216727456063,862.8903667379498,612.9569702791367,1.2601287476248133,正常
2026-01-01 04:18:00,356.0231787536787,34.49917062785499,31.30252435548228,3.602958583597735,1078.3260087139888,1379.4708878987117,326.7045099413428,2.4609525566067454,860.6938922164902,623.9311562209228,1.3486316050960299,正常
2026-01-01 04:19:00,355.4917243063746,34.6619634156655,30.910682657412565,3.6365857879128294,1079.5633283369264,1393.1304381061307,324.8287011271657,2.393793557135405,858.9329417967383,617.9586847088258,1.2777211025832775,正常
2026-01-01 04:20:00,356.1676530923278,34.46129337737402,30.310472697483988,3.5539150739493373,1070.8675282120407,1373.1463225454409,326.1933062457995,2.394366689772037,850.6892364882061,625.2897473145379,1.1545367950954137,正常
2026-01-01 04:21:00,355.2888304764199,34.45839360640274,31.15260316141138,3.647723310534013,1070.0883925224964,1376.5861005486547,326.49533839493836,2.362806055860039,861.670569212888,606.730006863915,1.3072511779899219,正常
2026-01-01 04:22:00,355.14625704105805,34.63090609359799,30.750880276024407,3.657743625125569,1078.2899028374795,1388.5275831429765,323.65765432397114,2.338389600852395,863.054948338423,609.4428966566436,1.3401932384225521,正常
2026-01-01 04:23:00,355.6107669441963,34.68842899194514,31.456057690233855,3.584006412738315,1087.5051604701173,1371.4265491546794,327.80799723725454,2.43884395226449,865.4152842079874,621.7326565928918,1.2714050166895485,正常
2026-01-01 04:24:00,355.4597165364789,34.89107863133227,30.807645917080293,3.644008728900963,1083.117146966707,1376.9811561414047,326.1486626506587,2.4623647375664426,851.2722788978637,620.964477024057,1.359133741419545,正常
2026-01-01 04:25:00,356.7487005533865,34.60813085554721,31.169176802972867,3.618970340016789,1079.0109165160836,1371.3359867992704,325.38287843441884,2.3547584954928222,856.8908310038424,625.7581445176528,1.1581719728574829,正常
2026-01-01 04:26:00,356.51723683872984,34.93472745780784,31.427407268589143,3.613090057296701,1072.398937581669,1376.0561015275875,325.52902087201073,2.5229617888780687,868.7011792264988,607.8238661081991,1.1586018767006179,正常
2026-01-01 04:27:00,355.4201514867735,34.56724464325045,30.97968933121006,3.6071393422966644,1066.3525927217868,1382.3610139876785,322.3104119046376,2.5364122939440135,868.3391085360457,621.6420450170017,1.1806258551180202,正常
2026-01-01 04:28:00,353.44335984833737,34.66124186623772,31.27396740212203,3.644015044140972,1080.0594652144666,1380.6583396862263,325.7727899798016,2.3261131869229175,857.1467824216986,617.517215088743,1.2834685183368804,正常
2026-01-01 04:29:00,355.43159977746006,34.601083402443685,31.01116765009085,3.632993109315681,1078.6265223433459,1367.1052395070053,327.2277326840261,2.2090366980064937,856.3759078830116,619.6592555351652,1.1698513024736295,正常
2026-01-01 04:30:00,353.63658688250456,34.47821941001267,31.465041430121598,3.577012479435499,1078.4997084467318,1361.839977653544,325.29503561486024,2.2876468018608334,855.686224343302,621.8573771525695,1.2455947750619836,正常
2026-01-01 04:31:00,353.391279754282,34.82038339433483,31.00342959541335,3.6072004258862433,1086.888471604911,1378.7346761636607,325.3476133628889,2.2768248345203244,863.3811024387323,618.3064971928189,1.1653000910133937,正常
2026-01-01 04:32:00,354.5976654627847,35.218132042206236,31.397288710627695,3.6099568890211047,1086.1740980715558,1391.7752680938731,321.0913710056958,2.4277645035686546,860.4291485340352,622.2354848287063,1.1782671427292932,正常
2026-01-01 04:33:00,355.0473169127964,34.42826261235192,31.11421306175084,3.5749811131576594,1079.3092096117255,1382.2688666343377,324.6950742237147,2.3681076258107847,860.8591617718926,625.6996497671671,1.2803202424595597,正常
2026-01-01 04:34:00,356.4172968138865,34.86952960308784,31.028125958395215,3.5609267083625964,1082.1115482560886,1378.101591924741,322.92222906790215,2.3888397828030286,861.8874447211632,621.6533716663677,1.2900771899295005,正常
2026-01-01 04:35:00,352.677724236737,34.5732458022151,31.40641697410387,3.5751643193880027,1091.7881772766314,1364.4217384823312,327.6065588359797,2.5429798125000436,851.227287802607,621.7992989706826,1.3746053351664316,正常
2026-01-01 04:36:00,353.9857822213569,34.72725168362098,31.100673527719582,3.54866149470171,1072.8955411726772,1368.8569319999017,323.1786635623628,2.4154327252769225,864.3551698423217,608.3500019359622,1.2157992708250291,正常
2026-01-01 04:37:00,354.90126302579705,34.89374566499713,30.84335500192993,3.5740086114207057,1072.427089610214,1386.1406888855356,326.5609064335907,2.448844070079373,860.0928060440912,629.7068345013604,1.3615208551754001,正常
2026-01-01 04:38:00,353.4392385759526,34.69273504756916,30.56159545512569,3.488003880169295,1069.1692629903334,1384.5425976772526,326.07380885325733,2.5426544438062684,854.4651825562969,607.8566743922281,1.4057064271354087,正常
2026-01-01 04:39:00,353.43122580352804,34.84148648070798,30.918518165857122,3.626807803885235,1076.318540213373,1379.796529044994,324.23924281793865,2.5021628190539777,854.7159694938508,605.7913978782062,1.3360713148137404,正常
2026-01-01 04:40:00,351.3934861432032,34.69206714942106,30.973734632884085,3.582185152648035,1078.563007495203,1374.2263128860932,322.27917852332877,2.4486253376661926,861.5142958314507,622.2707441524088,1.117663836749844,正常
2026-01-01 04:41:00,351.58119670077957,34.53578617505901,30.96954941665058,3.5817959111741744,1071.7781385660294,1375.8019356072548,322.77232113839517,2.217462226224534,862.5687593684397,627.060516862878,1.2269882717852914,正常
2026-01-01 04:42:00,352.52380939384057,34.328687975651825,30.973058538824603,3.5908850746364895,1075.2740022608693,1384.3740728741107,322.9570700291366,2.623414630020462,861.1214326561256,618.306357063374,1.1776019536385516,正常
2026-01-01 04:43:00,353.76448278820163,34.505450443499086,30.88113518522101,3.6218501959847895,1085.97320719441,1373.9834654157344,325.704185812339,2.2637380293608222,851.1692615129091,622.6217448537997,1.2661205058216405,正常
2026-01-01 04:44:00,352.4708519993126,34.59905607827157,31.354859501360934,3.5935830081563758,1074.6887667316075,1389.3487765591917,325.6049300338034,2.514348513721549,858.9561983818896,607.2490377693466,1.251570100575794,正常
2026-01-01 04:45:00,351.7919132627452,34.46010814067235,31.798236306908315,3.598231108734489,1092.5959059908307,1374.080190267941,325.5996263669575,2.461287028023585,864.0358239801017,620.728072621435,1.2385849038716665,正常
2026-01-01 04:46:00,354.30830464984865,34.50695064707002,30.442140406540496,3.5742398371252775,1079.8947947115312,1386.6200454748155,326.95435560263985,2.3810515595609303,858.0044147304277,621.8801565415511,1.148072482350351,正常
2026-01-01 04:47:00,352.13838855427895,34.44817259900482,31.234760543786347,3.57524313703901,1082.1068759721372,1368.7934211258273,322.2830771267116,2.4829861699290863,860.8241519633494,624.123663856936,1.217445397486942,正常
2026-01-01 04:48:00,354.0072507162292,34.62501943665816,30.57102555612158,3.5648171692583297,1063.5216490612297,1383.2148610675358,326.9232693069791,2.4938857799635006,864.7904973163751,615.2698141794488,1.2112405498357424,正常
2026-01-01 04:49:00,353.26747874060516,34.22151788815637,31.12852300748585,3.6255636402636435,1078.3608051148049,1371.1975545247833,324.32371844302685,2.180240940562132,854.8186539790443,613.7279185882932,1.272376788714242,正常
2026-01-01 04:50:00,352.094869652612,34.624884195747974,30.761561049003294,3.594798213165159,1080.2181715081795,1385.8978488310581,325.6994130096108,2.298818462505626,850.4700671404219,624.4338923725214,1.2441746776928166,正常
2026-01-01 04:51:00,353.22783635017976,34.838909387840246,31.213196247475516,3.6039328792538554,1078.2482350677208,1369.3042365000697,326.5626611008062,2.460104933240779,867.7775891953285,628.6605307579125,1.171065608325023,正常
2026-01-01 04:52:00,352.1612450145846,34.59224744834501,31.009642431044657,3.6267170933885535,1085.3733958659116,1366.3087028137777,325.7541384174791,2.4634485344606962,861.8873146124356,605.1492852565141,1.1864991116654215,正常
2026-01-01 04:53:00,350.92145026287113,34.70867869924649,31.133156194723707,3.5720081331635827,1077.405760036159,1386.498845580233,324.13708832592516,2.3268647852484947,859.8039087851959,615.3586998041685,1.2849382847732689,正常
2026-01-01 04:54:00,352.23957319222836,34.18103825507846,31.477123515408152,3.5976831574445938,1079.3121979626058,1381.0064299827616,323.1510549021336,2.44407902335562,865.497678295251,614.3012170379774,1.3094703011192057,正常
2026-01-01 04:55:00,351.5926601420421,34.48759548021688,30.86526558094418,3.615155038681786,1068.8844091990866,1389.6555577944791,322.86234891807817,2.4514742399823204,862.8699785090681,622.1189489496124,1.287339780930877,正常
2026-01-01 04:56:00,350.9026362243041,34.907933495513525,31.030767469436746,3.637912157946915,1074.0629779641956,1382.5965582058939,325.44231542412484,2.5528227136346344,852.2441651649261,625.8007623958766,1.3450796132341731,正常
2026-01-01 04:57:00,351.28940637960915,34.08672171960367,30.331847677269213,3.575925650988173,1069.1495088423703,1392.9749871015129,323.4964529809427,2.5308621341634185,866.082964398774,601.9013939921197,1.2725229685096722,正常
2026-01-01 04:58:00,351.95830786805953,34.66860515080219,30.625028969700246,3.6101019028990025,1086.1958870915453,1382.9628021936621,327.8980282899796,2.5212689211628625,853.0030985415323,626.9395146653867,1.3098367974698701,正常
2026-01-01 04:59:00,351.4893464820647,34.44647792565499,31.21150147943948,3.6049030346310804,1085.0498121466926,1367.730188182462,324.3574155408588,2.5397453466844677,855.6388755528737,618.549152749861,1.214934283875624,正常
2026-01-01 05:00:00,349.84624832719817,34.14076964468104,30.811581250353463,3.627761690037014,1080.8462905313445,1390.4504236088749,325.86712340539185,2.3495699465106794,855.088833000642,597.6734442893733,1.3302195569439141,正常
2026-01-01 05:01:00,352.10612322510127,34.66857138668411,30.80895621799288,3.5805536548771824,1073.1950690760082,1384.9135646994457,327.3406105344563,2.580593916128211,852.7666550309441,621.072983080301,1.3115054155964128,正常
2026-01-01 05:02:00,350.38210146154,34.35300294405998,30.717285942754334,3.5970718346384203,1076.6270597779883,1379.5537477002474,325.5159589437778,2.357923565801368,859.3895643461614,617.7154378213648,1.2015836086051421,正常
2026-01-01 05:03:00,352.4710978363946,34.298095932715334,30.66439816545911,3.6022477785487697,1081.0390855242272,1387.7963836015747,329.1338003839451,2.4193438966326526,858.4028729795051,640.9779630455408,1.3532888392667441,正常
2026-01-01 05:04:00,349.69915668520076,34.30536197560452,30.994558667730185,3.6075945571551875,1071.0360872659073,1371.9560770027313,323.51726567045336,2.4736375731375038,857.9590642665487,624.8203784110156,1.2319684913055367,正常
2026-01-01 05:05:00,349.90337822487913,34.73533333691789,31.139627172253615,3.591316040907579,1078.5085543196813,1390.9188872942066,325.998247001586,2.339015184934449,857.8167095595932,633.0089863092458,1.1508303455286475,正常
2026-01-01 05:06:00,350.09760452608623,34.73226273140446,30.38257947932454,3.590308506734601,1082.3927461570054,1388.4254430444191,321.1542642428354,2.210990793200552,863.6660715996939,608.9915308542588,1.2629400267855426,正常
2026-01-01 05:07:00,351.9403432926424,34.44152588559287,30.590319202997343,3.5804404704630888,1084.1055744577566,1388.8760295802647,325.0766295720391,2.570118540906922,859.7724345734848,628.4833704418091,1.28025292225931,正常
2026-01-01 05:08:00,349.8295332547947,34.53866995852801,30.786641981524188,3.6490186576797354,1082.570859511325,1376.389785407958,323.9174989269443,2.452940889711517,858.1311125048092,620.9047076487819,1.2951557013569825,正常
2026-01-01 05:09:00,350.2830899282601,34.64802808708952,31.023253553711985,3.6010819965345093,1084.2504622849071,1399.2774449440349,325.15857681772945,2.4811033857551332,862.8014785100814,624.4037662832467,1.4561628975930117,正常
2026-01-01 05:10:00,351.7128888946397,34.34221661323338,30.684049719011668,3.6390919560665766,1084.9031388885746,1384.4676352563897,326.59216683166915,2.2961239953936277,859.1681475293543,628.9409430251977,1.3103656299001991,正常
2026-01-01 05:11:00,351.37409963176003,34.30797137337575,30.614140897492884,3.6110016291739004,1077.766860239154,1389.6670881983925,325.2747423230736,2.3174551945601127,856.1694989218897,616.4038561319588,1.3672748335831308,正常
2026-01-01 05:12:00,350.35680044103424,34.136953851231944,30.92184414855384,3.583075063616369,1085.8237087969621,1385.0968773839688,325.76089133571463,2.384685350151617,861.8468152517033,628.9222987821422,1.1537195302780063,正常
2026-01-01 05:13:00,348.7750102232962,34.16345575832653,30.917536629047433,3.5858338233931195,1075.4371506958214,1382.1702259987155,324.1043605525161,2.3465502111359076,861.076835390298,614.287957350224,1.242824480828502,正常
2026-01-01 05:14:00,350.41183693618757,34.24990264537567,31.14595139638937,3.5910788676461047,1080.3230905490284,1376.268362757984,324.2877456521022,2.3583465252590643,854.6796880350855,618.0461358585821,1.4082055782644667,正常
2026-01-01 05:15:00,351.775444752116,34.312619148546915,30.92154137455294,3.5968083573422205,1083.398738928152,1367.7550267761785,322.3239181127804,2.347104947702653,861.6459074500428,629.318329694516,1.3093298761066132,正常
2026-01-01 05:16:00,350.5535023480721,34.45427037673978,30.558164968637627,3.6109552575323995,1077.3817037839983,1377.6047766364284,323.9570211745993,2.4045383244030814,854.7234373168784,613.3362371363345,1.404480388958449,正常
2026-01-01 05:17:00,349.3286486699425,34.617830180881725,31.029888204328532,3.5864945369857333,1081.4490067153881,1384.477615428572,324.8974255680754,2.48471180569997,858.6922577806373,609.5111104065699,1.2367874992966224,正常
2026-01-01 05:18:00,347.30591655793484,34.23072593568,31.118231949767154,3.609758683397075,1088.4979951914393,1397.7210689071294,326.6840727722866,2.183160249908216,869.6590865880268,611.0279828347059,1.3865640075395953,正常
2026-01-01 05:19:00,350.88874356854126,34.185628887310074,31.220742297431848,3.6186072301950243,1090.438250727172,1380.8204974835662,325.8801201574988,2.3493923967468766,863.5742047045626,610.811814324629,1.255417911211771,正常
2026-01-01 05:20:00,351.7413142250192,34.541032637168904,30.81052947774649,3.63345500972954,1083.6485923309217,1373.8220525866966,319.6469184882483,2.3380966945454005,862.825128738468,621.9883529489365,1.1999863875638856,正常
2026-01-01 05:21:00,351.1051799719235,34.29788088183346,31.407006468547074,3.5721406065484627,1083.1728739612709,1376.3556571375216,325.79791856909014,2.554446510112439,867.3826133448885,623.3032671027514,1.3351104154059463,正常
2026-01-01 05:22:00,351.3623300798627,34.54616244236019,31.463939993328776,3.645173390119834,1076.7066485068285,1374.4334405920843,323.1512155379786,2.405576043142337,855.2987721104025,628.5335404595309,1.4021538856219482,正常
2026-01-01 05:23:00,349.8895454675598,34.43590479883872,30.826682188527396,3.59372743799392,1076.7045933904185,1386.9833643505253,326.3246186216224,2.478449575231976,859.8627035142069,617.3057136007241,1.419778838749646,正常
2026-01-01 05:24:00,350.62959202788994,34.73711422244989,30.550403449524683,3.5748959468187063,1074.262745773293,1377.0848631612137,323.27570481168186,2.4990796103633985,863.0295676302298,626.6103553530563,1.3450556854957414,正常
2026-01-01 05:25:00,350.13814659655964,34.16363165822135,31.01520749876312,3.57427607529665,1073.8264293449581,1388.0195773766063,325.71631711699285,2.4722056059941253,867.7445467513579,608.5673659852627,1.20612593324267,正常
2026-01-01 05:26:00,349.5444253166502,34.3895153981767,30.855578138877878,3.5798562607347795,1084.698266111167,1367.8894148326933,321.5566665085749,2.338514418677426,855.5471883749906,629.8093725225748,1.2485627715329803,正常
2026-01-01 05:27:00,351.00527584981427,34.59823405029523,30.985504378717504,3.622512275288693,1081.2724162100608,1368.0211690040555,325.5449073384782,2.432220855029735,860.4578486014102,622.7210440875054,1.0815334962993672,正常
2026-01-01 05:28:00,349.31719981431803,34.39835255293045,31.11023401611459,3.6146996135524505,1081.2773140321071,1364.7928571703087,326.8967641161837,2.279698314416494,858.9111726575301,625.7563727223327,1.2055757199344683,正常
2026-01-01 05:29:00,349.3692513084153,34.8801131821915,31.029085141573795,3.571581660738415,1080.3948448323526,1368.6484571956412,330.29049406460985,2.3246273407500833,862.820686672095,606.0251068154655,1.2857455748533024,正常
2026-01-01 05:30:00,349.1761218415489,34.6275085217299,30.847187940697555,3.6194743679390484,1077.468113074744,1367.9165557872589,324.63169089544044,2.6118809412260187,865.1348138951996,625.4379856887681,1.2795138550849383,正常
2026-01-01 05:31:00,351.29349108032636,34.26094734788219,30.943496348165603,3.592356874399996,1080.7287680568527,1365.3979267163982,327.6112430512306,2.4673381751699663,868.1841457603756,626.9312691508463,1.2769437234593974,正常
2026-01-01 05:32:00,350.2418433898836,34.91238168615465,30.964880007316804,3.6165114771563514,1099.4853993333538,1386.4247745913249,321.99614403257726,2.3727576798990038,864.5944969423446,612.8252403010842,1.3318885953939925,正常
2026-01-01 05:33:00,350.1936684112595,34.381392676893476,31.305787095683847,3.605019041239659,1080.0278010452764,1376.4413710782796,326.42483859862915,2.398299992658069,856.1775321098587,604.1632284115614,1.3296011347897463,正常
2026-01-01 05:34:00,351.04562292967626,34.410046776076975,30.7534134354234,3.6056958351748647,1094.1233400651129,1386.060043379133,327.472486908877,2.1415008757839313,860.88813703886,633.6496481232973,1.2280369251625287,正常
2026-01-01 05:35:00,351.2193495203933,34.592870980341715,30.843866345953153,3.592542463181659,1075.2545397797617,1373.1596776375877,326.7893415703355,2.436702184354081,861.993444688285,625.4147288030608,1.170407109449332,正常
2026-01-01 05:36:00,349.0680812372329,34.790337703545234,31.051802709909904,3.675642175172553,1085.7378270162435,1389.5413673021928,323.412691309057,2.2912135791578825,857.7724572464247,615.300444837478,1.4280726381425897,正常
2026-01-01 05:37:00,350.5317061885452,34.39698308935276,30.905054303479098,3.5877829525792273,1080.2001761259305,1380.4739524918218,326.29209043056255,2.575928263859902,861.6202132915955,618.6492794396161,1.330492327274583,正常
2026-01-01 05:38:00,350.9270462781316,34.41398364588335,31.023523289143565,3.6366942793535135,1088.5062481389295,1367.6351008757094,324.08256625727125,2.413593705149439,858.6034577676068,615.3287053463506,1.2869415638986688,正常
2026-01-01 05:39:00,349.56241421085724,34.39267102076129,30.809287786747028,3.617889995131766,1073.7032427071517,1377.0490054082181,324.8839948912319,2.0926078741091834,848.2738602135832,613.6193000114118,1.0192702586603755,正常
2026-01-01 05:40:00,349.38058437053417,34.24976852365092,31.0138297383179,3.5684010091906493,1083.9197531062234,1376.6547518462949,326.7908956453677,2.3139256307924962,856.2207734723295,615.8660952855461,1.2025508458888625,正常
2026-01-01 05:41:00,351.7533333740763,34.44572709349988,31.188949835813663,3.5610213481998274,1085.1480840157592,1375.852479389472,327.0250813753627,2.2930677403165367,856.071988417661,620.6693727935342,1.330636543220733,正常
2026-01-01 05:42:00,350.48093254382724,34.49299202954207,31.13520140903157,3.616576387933448,1079.926518724096,1366.3009441578624,328.4511508416499,2.2755682914657713,854.347149997973,620.0368151722604,1.3033103960062709,正常
2026-01-01 05:43:00,349.7583201898447,34.44919174830419,30.652988370915736,3.6385040098156978,1082.9947062798585,1369.9302274845206,324.6451476397781,2.483469835101495,868.201622298201,603.5028812138323,1.1009578421591246,正常
2026-01-01 05:44:00,350.9446925163432,34.460979093517736,31.148778186857875,3.5836903880081343,1073.6772875934323,1370.72946842041,328.05583142932187,2.2966129356044944,855.991297976206,629.3324121016344,1.1431971239564427,正常
2026-01-01 05:45:00,350.56942303636094,34.635286398187056,30.96637420595169,3.52530805061015,1080.443532835759,1384.8206296018702,324.61220490538415,2.2975658911097074,860.2485456029563,605.8619506929822,1.2216602966311545,正常
2026-01-01 05:46:00,350.7342263799559,34.37061972559829,31.062735681232397,3.61774045701294,1086.8959635960741,1387.9465973741112,321.4797932091588,2.50524556972597,858.2406720835905,611.7396809503554,1.306577781110303,正常
2026-01-01 05:47:00,351.169480071965,34.669518427798025,30.872528940624612,3.647238726129139,1078.278867149448,1376.0232375838498,322.65699108971535,2.4259830919612524,871.5292779138124,619.9935101783489,1.1768864624632016,正常
2026-01-01 05:48:00,351.92772266628,34.601386229191874,30.875732832821615,3.547585053857144,1074.198705150394,1389.9873582507291,326.4679732654914,2.3287382529677845,854.0767784110238,625.1415703897312,1.2762239875271053,正常
2026-01-01 05:49:00,350.3290986822642,34.6940303662338,31.32775461819092,3.6289572630277647,1080.9285979498927,1390.6438203560454,325.3660792114977,2.523443346177365,861.5465757339736,626.9980307713041,1.3455920008027864,正常
2026-01-01 05:50:00,349.31083971454365,34.06316786432848,31.365612977818074,3.608302490483714,1089.3436873076041,1395.7999443291212,327.32050487716606,2.334705046206597,863.349900591361,616.3270722976023,1.3860062265002393,正常
2026-01-01 05:51:00,350.15701798889154,34.2658945842944,30.902122233705903,3.591348756709151,1081.0560151289549,1379.5375129280349,322.82046407916744,2.0525278672666056,856.5448542507506,624.839532642213,1.28669757326925,正常
2026-01-01 05:52:00,351.74849349180863,34.54614562381924,30.707218718236824,3.6071456433432383,1089.8654859368667,1371.000352363615,326.26183220788755,2.4014963074446847,850.8989137826368,622.1951620911587,1.158084835153703,正常
2026-01-01 05:53:00,350.90665246248096,34.57107767624432,31.037702610216808,3.6637241450280538,1071.0833446117088,1378.0791695260777,325.86528974107296,2.2334540623768215,864.048833533315,616.0482339160043,1.1562436089037056,正常
2026-01-01 05:54:00,352.88136119705626,34.431475802514335,31.21204073105475,3.589202506291386,1079.4513345594844,1391.8973045162354,322.04130878519055,2.3781649303526984,857.3740489277028,610.7479225692766,1.2637108324415507,正常
2026-01-01 05:55:00,350.1549439025001,34.5042328600114,30.909745432937424,3.603963356006536,1076.786979709648,1377.6756524655514,320.64557935194654,2.3433702093130533,851.9953676915833,612.2189743963648,1.3459150490047234,正常
2026-01-01 05:56:00,352.2805830679363,34.437556114713495,31.544919529271205,3.528932614501405,1085.8225724399458,1389.8950217564993,328.01811797659974,2.338083601412006,856.3158878023371,615.9992410498161,1.2519679775290609,正常
2026-01-01 05:57:00,351.0772606888939,34.30304100665236,30.599536137404385,3.5567771945748263,1063.6804124187988,1390.5541163094783,326.6357503219692,2.526459671566142,868.3640439539392,620.3610320811268,1.1499488256980288,正常
2026-01-01 05:58:00,350.8248100475119,34.406186041993756,30.81212305854328,3.5764386955939043,1084.6067835099188,1377.3113700657423,326.2471473494771,2.3590168756965917,867.5488698309479,614.7349779405477,1.2506634932423664,正常
2026-01-01 05:59:00,351.8360648229291,34.58829684634984,30.895705067095417,3.5771495713762302,1080.7032154239218,1372.7102073299543,324.97465973291423,2.389600985468934,861.4217790973181,625.7079656060307,1.3410298785590833,正常
