timestamp,U1,U2,U3,U4,U5,U6,U7,U8
2026-01-01 08:00:00,0.43710655394129055,0.48043958813393284,0.6020811396358312,0.48534306446687586,0.5006418028795457,0.48346682686567355,0.5175669809730459,0.189096143990336
2026-01-01 08:01:00,0.5203915042243352,0.4323319434152083,0.581861872035367,0.5007593734659689,0.48360296382436646,0.46157184012547886,0.46178505538444325,0.20161866102295045
2026-01-01 08:02:00,0.4998141307702378,0.4681993289226057,0.5030556886101787,0.5037010056809594,0.5248812869731199,0.4972720375072072,0.5256143690101625,0.20912288789372652
2026-01-01 08:03:00,0.5147434903726679,0.41253496970807013,0.6110966524544916,0.5044965503784299,0.4757778106849528,0.5187667894424945,0.5027751865516283,0.21877508812173974
2026-01-01 08:04:00,0.477672622143207,0.44209158248701635,0.5135218373419475,0.4794577014668808,0.5524829180326367,0.5211045417788241,0.4916802011191783,0.18166943687575224
2026-01-01 08:05:00,0.4919030104687464,0.46460276223098546,0.5477233497313291,0.47954942544016704,0.5978079688027159,0.46328561485354514,0.5169765860663013,0.19739207991548724
2026-01-01 08:06:00,0.5140309292543865,0.3739430857461739,0.5146965151834733,0.4948059156041084,0.4986429966548783,0.5447770498484639,0.5333436265141221,0.20784763047855395
2026-01-01 08:07:00,0.5012380299657225,0.43081659197362915,0.5291451605823372,0.44757845432822,0.5284410606458405,0.49126706220334787,0.4879351451901779,0.18820037113140717
2026-01-01 08:08:00,0.5519237521711403,0.49216461361246866,0.572542684072603,0.488361745571783,0.5820986710951495,0.4960056952423068,0.5053945254653815,0.1879124874228066
2026-01-01 08:09:00,0.5146460895157945,0.4216621782998164,0.5306256198477027,0.5059788251852892,0.4577024196957509,0.4667266332961797,0.4999058994159705,0.20698369189174773
2026-01-01 08:10:00,0.5001946362742049,0.46188121591339987,0.5098123517156656,0.48990850756797133,0.4935064953237233,0.4956510389235684,0.5037610744022789,0.22634412483443936
2026-01-01 08:11:00,0.4623245164145182,0.4559547716771356,0.521225830661295,0.4780069407049958,0.4980218860415691,0.5406641808499055,0.4955357042680647,0.16029181621063449
2026-01-01 08:12:00,0.4771962295017386,0.4800383389729185,0.5550992701646876,0.49988207134402524,0.4970872140424787,0.468853848826497,0.43690485828731523,0.17954984780114402
2026-01-01 08:13:00,0.4915760111097791,0.4614786440882514,0.5239258093613137,0.4969643783099118,0.5279724963895933,0.5130787174971424,0.4724049816885312,0.18227261370715775
2026-01-01 08:14:00,0.5026787631062879,0.4746751361435092,0.49113145218628984,0.48771437669149237,0.506183391902276,0.572364335870145,0.44622861028749516,0.1643530229431226
2026-01-01 08:15:00,0.46863262252447174,0.44004881557124975,0.6276500696261959,0.5104661629651335,0.5093987278892834,0.518334198488949,0.5121615878225528,0.17552106163616815
2026-01-01 08:16:00,0.49280549405424645,0.43635835161606595,0.5490933450211554,0.4517296524987383,0.5477284916753288,0.5313320722307282,0.488975836089585,0.18771297236333767
2026-01-01 08:17:00,0.5300321919489468,0.44065268232944677,0.5682907139868338,0.48703564520339154,0.5296187836218823,0.5359169601322529,0.5276830841071275,0.16605304148421562
2026-01-01 08:18:00,0.4858833752219772,0.4652806138019748,0.456452538335088,0.4971698422807559,0.5741901740375502,0.5793962584531175,0.5226790607455853,0.20558048863889308
2026-01-01 08:19:00,0.4636667426060397,0.4170342986938828,0.6183952256106933,0.44874623710176387,0.5300591361748286,0.47824126355463364,0.521287754083553,0.19640812841747796
2026-01-01 08:20:00,0.4672324640561577,0.4554447156675053,0.5009662999830532,0.47447928023776725,0.5218028829447783,0.46502449739341417,0.515065548011253,0.1909023169157973
2026-01-01 08:21:00,0.5341129295311791,0.44638291056846213,0.5368192279647077,0.48539482106068116,0.5464577822230474,0.5534960545287194,0.5207343110165894,0.2010803030395193
2026-01-01 08:22:00,0.5514605636921391,0.4568708701299647,0.6135996212192756,0.47445645805464376,0.5668762898072707,0.5671870962462877,0.4834743777439279,0.1963461564082516
2026-01-01 08:23:00,0.4616796865907279,0.425092567015621,0.5993929934680974,0.47306849642913046,0.5298766177943994,0.524864313270922,0.4660540270060013,0.18456116537484896
2026-01-01 08:24:00,0.5311793525998445,0.3795223667352364,0.5701731989820543,0.5111984526100484,0.5313068181153859,0.519408112658928,0.4937526227755199,0.18335149689607305
2026-01-01 08:25:00,0.4915337721834005,0.48994935127196926,0.5124157743257397,0.4889360837533365,0.5556357292065554,0.5356983712792573,0.4874963166255735,0.17882269202018494
2026-01-01 08:26:00,0.4824831085190881,0.45946830321757487,0.4800265213440945,0.4994465776320864,0.514018822641535,0.5176823428255358,0.4614146700331398,0.22466975231444847
2026-01-01 08:27:00,0.48614532141691985,0.4778353520264325,0.5190866009286266,0.4839476417850046,0.5172140103904537,0.5724116387626933,0.5078651774106938,0.2080078475268652
2026-01-01 08:28:00,0.4662218364421229,0.39639498394246214,0.5790611117006743,0.49265735889848267,0.4953228973745761,0.5156255736453347,0.4978393799700451,0.210144481824168
2026-01-01 08:29:00,0.5230238638408768,0.44919615965802323,0.6095970143503517,0.5287380478898148,0.5200995302418053,0.5243275960794466,0.48172198563835533,0.18153810770429202
2026-01-01 08:30:00,0.5453412548251259,0.4334959869029143,0.5678715988382257,0.4641990074499813,0.5289782310488829,0.4765202226001669,0.46614333296396737,0.2171398502765105
2026-01-01 08:31:00,0.5082669230921784,0.44115981906844537,0.49803958041206875,0.4743167676442837,0.49573474115322136,0.5294798700178688,0.5079375351200514,0.20727498159171487
2026-01-01 08:32:00,0.436852466496674,0.4437827384262089,0.5263657615853096,0.4855243318929206,0.5183415491107118,0.5527632049887204,0.4466534585803549,0.21832407398582576
2026-01-01 08:33:00,0.5087097136992824,0.4797281963456521,0.6331513105419657,0.4622537138621841,0.5050161117914407,0.49428917587601123,0.5077121093138091,0.17676375506115666
2026-01-01 08:34:00,0.488093054242811,0.38480803518682266,0.5290046523647973,0.4883139047520033,0.4929711045913579,0.5120321196489819,0.5077443232612927,0.2197967104163353
2026-01-01 08:35:00,0.49781341410749563,0.44662488131292793,0.5908560863605948,0.5414136858493641,0.5303053782433405,0.4842734216288,0.4624736554957269,0.21174513058884423
2026-01-01 08:36:00,0.49629035892049095,0.4799646823728891,0.5458799386372586,0.44992550667009273,0.545773880006382,0.5144999306551314,0.4779382714143553,0.23001777503032889
2026-01-01 08:37:00,0.49441302177579544,0.47637006125935943,0.5587466861862092,0.518910156936227,0.5206536087138204,0.5203812229072236,0.4684874581120139,0.1933731355231969
2026-01-01 08:38:00,0.45126826576357204,0.382269725826399,0.5749776000354772,0.473540386294192,0.5078019873277069,0.4805175250022015,0.4903342356799075,0.21193548990399866
2026-01-01 08:39:00,0.4870063993515696,0.4186652155837439,0.5514277680882712,0.4738781593119486,0.5779738451244284,0.50384346719864,0.49746366352408167,0.20776163694537678
2026-01-01 08:40:00,0.47549978859352793,0.4149444734132346,0.6093777331949835,0.4337615670924094,0.5340529631831163,0.4957044419222826,0.5656923371814667,0.2138895351117175
2026-01-01 08:41:00,0.5021102395682504,0.43464254819913434,0.5545319788131073,0.49406424758514167,0.4990435140426109,0.49232009805569504,0.47954460631440887,0.2137190083401162
2026-01-01 08:42:00,0.5788864664159136,0.405939147381812,0.49705928553794876,0.4684026636291697,0.5364922915747831,0.4791880238836402,0.4427547982359832,0.19553683282175316
2026-01-01 08:43:00,0.4648314462974483,0.45563134611503936,0.5409361402931994,0.4935821419954662,0.545645230426713,0.5155282327312941,0.49690075950448637,0.17610176510953007
2026-01-01 08:44:00,0.5244263619792691,0.464363704062535,0.5865963813170325,0.5024864519041233,0.5246306110670512,0.4907162440930832,0.485188200719962,0.18929975412723665
2026-01-01 08:45:00,0.5741239005589661,0.44515132632902615,0.6266530203449036,0.46342309096377854,0.5513389212999535,0.518708423514706,0.4807644135519976,0.18372124790327607
2026-01-01 08:46:00,0.4942320288193396,0.40552043174266295,0.589491490629686,0.4662113620682207,0.5130138814803327,0.5240107711694753,0.5201478110195462,0.1871350647949538
2026-01-01 08:47:00,0.48279034815242006,0.4882556657310496,0.5555351754189012,0.5178016809260753,0.4962655044077596,0.5113700756080218,0.5131132764835118,0.1980276280482095
2026-01-01 08:48:00,0.5102911086195462,0.4335722800376033,0.5492947439196122,0.4990521985734353,0.5832232217856294,0.46839372702298,0.4678544822929854,0.20902329184729218
2026-01-01 08:49:00,0.5184797555005747,0.4506540545577018,0.489468432788322,0.4724742831364303,0.5363658527677941,0.5257773936115248,0.49507680538104404,0.22731149926021693
2026-01-01 08:50:00,0.5238312990029164,0.473010606011016,0.47550102095742597,0.4879908019693001,0.5454740350366882,0.5242556816212305,0.4780440226926102,0.1948523807730127
2026-01-01 08:51:00,0.48649400572933466,0.4594868108355741,0.5920914675516182,0.527408348245771,0.5270380601368682,0.5067360996738827,0.5264091017538581,0.22938404652786348
2026-01-01 08:52:00,0.47687904769736655,0.465260550541978,0.5340191378266019,0.4227731764814864,0.49722858411392784,0.4966934798208871,0.5251030173089897,0.21054234113452916
2026-01-01 08:53:00,0.48423295946020783,0.5150830209470068,0.5336084384289296,0.4759903991909866,0.541045790427401,0.5010641773010246,0.49768875931646794,0.19647746947842423
2026-01-01 08:54:00,0.46858074966032726,0.4273438823584792,0.5868166827168425,0.43974722215424866,0.48453426008071115,0.47858244607370554,0.47295927589098796,0.20711960682437747
2026-01-01 08:55:00,0.5114984823738558,0.44175509220589904,0.5308685706294572,0.49333058393274326,0.4969632122211302,0.516315285826933,0.5194914265475646,0.210822863897315
2026-01-01 08:56:00,0.45985204820146536,0.43894650320100587,0.5488135448472256,0.5167664005286364,0.5228861668275883,0.5124961475355153,0.5266253933566469,0.17728520592897123
2026-01-01 08:57:00,0.5113697236769991,0.4539764611369396,0.5353760199648107,0.470272842085408,0.5779706864617529,0.5170861506841231,0.5234081087132878,0.18976319671209893
2026-01-01 08:58:00,0.4928199500629281,0.42901513885205605,0.5955135351144193,0.4690239645838386,0.5231334376967611,0.5197554233015864,0.4939555464967766,0.19418945566954712
2026-01-01 08:59:00,0.4846130618432679,0.4777723544848859,0.5964215898917506,0.4257503319019749,0.5184904051881567,0.5248166932797084,0.49181993411103103,0.20685903924473253
2026-01-01 09:00:00,0.4459572696006962,0.4930382949204428,0.5725190523340896,0.48409898691400377,0.5096186790601575,0.5001066283717179,0.4793218574555808,0.20773619531340665
2026-01-01 09:01:00,0.5275406556301192,0.44879469045676923,0.5634793654545373,0.4973602544370053,0.5579205361548736,0.48891724270973635,0.48715287981142213,0.18985104448162932
2026-01-01 09:02:00,0.47143342783464653,0.4460355771782087,0.4965600501606298,0.448038688082805,0.4527827389707377,0.5008587231272177,0.503217258059474,0.19823590776016342
2026-01-01 09:03:00,0.4584539527868503,0.4736513113389892,0.544095194889306,0.5010388507227758,0.5116234010284398,0.5685681783622234,0.5019706245753873,0.23355322724656788
2026-01-01 09:04:00,0.4901848202308332,0.4633153708583263,0.5257036695845553,0.4665751571618876,0.5301476525925425,0.5180042753826205,0.5060256265878876,0.19913296001829817
2026-01-01 09:05:00,0.5304265442570943,0.444101660635497,0.45225023129519787,0.4665744368380185,0.5110410358383558,0.47256732579426275,0.47773335278758294,0.16112048528310577
2026-01-01 09:06:00,0.505390902823643,0.43719244231606746,0.550438282463467,0.4695756744651178,0.5414207291512193,0.5413026568854461,0.48175886297301984,0.18624861908581042
2026-01-01 09:07:00,0.47975283111984496,0.4960057570943359,0.5765667946572558,0.5059530190181323,0.576895659155839,0.48844304494626245,0.5224001434139076,0.19676252463141383
2026-01-01 09:08:00,0.42915586588908683,0.44137996479818026,0.6174514929515476,0.5147455735202232,0.49546295323870265,0.4913243278332119,0.48833109224980314,0.19935817942973327
2026-01-01 09:09:00,0.53753180749303,0.4321270435655438,0.5643755379949222,0.5096352957633881,0.5151089058563947,0.44027555547926017,0.4711760222077333,0.2126110940542178
2026-01-01 09:10:00,0.5232496942930971,0.43932271581173615,0.5135838374164482,0.4819209695344574,0.5264798921211761,0.4707652731676171,0.5077267906324339,0.21459612523739593
2026-01-01 09:11:00,0.4787955599392817,0.47225534646686507,0.5261748268858578,0.4440888976526979,0.5287346645290859,0.5542200585786075,0.49864139531889695,0.20473964577099274
2026-01-01 09:12:00,0.5053952480633692,0.4269324379253622,0.5233173317656464,0.48376463037898576,0.5218575331575556,0.46235196853265803,0.5037684636433077,0.20443724022635673
2026-01-01 09:13:00,0.5014930524846539,0.47338359227578225,0.544518431399529,0.389937476624573,0.5000684719208475,0.5258328401191344,0.48298277145134416,0.18499476026968847
2026-01-01 09:14:00,0.5607849238643238,0.4375179788212458,0.5122148315750312,0.47345305096788226,0.5211517776620647,0.547129197925202,0.5243356724389094,0.1691787383386625
2026-01-01 09:15:00,0.49111319062504133,0.4096104243423736,0.5443298920449688,0.47265255515596866,0.48778929849025865,0.5193439431607225,0.5108616146009639,0.203233194729749
2026-01-01 09:16:00,0.5212858831780847,0.4475513505520879,0.5039324217230406,0.39833011686363007,0.5339735263045778,0.4731902102333512,0.5004201407423372,0.15232643130505466
2026-01-01 09:17:00,0.4954050162917061,0.4842660902548094,0.5231335313315605,0.4613020574533175,0.4921187419659242,0.5097201803743071,0.4871419036531578,0.19327055462733805
2026-01-01 09:18:00,0.46521116798752254,0.44582512844150135,0.49869304086725175,0.4485193646495574,0.5447350341741078,0.503044297710753,0.5003083541309317,0.19715422849889103
2026-01-01 09:19:00,0.5024743309160575,0.47950290510907784,0.5330730970487371,0.4971832747399248,0.5184762483598925,0.5104857503855718,0.4891764366014028,0.22892227455746333
2026-01-01 09:20:00,0.5178236567644104,0.4239469789852463,0.4863119892055698,0.47225001292976576,0.45555555104788087,0.5394317091299569,0.5174528030387259,0.22742210956403786
2026-01-01 09:21:00,0.5302978275255912,0.4923881913163873,0.5262366738316161,0.4471406633659327,0.5348471319227428,0.5644917897857948,0.5160377313645929,0.21082271451545534
2026-01-01 09:22:00,0.4423414962388301,0.47117519936272184,0.520853061160082,0.5108679486514432,0.5434811058198378,0.5365676676529267,0.5090486587269951,0.23722427677877134
2026-01-01 09:23:00,0.5224708976880641,0.4426856132919525,0.5303178599048943,0.4792775603075485,0.510170143597551,0.49143788440582187,0.4944554835018551,0.18447679033212214
2026-01-01 09:24:00,0.5338549717339293,0.5013523561838071,0.5412563781246905,0.4694520496388246,0.5036851892848192,0.4576045460623366,0.47850167078418293,0.19596279442685793
2026-01-01 09:25:00,0.4817939441511604,0.4922463791105643,0.5910171806360899,0.5171702368578744,0.5193391489365007,0.5200408423911924,0.44962583542618084,0.19680763004467838
2026-01-01 09:26:00,0.4923522213140361,0.39179157836340317,0.5499689025511002,0.5226310881861368,0.5505296856675278,0.46645558132252996,0.5051804164052008,0.2069191254486103
2026-01-01 09:27:00,0.49169954031919416,0.4366705700656875,0.5664316103930007,0.4843892174409482,0.5639649701907247,0.512154238232041,0.4998126668460652,0.2037736955236039
2026-01-01 09:28:00,0.5362859288404719,0.47178546986604664,0.5030865475994959,0.47766131638278764,0.49167208281871333,0.5048967763566379,0.476277649156216,0.20333529753664364
2026-01-01 09:29:00,0.5196285830009271,0.44654438547238995,0.5942778449171868,0.4154381506074545,0.5523619104549219,0.5164009814558145,0.5467234671524763,0.2158672053295818
2026-01-01 09:30:00,0.5407866221135493,0.49951190249221533,0.522755606658298,0.457705644202176,0.5209566170750846,0.5583045373688055,0.4516721513945401,0.15103276792801476
2026-01-01 09:31:00,0.4890015861100415,0.4097742423874531,0.6098744360131322,0.47018704656836335,0.526209640220994,0.5376553681681138,0.5111790384576383,0.15874617735563865
2026-01-01 09:32:00,0.5028813206307597,0.4631051893590625,0.5124793687262773,0.46610600635936866,0.5374314827348899,0.5090765822826746,0.46611586381666886,0.21028312294015528
2026-01-01 09:33:00,0.5145358655020454,0.39548704712526017,0.572915406691719,0.4648539236335253,0.49026321169756404,0.4880544409960557,0.5128985298382035,0.18716789738363646
2026-01-01 09:34:00,0.48092318312627425,0.4687274189097984,0.6194065959439423,0.5040414051661827,0.4816647875981007,0.5192928648221065,0.5007602134787903,0.22522934467414626
2026-01-01 09:35:00,0.4607124343499136,0.4746045242169628,0.5740585394074318,0.5446395610491878,0.45920848024572297,0.4433258429661457,0.48567075147386657,0.1849117713994465
2026-01-01 09:36:00,0.5085281683752645,0.4524782785781784,0.47185575136244295,0.5020289863649833,0.5443499863262885,0.5410557232713851,0.5080935383672831,0.22432434693994507
2026-01-01 09:37:00,0.5302489828281661,0.44918413108243654,0.5204571388891146,0.5068454835203174,0.5094725499110221,0.5264509283945802,0.46722370146939396,0.17974579334727267
2026-01-01 09:38:00,0.4991178995766606,0.4429917111178361,0.48759743569931635,0.5335680817270163,0.4871630045515145,0.500735193571584,0.49212692704159394,0.20577781841696058
2026-01-01 09:39:00,0.48729891042649554,0.4465771240373325,0.463890306594715,0.5128982817743054,0.47829023045597735,0.5602034167944071,0.5107745819136741,0.19545580512758842
2026-01-01 09:40:00,0.510910012622744,0.42981435905241605,0.625978987157178,0.533580475248947,0.4690700454785614,0.47171385330180227,0.4762637287267333,0.21836729966287555
2026-01-01 09:41:00,0.5121842718359664,0.4524408929812514,0.5315156968565047,0.4790557948904489,0.5128595207643115,0.5048008125064445,0.5118905230787378,0.21314847270728288
2026-01-01 09:42:00,0.48100962668516406,0.4561864497306233,0.5321233348604525,0.5015513289020178,0.4849810903634897,0.5081213522387046,0.498331872182423,0.16339219695388527
2026-01-01 09:43:00,0.5814874761360573,0.42991741524657917,0.5559469064843909,0.5265193171448348,0.5034735397545277,0.5353270944209484,0.532502031617997,0.1821329378627973
2026-01-01 09:44:00,0.48417215885655346,0.44616241389920025,0.5467859579732931,0.43078792698688745,0.48248117555870695,0.5217765602095794,0.44739760591542216,0.20896463094251114
2026-01-01 09:45:00,0.48341342188929726,0.5152414231055831,0.543273172518977,0.46812059255621213,0.5058254388101557,0.5601873488111069,0.4991572574728688,0.16534040759852683
2026-01-01 09:46:00,0.5285429584171799,0.403037387603156,0.5529951796819698,0.5000978673542821,0.5143308680077798,0.5322266430047871,0.4852056686923837,0.20320202804535248
2026-01-01 09:47:00,0.5063400603060857,0.4539841788228792,0.526833608016609,0.47138261221109157,0.551323779980182,0.5061275073048714,0.4924447196187616,0.21081285453303933
2026-01-01 09:48:00,0.542796891349099,0.49483484348196377,0.5266491016883594,0.45404413693120754,0.5333556345665934,0.49938785577726447,0.4619355339559231,0.2066190826982175
2026-01-01 09:49:00,0.4464354686982984,0.4694872473847402,0.5917733485962242,0.49828227842310424,0.5511247355421438,0.5117100279061212,0.4344898644703871,0.19032119168060768
2026-01-01 09:50:00,0.4996823984705675,0.5173226621627256,0.47397427482006216,0.4661314303119402,0.5700059798881895,0.5085661400270455,0.49746383747656103,0.17627993771592315
2026-01-01 09:51:00,0.47010573365971187,0.4283235389397352,0.48714347641244415,0.44416586042892925,0.4630891550447051,0.4671732580618783,0.4372973304642248,0.21945698757116877
2026-01-01 09:52:00,0.512070408939614,0.46768593451087226,0.556033036896615,0.46224316625992606,0.4415111715530342,0.469508265482298,0.49029436156543854,0.16408246395966325
2026-01-01 09:53:00,0.4584181999787057,0.41004512295708073,0.5439497571263453,0.45831392289988293,0.5088151741617377,0.5952912878048279,0.5094551801988748,0.1841840382387431
2026-01-01 09:54:00,0.5154338635236646,0.4666905167819915,0.5366948162565032,0.5243389715094426,0.5185449931031549,0.5000151442650714,0.44342891236348403,0.20635430988058528
2026-01-01 09:55:00,0.46685262723553145,0.4061207287838939,0.49591319649282783,0.4800772547123196,0.5081325676890451,0.5690259770329048,0.5284749058840715,0.20011111763506612
2026-01-01 09:56:00,0.5135810175272569,0.4798349384806967,0.5202203085605436,0.49333551705387824,0.5122628621562614,0.537529879772211,0.5227236703751529,0.20462961734962398
2026-01-01 09:57:00,0.46677539293625286,0.4543220429692397,0.5828496704198306,0.4736005626844265,0.5178537929863435,0.48216954454390243,0.5028083639922759,0.2077463684088788
2026-01-01 09:58:00,0.49094233077543337,0.473297641732409,0.519714598740199,0.4336481154605593,0.5459686345545706,0.49612756699911154,0.5261351817885198,0.1928679882883154
2026-01-01 09:59:00,0.5114148546807488,0.45118321240057446,0.5073706642039921,0.452061524786006,0.5234164725689485,0.4646023287555259,0.5201067534084052,0.21428620671355728
2026-01-01 10:00:00,0.5116267501513361,0.4480334829514949,0.5789955259296653,0.43851510876259986,0.49881980218363264,0.5290187054856885,0.4183234584277097,0.21953034166503926
2026-01-01 10:01:00,0.4997141337264995,0.4819614008501102,0.5302610393342055,0.4873302370343603,0.5608993719611238,0.5366187177724074,0.4899535753255413,0.18069973194655373
2026-01-01 10:02:00,0.47371035141735995,0.4461073133872417,0.5600272870260443,0.5197300574106739,0.5178567549381824,0.47164453479577284,0.5200405574840106,0.20186139442337153
2026-01-01 10:03:00,0.5129458063654506,0.45981785326864605,0.5296917678722697,0.4851299767165003,0.4713618755349384,0.5046532573410194,0.4396320005996741,0.18570258416972
2026-01-01 10:04:00,0.4213388792352679,0.47144467259373596,0.606894318212286,0.49474709932471256,0.4879223880771929,0.5062889215381651,0.49499947530879523,0.18762388023767454
2026-01-01 10:05:00,0.5324663086726253,0.44292214300680044,0.5071137801046482,0.44638111676410963,0.5405267625482194,0.5042233622530834,0.4940725917723551,0.16891365270419031
2026-01-01 10:06:00,0.5093306341785023,0.40681868935679916,0.5522158704747053,0.4496400232703125,0.5349195170023869,0.5100236350075755,0.5098152697490596,0.19859514942523715
2026-01-01 10:07:00,0.5122333622797389,0.4457050866369485,0.5241714248354912,0.4858360208293055,0.4904914819723928,0.48387203732306383,0.4868328467502442,0.22349207728217288
2026-01-01 10:08:00,0.4736370411601071,0.46025358684923834,0.5271003368283972,0.5222759884757872,0.4272081838507817,0.5283758677653874,0.5388861811430858,0.19607240604442214
2026-01-01 10:09:00,0.5086665548380984,0.41611436800299584,0.5457988386619966,0.4414150176319156,0.4660634066739306,0.5440356564793994,0.4665249113107228,0.1922889900530805
2026-01-01 10:10:00,0.49227512439359894,0.41879791968945423,0.5002837553550505,0.5141969631079,0.5450793547349814,0.5056703511162294,0.48176411881851994,0.2129022393456444
2026-01-01 10:11:00,0.45973501120027305,0.45395821830442895,0.5642667974367903,0.4883704602724854,0.5382470447650886,0.5131319182937223,0.5170162590877532,0.2025640702282232
2026-01-01 10:12:00,0.4802182268402148,0.4407251766473282,0.5576711968686506,0.5967765476590016,0.566395596964486,0.4927286542198648,0.5001708266526719,0.173072173081451
2026-01-01 10:13:00,0.5118972830019102,0.45024942719753086,0.5505919838203422,0.42982291473262435,0.510494548117466,0.472005970607088,0.4718613679670551,0.19497019446520703
2026-01-01 10:14:00,0.47655325236994256,0.40552977378404326,0.5473872854726839,0.4350119320084825,0.5432735848590876,0.4532180966255582,0.46363700512126943,0.18662152333534818
2026-01-01 10:15:00,0.5451871304821148,0.4417851321970229,0.5965372102784503,0.48252306341415363,0.5480215420252679,0.568273604332949,0.4842397446702025,0.249531123987846
2026-01-01 10:16:00,0.47365869543784245,0.4514079832433516,0.5722548143798355,0.46429485684204364,0.5384844327172662,0.4850777485072131,0.4698550967694096,0.23479488682564767
2026-01-01 10:17:00,0.4686400780934287,0.42407967019540993,0.5470104252027639,0.46686864861393684,0.5781601867896358,0.5529361154504856,0.5057229886109402,0.17120611644735814
2026-01-01 10:18:00,0.5359362185836953,0.44098324456135196,0.5600041394705967,0.4702438401992187,0.5456819447432246,0.5246188449505459,0.4919457980033114,0.20218294581984897
2026-01-01 10:19:00,0.5287220876585531,0.46014387905093296,0.5281524732920941,0.47441071933203083,0.5077834439248904,0.5413126014853679,0.4625583397915184,0.20341178557833717
2026-01-01 10:20:00,0.5233756972071572,0.4917127297191154,0.5351769858506346,0.49213915345286546,0.5502194700106312,0.5354310590366709,0.5456374511232401,0.19109059968375486
2026-01-01 10:21:00,0.5046269287510865,0.514978703472776,0.6584458252700714,0.470557890902461,0.48505782308302053,0.5421299134882781,0.49475253054773655,0.20783243008154711
2026-01-01 10:22:00,0.5044019233250674,0.42156335016287155,0.5537532162667421,0.4952744031700973,0.4908354202786336,0.42241609083944454,0.472554669383095,0.19364225681056735
2026-01-01 10:23:00,0.4693561694859511,0.4621663138748766,0.6433877962320564,0.49352608296081135,0.5473075883799225,0.5413808638053067,0.5114187363035674,0.22728227320579544
2026-01-01 10:24:00,0.4531650329177977,0.42104600953889754,0.5154348953695252,0.49431046205704166,0.5051665073723396,0.5185095938354237,0.47048146779900224,0.17990545434914404
2026-01-01 10:25:00,0.5185447390072182,0.4512303431887439,0.5338864383846239,0.48797380729364875,0.5386098704168087,0.4749186825343238,0.5238052965056211,0.16617078081513573
2026-01-01 10:26:00,0.501200072753039,0.4622289791197836,0.5256082437525275,0.5201760713868049,0.572705156510091,0.49391169897073917,0.5565168072432403,0.1947556775682454
2026-01-01 10:27:00,0.508002544450111,0.46710600874082736,0.550477823126953,0.4900959450042606,0.5553512390029539,0.5507481203044317,0.49945827747165344,0.20215798855159597
2026-01-01 10:28:00,0.4743795625704738,0.4247239058690811,0.5507890822194814,0.4886455744346657,0.5000663290277916,0.5214183531500317,0.46725052638336795,0.1711889346295273
2026-01-01 10:29:00,0.5079473235543891,0.42165250769548945,0.6012131128633894,0.4874649214973272,0.5562819135407918,0.5378362994197663,0.48010233553472403,0.153281768988364
2026-01-01 10:30:00,0.5480768368844605,0.5012965309884166,0.5945616005599086,0.4468204047448862,0.5446683002693914,0.4796506485900582,0.45667742553242086,0.20513497591001378
2026-01-01 10:31:00,0.5183538324533801,0.47217270034286624,0.6018301013411924,0.48064961041778775,0.5125761369127386,0.4947970017606038,0.48957548551114477,0.20532578206705784
2026-01-01 10:32:00,0.49599678925812757,0.4505930741571092,0.5692524727478395,0.49021754167962184,0.5432459279616926,0.4857111446328054,0.45782390835364634,0.18666826425926863
2026-01-01 10:33:00,0.44357555672666105,0.4668695860823271,0.5379770867414765,0.49686437789333276,0.5281865456905466,0.4745698440579894,0.4993841091840419,0.16136381758589724
2026-01-01 10:34:00,0.46806732895763037,0.4062020860250833,0.5303731983492016,0.4633987190203048,0.5352633893142232,0.5259347647708316,0.47487805164426333,0.21049903538307954
2026-01-01 10:35:00,0.48589398710133164,0.43841282529654935,0.6009698273053795,0.4739649733235183,0.4811257903386098,0.5379161690540156,0.5127947431255807,0.2164576415922695
2026-01-01 10:36:00,0.5311838238127806,0.43358652917818935,0.5482679719941379,0.4984380504161013,0.49956007484929693,0.47921696400006547,0.44985092955749195,0.18942269078962007
2026-01-01 10:37:00,0.5200865916176592,0.4279469212419214,0.5600597006819632,0.4523662286400977,0.5101426361924896,0.4954574208578893,0.5041092222735061,0.17990969475288482
2026-01-01 10:38:00,0.4959905517464221,0.4596491144319735,0.580169433659198,0.47687578974672706,0.5305434920626999,0.4979312061483968,0.5029497841261967,0.1876486612018355
2026-01-01 10:39:00,0.5601876728149441,0.42043690711573967,0.5598958365552565,0.4932588104611433,0.5253474691651574,0.5484036423338059,0.5114051864920262,0.20737047961692828
2026-01-01 10:40:00,0.5144917426630424,0.4332742448597848,0.5635053246133311,0.4754120877235395,0.48444635534671704,0.46530637047067963,0.49074292799347685,0.22121778917118198
2026-01-01 10:41:00,0.49113063263752643,0.4375132532721208,0.513126232944221,0.5132431517720698,0.5006495085754835,0.47011401347246623,0.523238400936531,0.21424113116838056
2026-01-01 10:42:00,0.5145877614683261,0.4334461394721025,0.5863468099782368,0.4690024937100972,0.5203675459668182,0.4892527145840686,0.4809024430788287,0.17925700446049203
2026-01-01 10:43:00,0.4665126584331443,0.5039335524333717,0.5864422868033747,0.43327495744901384,0.5337481298031672,0.4727279203213459,0.505147904650585,0.2074019007988126
2026-01-01 10:44:00,0.5081215025867346,0.42178009234120034,0.5939734407746518,0.5573862738757638,0.5709950227791861,0.5244179074861222,0.4501925453562716,0.18333097798818082
2026-01-01 10:45:00,0.46579748554327405,0.45085974896378317,0.6134319690345876,0.45662927933167785,0.5433889333421329,0.5096377260922069,0.5139838787045403,0.21536460085252207
2026-01-01 10:46:00,0.48273842717212867,0.4445467581141986,0.5734497220359331,0.5373538596250715,0.4952738493484724,0.4788336535980623,0.5201740491533939,0.18764931643193378
2026-01-01 10:47:00,0.4854095111812795,0.41373384455031725,0.5400131128667929,0.5549728410770796,0.6113848585534745,0.5284523925457998,0.4666147414125987,0.18084807437356776
2026-01-01 10:48:00,0.49045962578513685,0.47278816933569434,0.550130991023837,0.44718993699681625,0.537892674982614,0.5645454749259339,0.45473765654561454,0.20933233175077395
2026-01-01 10:49:00,0.45412835177131866,0.47290905499906827,0.5281594451207627,0.4597470218799772,0.5137914633687001,0.5388417620161184,0.4505505625180272,0.19564464970547013
2026-01-01 10:50:00,0.5597287712326128,0.43538370660534076,0.5194926853665445,0.4986071961906283,0.5065643549947946,0.49676968235897034,0.4518784586508206,0.21270302662972285
2026-01-01 10:51:00,0.45427113073439024,0.4377019203774139,0.5234587022028617,0.47840441493250274,0.5165506700533378,0.4998765145670708,0.4898029958999558,0.1936527872915408
2026-01-01 10:52:00,0.4687840415704774,0.42299409110489256,0.4835976353015581,0.5102606971284946,0.5148889569675069,0.4780495846504609,0.47990805123041186,0.19938921995657197
2026-01-01 10:53:00,0.5528970148029306,0.45930620427101876,0.5494270634335715,0.518172101806271,0.5467602268668711,0.5172559272525257,0.507151943558266,0.17851118917486197
2026-01-01 10:54:00,0.5260771217635852,0.5000599668191965,0.5071664856117668,0.4443907314946776,0.5638614734776572,0.5005803175901974,0.49374651151078003,0.1740088506827164
2026-01-01 10:55:00,0.474218710212969,0.45342229898046493,0.5543122637467476,0.4632852911303986,0.5125762974669965,0.4721252141342156,0.47528731302589233,0.23020892496644857
2026-01-01 10:56:00,0.522373283681384,0.48007593813630256,0.4760826460184372,0.44567353819105027,0.5082857970274884,0.5473845690937502,0.5091013987847279,0.22206471580131845
2026-01-01 10:57:00,0.4932245304903002,0.46906177715395764,0.5650694169312387,0.5312794402608834,0.49371227547182905,0.4328979159397044,0.49479698103547753,0.19460824656396716
2026-01-01 10:58:00,0.4729500619446622,0.46224801882536865,0.5504783755391157,0.4998100597239019,0.479808780701701,0.49821687541587684,0.4761702605551334,0.1667315406004616
2026-01-01 10:59:00,0.5080710785529879,0.47543587686740363,0.5444265517607094,0.4752817339505005,0.5602422956617008,0.5388979288537293,0.48313114206826496,0.1844333401526085
2026-01-01 11:00:00,0.5162631545923605,0.45472561640636633,0.5297877434806807,0.508126816983032,0.5395865328254151,0.5207692011074313,0.49765720916344447,0.20981710136400772
2026-01-01 11:01:00,0.44590299161457836,0.3993769053454105,0.5187381747313183,0.45490230104687834,0.49664954210035067,0.5343326120114469,0.5071163662695326,0.20250367114564982
2026-01-01 11:02:00,0.47530080151507825,0.4715876207760497,0.5214149215983531,0.4996090990686992,0.5228581823983197,0.5330163141944434,0.4954789154023112,0.1586005565189137
2026-01-01 11:03:00,0.5238390208714493,0.46240262559218304,0.568256081124054,0.5010154759581898,0.4680621420418909,0.5375948963942532,0.45108301133213174,0.21372451334668766
2026-01-01 11:04:00,0.47360179278596004,0.4185626721343295,0.5721659695204295,0.48377279436295756,0.5704273354063505,0.5060066560166162,0.5205533052419934,0.20349327373705478
2026-01-01 11:05:00,0.514233820906315,0.4116677575979504,0.6047700226110155,0.5419056036591009,0.46600678295658426,0.5092157921683422,0.5322729012960747,0.1963673223225913
2026-01-01 11:06:00,0.46455909960830766,0.4927721104255365,0.49823506922517763,0.4455226329590494,0.4756003528419114,0.5288799043330941,0.45828964911011344,0.1760396372788127
2026-01-01 11:07:00,0.49206687541846683,0.4250304998391658,0.5810529572708748,0.5087664267821969,0.4949867181338116,0.5516989255046773,0.5146262175617149,0.19680129793670242
2026-01-01 11:08:00,0.5144321061512305,0.47992714943042714,0.5587281231902599,0.5315904636253321,0.5052475562481183,0.51698075581874,0.5285540652864932,0.19264631832913348
2026-01-01 11:09:00,0.5112570278018983,0.4170952227509771,0.48138630296614926,0.4696877745239304,0.5682550030572221,0.5227918335704969,0.44173409234937766,0.22108738776974016
2026-01-01 11:10:00,0.5289370766382658,0.42894679759114335,0.5313475400206522,0.4748310986249459,0.5360417103054987,0.5833059355053541,0.4796409596682202,0.21126437143838867
2026-01-01 11:11:00,0.4261841992988189,0.4284504920992053,0.5540772614131798,0.4751261838723992,0.5261098974815497,0.48340181545084265,0.5106061709442238,0.19750722266926535
2026-01-01 11:12:00,0.5277138070415919,0.4172018121611505,0.4489293735431939,0.49579062498281246,0.5171365171690919,0.4684440435375824,0.500588429663395,0.20813978718398177
2026-01-01 11:13:00,0.5093442191010775,0.46735084954867845,0.532465749694797,0.42409814904188464,0.4802791650427127,0.5166020875312288,0.45959485228277275,0.17576102247965353
2026-01-01 11:14:00,0.5509441625966671,0.38267137504296866,0.4963716697905646,0.4663434910737061,0.4971360082379012,0.5214539323768749,0.46842483273347496,0.20910833429436204
2026-01-01 11:15:00,0.4876249153701027,0.453987589603485,0.5664860763345013,0.48264926053249746,0.47401509802355374,0.5304324962250648,0.509548322288194,0.1952659049182409
2026-01-01 11:16:00,0.489337150439945,0.4567306522947403,0.5645654625506705,0.5338244871754676,0.46760843965639,0.5050887294867064,0.5262666269841222,0.24045761335285448
2026-01-01 11:17:00,0.5204631727751676,0.4206845457605714,0.5993880881692355,0.4581301445913839,0.49665772776604195,0.5003540673463193,0.4893817935971544,0.22885154867317833
2026-01-01 11:18:00,0.486375746321232,0.5152532326626289,0.568099417831943,0.4715454711393675,0.5309356041371252,0.5331627729288285,0.5194409008242277,0.2279468126213764
2026-01-01 11:19:00,0.5084978845942011,0.4628866738422358,0.5828199569302899,0.4651687776247148,0.47724603508565777,0.49741023825053954,0.4557431306279621,0.20709913023001136
2026-01-01 11:20:00,0.5123710710766792,0.4396668824096149,0.6021706330152559,0.45673131159678515,0.5269988023907252,0.5028364363163226,0.5109005746705472,0.17037445894088274
2026-01-01 11:21:00,0.47392053435079506,0.45513058733312944,0.5873984664954527,0.48633380808731846,0.48926653145630594,0.558930680355068,0.498929244982358,0.21425775805763492
2026-01-01 11:22:00,0.4566808853839933,0.44448701908205746,0.5540726800820015,0.47805579877972,0.5205289872350624,0.488411466312631,0.4387697145930206,0.18870461378951772
2026-01-01 11:23:00,0.46467337745379356,0.4780895433937852,0.5619591397736781,0.4983556703593363,0.48039542920018885,0.4875154872413163,0.49400261252136013,0.22238786728894375
2026-01-01 11:24:00,0.4705629304401866,0.42644819138164103,0.5396813842975482,0.47512762586077745,0.45354612691026885,0.5034332057026633,0.46774215942388325,0.22338204220541658
2026-01-01 11:25:00,0.47134202635715267,0.49444422635282625,0.5340461011483723,0.4876919734339222,0.5494042824633638,0.5109142345505775,0.4934399943178331,0.182512002879819
2026-01-01 11:26:00,0.47067619286625023,0.36999200527115095,0.5390074338986615,0.458955791435147,0.5040587101790125,0.5090338954268795,0.5266209990820887,0.1825818737431039
2026-01-01 11:27:00,0.5017828841239388,0.510786115665423,0.4847761282107097,0.42872698140839677,0.48913660603104586,0.585265313232781,0.5064722899219135,0.1843168363072782
2026-01-01 11:28:00,0.4857776034344449,0.4464413823007142,0.6219620928275361,0.5209545695678726,0.48802964060254284,0.5273033481467796,0.4591114866971013,0.21387193941734117
2026-01-01 11:29:00,0.46317955046572307,0.4760626476388861,0.5857174378380916,0.4838004007302076,0.527524956713494,0.5076067516763686,0.4676027553174262,0.19311740209273529
2026-01-01 11:30:00,0.5132806428276898,0.45583044670581707,0.5521852609761162,0.4769543330287147,0.5251695585690975,0.4932158537646424,0.5372055589217418,0.20045326599741228
2026-01-01 11:31:00,0.5392079239132318,0.45100784752145245,0.577617761932548,0.4432681700314489,0.5164440567940148,0.4753543073403813,0.5088807065804003,0.19229061197708414
2026-01-01 11:32:00,0.46999812877632324,0.39681938520783405,0.5508963439645429,0.4897835954817557,0.5639753982443342,0.5104224788556138,0.49089924080303676,0.16681620214181198
2026-01-01 11:33:00,0.518143639877938,0.46134842308860835,0.6138854738497337,0.5349693055461249,0.5103064356263699,0.47361912671181305,0.49301229729065515,0.19562250832624536
2026-01-01 11:34:00,0.5276384769436459,0.5002440663509706,0.48387268235355224,0.5080702186033178,0.5705178362725895,0.5431850428039072,0.5118485439327306,0.19786813591951966
2026-01-01 11:35:00,0.47134436990976475,0.43179672267056657,0.6069884599189045,0.5059262148764707,0.5528515786538672,0.5361624144934775,0.5411085940650137,0.2322252250109841
2026-01-01 11:36:00,0.4819119622838899,0.45963424599358277,0.5446368090113458,0.4730941325441318,0.4862954493132779,0.47289627707681525,0.5187847843443816,0.17990014221137396
2026-01-01 11:37:00,0.5146221591403507,0.40343537722025624,0.5401502491665329,0.45686203391452423,0.4844605592063246,0.4635145189538053,0.46328852066430554,0.18870769740836874
2026-01-01 11:38:00,0.5143226523347886,0.3986794586847989,0.6297683123279098,0.5044239358199422,0.5068571600445579,0.5011822378354678,0.4876949580915324,0.17792741201358253
2026-01-01 11:39:00,0.4946171700307126,0.4162551510675629,0.5568211886154806,0.5037703753875078,0.4954481223910111,0.5217663222645708,0.5072009849605756,0.2031815956194451
2026-01-01 11:40:00,0.47553687702599384,0.3989482883083646,0.49704236869429375,0.45030334551340256,0.5257071897975105,0.5553320520704267,0.4484343805656564,0.17845005596486868
2026-01-01 11:41:00,0.5110782285872669,0.42819760575077975,0.5986522800356754,0.48199705008183913,0.5449527281365777,0.4671727433110105,0.4867372312379918,0.18673225274728877
2026-01-01 11:42:00,0.5510936134610355,0.38073851278154114,0.5199425644212476,0.4663786844822312,0.5059836719048024,0.506159324288545,0.4775763818704388,0.2006687134062071
2026-01-01 11:43:00,0.5130097093605834,0.403799614155165,0.572266756114061,0.5334397936547771,0.5310023745329447,0.5334915187441388,0.49204258890903213,0.21142716474316017
2026-01-01 11:44:00,0.4732738762123242,0.42473842070186046,0.6492319751251449,0.45157708006119135,0.534768077463654,0.4942026958510872,0.502104044025834,0.19372397566713628
2026-01-01 11:45:00,0.5086076383612784,0.42131412211070457,0.5387425805622181,0.4386948930512805,0.5236209700116868,0.48096102560580256,0.5075124825096323,0.1670042560694032
2026-01-01 11:46:00,0.5304584481604661,0.43813627952798195,0.5138018538340738,0.4238974104822084,0.529811366762687,0.4751749994375186,0.504130012472744,0.1858483993922057
2026-01-01 11:47:00,0.5490578197535286,0.4219429982058509,0.5448562865074309,0.41695367117917476,0.4940610683165046,0.49086018159038636,0.45206546310466933,0.221575247044084
2026-01-01 11:48:00,0.4367863809809685,0.4589718662451091,0.5552584760349752,0.4983718929423122,0.5116107025889483,0.48328426022280313,0.49822046699832245,0.19198670711021648
2026-01-01 11:49:00,0.5584747503354067,0.4350770738650557,0.5526001650351511,0.46024728185918473,0.5028984553717438,0.5220724875693862,0.40980975763555516,0.18953825960139975
2026-01-01 11:50:00,0.4899107134398249,0.4368768749900455,0.6193690044301376,0.46612551965812865,0.5299375540657165,0.47897391655511473,0.45438910866150434,0.20243149985104808
2026-01-01 11:51:00,0.5097794638012672,0.4438386372531546,0.5290436205421335,0.4657425796572028,0.5037870654738551,0.5689523643299215,0.4747842863081034,0.19461655109276282
2026-01-01 11:52:00,0.5184375566226416,0.4448980149314266,0.5543366845106571,0.49757031974730287,0.5348335077299367,0.5298664906693057,0.5508421611008003,0.21098240597008977
2026-01-01 11:53:00,0.4776844704030728,0.473665049737204,0.5945777248179952,0.5096452346768765,0.5037742118544147,0.4828874346939465,0.4698391900049149,0.22061313904052413
2026-01-01 11:54:00,0.497040505130523,0.47201168021866324,0.5479531792363821,0.4891084684805882,0.4663065066317538,0.518033052946561,0.5217600316147069,0.20426437303631223
2026-01-01 11:55:00,0.5085232168088252,0.37227684608898026,0.5244630098594969,0.49103718409892494,0.5453506504171214,0.5097197771711536,0.5042661176064742,0.23011158773770854
2026-01-01 11:56:00,0.4716576819512614,0.4372136771783958,0.5522788001270283,0.45899951488998264,0.5426606977265765,0.48178296076440125,0.5229711208442134,0.20143784601822287
2026-01-01 11:57:00,0.5229311846188486,0.45677746737754804,0.5198046255052317,0.4300134726134313,0.5244301141773825,0.48958213396741684,0.5139064663978241,0.24378571473521735
2026-01-01 11:58:00,0.5828634473916883,0.4578214628094989,0.621894538527593,0.5255534445500256,0.5159708222653624,0.49294409382353604,0.4915753727969431,0.2146570814700378
2026-01-01 11:59:00,0.4939773405933953,0.4445341731447743,0.5473265537426264,0.5250132670490099,0.5337623601512198,0.5422234417081028,0.5230274616953842,0.21591815241430456
2026-01-01 12:00:00,0.4998449293070325,0.46910113900695366,0.5121547025508394,0.49156628427739685,0.5368127124870341,0.5114462713691694,0.4517713497467654,0.21525586267638447
2026-01-01 12:01:00,0.42016526282729416,0.4311631284510986,0.5214161925858436,0.4677588297057021,0.5817232728222527,0.5477541982671522,0.4823833340714557,0.19588390798605199
2026-01-01 12:02:00,0.5082528963233914,0.43087484840558343,0.5765342412881231,0.4676392360314192,0.5458696265525148,0.4700190721627909,0.5021067804587196,0.22587591244675134
2026-01-01 12:03:00,0.48542087598675265,0.3887678660071798,0.5742676127238471,0.4998875038032138,0.5036659998944463,0.49258239252663455,0.5026297513301222,0.21677180826240927
2026-01-01 12:04:00,0.516590584892559,0.4666957563457878,0.5207062978030492,0.5512563129094025,0.5181303574906039,0.5505766733488189,0.4383677290297098,0.21204444292794672
2026-01-01 12:05:00,0.5385265244881869,0.5124983533672316,0.5451372173473752,0.4965595583334663,0.5186553006023735,0.4560788052603768,0.5126423229394145,0.20578590861084742
2026-01-01 12:06:00,0.4654449496885188,0.47758617747844656,0.5449503942450535,0.43377765904703325,0.5332992911996176,0.4796784231560847,0.5272398432091026,0.19772730174325978
2026-01-01 12:07:00,0.5071633353885998,0.42923290223463845,0.5793022066204213,0.4958452058177196,0.45115734440793165,0.4879931752700919,0.5019870129108199,0.2106129927306784
2026-01-01 12:08:00,0.45910825310703807,0.5022462568479703,0.5019574537333273,0.4768751512024804,0.5132249241291563,0.544361454552052,0.5367762282812046,0.1626106016169486
2026-01-01 12:09:00,0.4505514495109714,0.48015656724254335,0.5930522017955151,0.49572531546270043,0.5036449599195342,0.47080775340475756,0.46014069113560424,0.18781576837828717
2026-01-01 12:10:00,0.486088765933911,0.48713686011409846,0.5213976526507234,0.5212137941640327,0.5303683203191253,0.5585978537714684,0.4771478230467899,0.20439862901654487
2026-01-01 12:11:00,0.5065079552573378,0.4180008730339207,0.5452063778390019,0.4831941236629792,0.5767316625792893,0.5549543012177066,0.4635412366235805,0.1654759553143309
2026-01-01 12:12:00,0.48949229891601054,0.43700346417134533,0.6085335104514263,0.4298543526068225,0.5320956935532175,0.48290691968424976,0.4960827334271458,0.19648326537275168
2026-01-01 12:13:00,0.48257424261118664,0.4482961392156311,0.5158534517992901,0.4726824309622998,0.5449850839637481,0.49354542931881445,0.45128384200130595,0.1956607042138785
2026-01-01 12:14:00,0.46581740850948256,0.45261896877342006,0.5650329869360766,0.45330576005386053,0.526921474772137,0.48084355873060014,0.5394532549399845,0.1840248748157707
2026-01-01 12:15:00,0.5491867614633286,0.46253966703744903,0.5249327182887994,0.4485540178261703,0.584657409803612,0.5217195159858914,0.4687989211305267,0.19271509956274824
2026-01-01 12:16:00,0.47706419223492563,0.4527445702416592,0.5844141722725158,0.5174152838326374,0.5181443591614291,0.521036291703328,0.46240821930751597,0.18470078600178147
2026-01-01 12:17:00,0.5563067848444337,0.46138299807315936,0.5111778255166739,0.4554996197211897,0.5271321085083012,0.525995689564509,0.5223580324468426,0.17372433454912126
2026-01-01 12:18:00,0.4636454110326878,0.4227712897866939,0.598403896877165,0.48295858359773497,0.5116300435699439,0.5080158296201687,0.5155676491201423,0.21219051132134908
2026-01-01 12:19:00,0.45317799260005875,0.44958175297113867,0.5357092251860106,0.5165857879128293,0.5178166416846317,0.55923914289799,0.48743051690748496,0.198758711427081
2026-01-01 12:20:00,0.47888341357156583,0.4164395676906277,0.43967563159743783,0.4339150739493372,0.4743376410602035,0.48429870954540327,0.5078995936869918,0.19887333795440743
2026-01-01 12:21:00,0.4578965272477182,0.41995930381652047,0.574416505825821,0.5277233105340132,0.47044196261248183,0.497197877057455,0.5124300759240755,0.19256121117200775
2026-01-01 12:22:00,0.458946253610791,0.4464777573549372,0.5101408441639055,0.537743625125569,0.5114495141873983,0.541978436786162,0.4698648148595672,0.18767792017047902
2026-01-01 12:23:00,0.4781565302894452,0.4530158975428883,0.6229692304374171,0.4640064127383151,0.5575258023505861,0.4778495593300474,0.5321199585588181,0.207768790452898
2026-01-01 12:24:00,0.47884697129486314,0.48409307028568666,0.5192233467328471,0.524008728900963,0.5355857348335351,0.49867933553026716,0.5072299397598807,0.2124729475132886
2026-01-01 12:25:00,0.5226843530048546,0.435850475841842,0.5770682884756586,0.4989703400167888,0.5150545825804183,0.47750995049726386,0.49574317651628264,0.19095169909856452
2026-01-01 12:26:00,0.5208531560861198,0.4858815528968916,0.618385162974263,0.4930900572967008,0.4819946879083452,0.4952103807284536,0.4979353130801606,0.2245923577756138
2026-01-01 12:27:00,0.492997119973217,0.43569601479708653,0.5467502929936099,0.4871393422966644,0.45176296360893375,0.5188538024537943,0.4496561785695641,0.22728245878880274
2026-01-01 12:28:00,0.43869267326452743,0.45869116061813864,0.5938347843395246,0.5240150441409721,0.5202973260723336,0.512468773823349,0.5015918496970241,0.18522263738458355
2026-01-01 12:29:00,0.5032809313327601,0.44072031136798345,0.5517868240145364,0.5129931093156808,0.5131326117167293,0.46164464815126977,0.5234159902603915,0.1618073396012988
2026-01-01 12:30:00,0.45431235406631676,0.4303682705306299,0.6244066288194559,0.45701247943549894,0.5124985422336585,0.44189991620079017,0.4944255342229035,0.17752936037216668
2026-01-01 12:31:00,0.4517747029188063,0.4827967502559555,0.5505487352661363,0.4872004258862432,0.5544423580245554,0.5052550356137273,0.49521420044333403,0.17536496690406486
2026-01-01 12:32:00,0.49272660601434665,0.5370303117484053,0.6135661937004312,0.4899568890211048,0.5508704903577788,0.5541572553520246,0.4313705650854374,0.20555290071373092
2026-01-01 12:33:00,0.5109142790166801,0.4165264657452049,0.5682740898801343,0.45498111315765916,0.5165460480586271,0.5185082498787664,0.4854261133557202,0.193621525162157
2026-01-01 12:34:00,0.55664864442725,0.476551604800687,0.5545001533432344,0.44092670836259606,0.5305577412804431,0.5028809697177784,0.4588334360185321,0.19776795656060575
2026-01-01 12:35:00,0.4490323284706943,0.44893711126694913,0.615026715856619,0.45516431938800245,0.5789408863831564,0.45158151930874224,0.529098382539695,0.22859596250000877
2026-01-01 12:36:00,0.49277988953429536,0.46615173254704123,0.566107764435133,0.42866149470170983,0.48447770586338595,0.468213494999631,0.4626799534354416,0.20308654505538457
2026-01-01 12:37:00,0.5246841758198056,0.48700616613348274,0.524936800308789,0.45400861142070564,0.48213544805106967,0.5330275833207585,0.5134135965038603,0.2097688140158747
2026-01-01 12:38:00,0.4851964390251728,0.4634336835435868,0.47985527282011065,0.36800388016929503,0.4658463149516667,0.5270347412896974,0.5061071327988595,0.2285308887612537
2026-01-01 12:39:00,0.48926129466840207,0.48578245599032066,0.5369629065371394,0.5068078038852349,0.5015927010668639,0.5092369839187275,0.47858864226908,0.22043256381079554
2026-01-01 12:40:00,0.4323657071846636,0.47253938476874374,0.5457975412614537,0.46218515264803484,0.5128150374760152,0.4883486733228496,0.4491876778499316,0.20972506753323855
2026-01-01 12:41:00,0.4421641251499875,0.4482525411053431,0.5451279066640928,0.46179591117417434,0.47889069283014735,0.4942572585272053,0.45658481707592796,0.16349244524490686
2026-01-01 12:42:00,0.47453925567751626,0.4129460540754915,0.5456893662119366,0.47088507463648943,0.4963700113043468,0.5264027732779151,0.45935605043704886,0.24468292600409236
2026-01-01 12:43:00,0.5157850196845554,0.4338773939779551,0.5309816296353614,0.5018501959847895,0.5498660359720502,0.487437995309004,0.5005627871850847,0.17274760587216448
2026-01-01 12:44:00,0.4809296491052705,0.45373957774382967,0.6067775202177497,0.4735830081563758,0.49344383365803807,0.5450579120969687,0.49907395050705117,0.22286970274430978
2026-01-01 12:45:00,0.46444222417296765,0.43595261141849817,0.6777178091053302,0.4782311087344889,0.5829795299541538,0.4878007135047786,0.4989943955043629,0.21225740560471695
2026-01-01 12:46:00,0.5437410950544171,0.43165522613618434,0.46074246504647953,0.4542398371252775,0.5194739735576555,0.5348251705305582,0.5193153340395973,0.19621031191218613
2026-01-01 12:47:00,0.48237635660735256,0.43260314135646794,0.5875616870058155,0.4552431370390097,0.5305343798606866,0.4679753292218528,0.44924615690067404,0.21659723398581732
2026-01-01 12:48:00,0.5420998192659486,0.45072028727569174,0.4813640889794527,0.4448171692583294,0.4376082453061484,0.5220557290032589,0.5188490396046864,0.21877715599270015
2026-01-01 12:49:00,0.5234883647415427,0.39352402889073224,0.5705636811977361,0.5055636402636435,0.5118040255740247,0.4769908294679377,0.4798557766454027,0.15604818811242643
2026-01-01 12:50:00,0.4918151728425669,0.45930571592544217,0.5118497678405273,0.47479821316515847,0.5210908575408973,0.532116933116468,0.5004911951441616,0.1797636925011252
2026-01-01 12:51:00,0.5292319151964904,0.4863111446002277,0.5841113995960827,0.4839328792538553,0.5112411753386039,0.4698908868752611,0.5134399165120933,0.21202098664815583
2026-01-01 12:52:00,0.5005838777144266,0.454111514686122,0.5515427889671455,0.5067170933885532,0.5468669793295573,0.45865763555166594,0.5013120762621863,0.21268970689213926
2026-01-01 12:53:00,0.46666101530656734,0.4771552787040542,0.5713049911557934,0.4520081331635826,0.5070288001807952,0.5343706709258733,0.4770563248888772,0.18537295704969894
2026-01-01 12:54:00,0.5093962933529657,0.39207765889674256,0.6263397624653043,0.4776831574445935,0.5165609898130292,0.5137741124353561,0.46226582353200346,0.20881580467112404
2026-01-01 12:55:00,0.49310045070134445,0.44097235139334195,0.5284424929510689,0.49515503868178556,0.4644220459954332,0.546208341729297,0.4579352337711728,0.21029484799646414
2026-01-01 12:56:00,0.4754306057122838,0.5071281613176597,0.5549227951098793,0.5179121579469148,0.4903148898209786,0.5197370932721024,0.49663473136187286,0.23056454272692692
2026-01-01 12:57:00,0.4899832880687317,0.38220592923230956,0.44309562836307437,0.45592565098817295,0.46574754421185177,0.558656201630673,0.46744679471414036,0.2261724268326837
2026-01-01 12:58:00,0.5129180136293593,0.4664783872140616,0.4900046351520392,0.4901019028990024,0.5509794354577262,0.5211105082262328,0.5334704243496939,0.22425378423257256
2026-01-01 12:59:00,0.5016343709354008,0.435269629678957,0.5838402367103172,0.48490303463108025,0.5452490607334626,0.46398820568423227,0.4803612331128819,0.22794906933689355
2026-01-01 13:00:00,0.4550435747557975,0.3968073292297655,0.5198530000565543,0.507761690037014,0.524231452656723,0.549189088533281,0.5030068510808776,0.18991398930213588
2026-01-01 13:01:00,0.5254583682902935,0.4658081534896603,0.5194329948788609,0.46055365487718214,0.48597534538004056,0.5284258676229213,0.5251091580168445,0.23611878322564223
2026-01-01 13:02:00,0.4762721257236904,0.42623098503206736,0.5047657508406932,0.47707183463841996,0.5031352988899409,0.5083265538759281,0.4977393841566663,0.19158471316027362
2026-01-01 13:03:00,0.5413917738345976,0.40859444964352426,0.49630370647345784,0.4822477785487694,0.5251954276211361,0.5392364385059047,0.5520070057591764,0.20386877932653055
2026-01-01 13:04:00,0.4605981427472029,0.422158091257274,0.5491293868368299,0.4875945571551873,0.47518043632953666,0.4798352887602424,0.4677589850568006,0.2147275146275008
2026-01-01 13:05:00,0.4690037564052017,0.4857347985257268,0.5723403475605783,0.4713160409075788,0.5125427715984064,0.5509458273532745,0.5049737050237899,0.18780303698688985
2026-01-01 13:06:00,0.4770234118407963,0.484400189343282,0.4512127166919263,0.4703085067346005,0.5319637307850265,0.5415954114165715,0.43231396364253083,0.1621981586401105
2026-01-01 13:07:00,0.534411892652457,0.43249733802203877,0.48445107247957475,0.4604404704630887,0.5405278722887831,0.5432851109259923,0.4911494435805863,0.2340237081813844
2026-01-01 13:08:00,0.4731069308941228,0.4565675941326259,0.5158627170438701,0.5290186576797353,0.5328542975566245,0.49646169527984235,0.473762483904164,0.21058817794230342
2026-01-01 13:09:00,0.4886455799342375,0.4709303083862583,0.5537205685939177,0.4810819965345091,0.5412523114245362,0.5822904185401303,0.4923786522659415,0.2162206771510267
2026-01-01 13:10:00,0.533383712952266,0.4186244919591282,0.4994479550418669,0.5190919560665765,0.5445156944428727,0.5267536322114611,0.5138825024750371,0.17922479907872552
2026-01-01 13:11:00,0.5249760379293973,0.4150122576634426,0.48826254359886173,0.4910016291739004,0.5088343011957701,0.5462515807439716,0.4941211348461043,0.18349103891202262
2026-01-01 13:12:00,0.4961245455461925,0.3939374757001375,0.5374950637686148,0.463075063616369,0.5491185439848109,0.5291132901898831,0.5014133700357195,0.1969370700303235
2026-01-01 13:13:00,0.4502494625307333,0.4050308177441466,0.5368058606475894,0.46583382339311924,0.49718575347910676,0.5181383474951834,0.47656540828774163,0.1893100422271815
2026-01-01 13:14:00,0.5008437054496799,0.41063213059350584,0.5733522234222994,0.47107886764610446,0.5216154527451425,0.49600636034244017,0.4793161847815335,0.1916693050518129
2026-01-01 13:15:00,0.5431518955127738,0.4139033708975153,0.5374466199284704,0.47680835734222043,0.5369936946407601,0.4640813504106696,0.4498587716917057,0.18942098954053066
2026-01-01 13:16:00,0.5078038073293695,0.44064979594464265,0.47930639498202,0.49095525753239955,0.5069085189199911,0.5010179123866063,0.4743553176189892,0.20090766488061632
2026-01-01 13:17:00,0.47227834189614065,0.4706956081175172,0.5547821126925653,0.46649453698573323,0.5272450335769403,0.5267910578571453,0.4884613835211307,0.21694236113999402
2026-01-01 13:18:00,0.4127262354143817,0.42173226584129286,0.5689171119627445,0.4897586833970749,0.5624899759571965,0.5764540084017353,0.5152610915842987,0.15663204998164323
2026-01-01 13:19:00,0.5212503839997411,0.39884498703807536,0.5853187675890957,0.49860723019502423,0.5721912536358603,0.5130768655633736,0.5032018023624825,0.18987847934937532
2026-01-01 13:20:00,0.547776111243702,0.44831898156274963,0.5196847164394381,0.51345500972954,0.5382429616546087,0.48683269720011224,0.4097037773237239,0.1876193389090801
2026-01-01 13:21:00,0.5295497668928236,0.4147088224013625,0.6151210349675321,0.45214060654846244,0.5358643698063547,0.4963337142657056,0.5019687785363518,0.23088930202248784
2026-01-01 13:22:00,0.5380308540309402,0.4507938809946458,0.6242303989326042,0.5251733901198339,0.503533242534143,0.4891254022203163,0.4622682330696786,0.20111520862846746
2026-01-01 13:23:00,0.4945226437767107,0.4408827652217888,0.5222691501643834,0.47372743799392003,0.5035229669520924,0.5361876163144702,0.5098692793243361,0.21568991504639526
2026-01-01 13:24:00,0.5173079750966706,0.48273396924197864,0.47806455192394953,0.4548959468187061,0.4913137288664654,0.4990682368545514,0.46413557217522766,0.21981592207267978
2026-01-01 13:25:00,0.5030570338937286,0.3989230890486836,0.5524331998020997,0.45427607529665004,0.48913214672479005,0.5400734151622739,0.5007447567548929,0.2144411211988251
2026-01-01 13:26:00,0.4856462039678061,0.4354773958015789,0.5268925022204607,0.4598562607347792,0.5434913305558345,0.46458530562260036,0.43834999762862303,0.18770288373548522
2026-01-01 13:27:00,0.5297808333722243,0.46021136622012054,0.5476807005948008,0.5025122752886929,0.5263620810503038,0.4650793837652082,0.49817361007717254,0.20644417100594703
2026-01-01 13:28:00,0.4793559075716739,0.43782548377513647,0.567637442578334,0.49469961355245035,0.5263865701605358,0.45297321438865723,0.5184514617427556,0.17593966288329882
2026-01-01 13:29:00,0.4810430051563043,0.5098553464408555,0.5546536226518072,0.4515816607384149,0.5219742241617634,0.4674317144836542,0.5693574109691479,0.1849254681500167
2026-01-01 13:30:00,0.47528284578682445,0.4728337299725156,0.5255500705116092,0.49947436793904826,0.5073405653737197,0.46468708420222077,0.4844753634316069,0.24237618824520377
2026-01-01 13:31:00,0.5387458125789977,0.40832139232085995,0.5409594157064964,0.4723568743999958,0.5236438402842635,0.4552422251864935,0.5291686457684588,0.21346763503399332
2026-01-01 13:32:00,0.5070464483459597,0.5107689576687218,0.5443808011706888,0.496511477156351,0.6174269966667688,0.5340929047174686,0.44494216048865887,0.19455153597980077
2026-01-01 13:33:00,0.5053594729170344,0.4313373936833531,0.5989259353094155,0.4850190412396593,0.5201390052263825,0.4966551415435485,0.5113725789794374,0.19965999853161379
2026-01-01 13:34:00,0.5305846391798992,0.43180171322800287,0.5105461496677441,0.4856958351748645,0.5906167003255639,0.5327251626717492,0.527087303633155,0.1483001751567863
2026-01-01 13:35:00,0.5353712924461373,0.45844357420948734,0.5250186153525044,0.47254246318165927,0.49627269889880893,0.4843487911409542,0.5168401235550326,0.2073404368708162
2026-01-01 13:36:00,0.4703165110931157,0.49774428996423775,0.5582884335855843,0.555642175172553,0.5486891350812179,0.5457801273832232,0.46619036963585514,0.17824271583157653
2026-01-01 13:37:00,0.5136170438252279,0.43215478555446046,0.5348086885566559,0.4677829525792272,0.5210008806296531,0.5117773218443319,0.5093813564584385,0.23518565277198042
2026-01-01 13:38:00,0.5247776718800868,0.4329258386309104,0.5537637262629702,0.5166942793535136,0.5625312406946473,0.46363162828391,0.47623849385906875,0.20271874102988785
2026-01-01 13:39:00,0.48304791917154344,0.43586978916533636,0.5194860458795243,0.49788999513176563,0.4885162135357587,0.49893377028081815,0.4882599233684785,0.13852157482183675
2026-01-01 13:40:00,0.4767111785970762,0.4152526488802353,0.5522127581308638,0.44840100919064907,0.5395987655311167,0.4974553194236053,0.516863434680515,0.1827851261584993
2026-01-01 13:41:00,0.5469209286294802,0.43396906384163964,0.5802319737301859,0.4410213481998272,0.5457404200787954,0.4944467977105194,0.52037622063044,0.17861354806330737
2026-01-01 13:42:00,0.5076855074499892,0.44678460798408837,0.5716322254450511,0.49657638793344766,0.5196325936204796,0.45862854059198455,0.541767262624749,0.17511365829315426
2026-01-01 13:43:00,0.48485328137629025,0.44346632139132763,0.4944781393465178,0.5185040098156976,0.5349735313992929,0.4722383530669521,0.4846772145966709,0.21669396702029908
2026-01-01 13:44:00,0.519200372011521,0.4398957477041163,0.5738045098972603,0.4636903880081341,0.48838643796716186,0.47523550657653757,0.535837471439828,0.1793225871208989
2026-01-01 13:45:00,0.506608238636216,0.46773055606443464,0.5446198729522708,0.4053080506101501,0.5222176641787952,0.5280773610070136,0.4841830735807621,0.17951317822194152
2026-01-01 13:46:00,0.5101285924023734,0.42728894012994195,0.5600377089971836,0.4977404570129398,0.55447981798037,0.5397997401529171,0.437196898137382,0.22104911394519405
2026-01-01 13:47:00,0.521673049610682,0.47016510384586097,0.5296046304999379,0.5272387261291385,0.5113943357472391,0.4950871409394369,0.4548548663457301,0.2051966183922505
2026-01-01 13:48:00,0.5428180756794887,0.4565331823805221,0.5301172532514583,0.42758505385714357,0.4909935257519699,0.5474525934402342,0.5120195989823715,0.18574765059355694
2026-01-01 13:49:00,0.4931683331742873,0.4776236108648807,0.6024407389105474,0.5089572630277647,0.5246429897494637,0.5499143263351698,0.4954911881724659,0.224688669235473
2026-01-01 13:50:00,0.4608411150347219,0.3875764009338252,0.6084980764508919,0.4883024904837143,0.5667184365380208,0.5692497912342044,0.5248075731574905,0.1869410092413194
2026-01-01 13:51:00,0.4843589511806903,0.4141776066941486,0.5343395573929446,0.4713487567091508,0.5252800756447741,0.508265673480131,0.4573069611875119,0.1305055734533212
2026-01-01 13:52:00,0.5301480223256505,0.44905362285974665,0.503154994917892,0.4871456433432383,0.5693274296843338,0.4762513213635568,0.5089274831183134,0.20029926148893692
2026-01-01 13:53:00,0.502850314657567,0.45658171535548475,0.5560324176346891,0.5437241450280536,0.47541672305854427,0.5027968857227918,0.5029793461160947,0.16669081247536435
2026-01-01 13:54:00,0.5599622338857831,0.42675524499039713,0.58392651696876,0.46920250629138577,0.5172566727974215,0.5546148919358825,0.44561963177785785,0.1956329860705397
2026-01-01 13:55:00,0.47595394077163117,0.4499376814404595,0.5355592692699875,0.48396335600653584,0.5039348985482396,0.5012836967458174,0.4246836902791979,0.18867404186261072
2026-01-01 13:56:00,0.537421362179966,0.4303707934013117,0.6371871246833926,0.40893261450140483,0.5491128621997287,0.5471063315868722,0.5352717696489965,0.18761672028240126
2026-01-01 13:57:00,0.4989344277142955,0.41560847789783073,0.48592578198470154,0.4367771945748263,0.438402062093994,0.5495779361605436,0.5145362548295386,0.22529193431322841
2026-01-01 13:58:00,0.4888886230270554,0.4322162610852593,0.5199396893669246,0.45643869559390404,0.543033917549594,0.4999176377465332,0.508707210242156,0.19180337513931833
2026-01-01 13:59:00,0.516669463031875,0.4549822352492961,0.5333128107352665,0.45714957137623025,0.5235160771196092,0.48266327748732835,0.48961989599371347,0.19792019709378686
