记录时间,回流量(t/h),再沸器蒸汽,塔进料,顶温(℃),釜温,塔顶压力(kPa),TOP_PURITY,釜液位
2026-01-01 08:00:00,81.37106553941291,68.25366323444943,121.04162279271662,78.51424817191167,111.93547267626515,134.64622435820897,98.27351194926146,51.727403599758404
2026-01-01 08:00:30,82.30389652475361,67.9053916995408,120.63723744070734,78.55535832924258,111.87867654608122,134.35429120167305,98.12476014769184,52.04046652557376
2026-01-01 08:01:00,82.19799319247257,68.25687564103119,119.06111377220357,78.5632026818159,112.01627095657706,134.83029383342944,98.29497165069377,52.22807219734316
2026-01-01 08:01:30,82.44693515366716,67.84552218410366,121.22193304908983,78.56532413434248,111.85259270228318,135.11689052589992,98.23406716413768,52.46937720304349
2026-01-01 08:02:00,82.17554208929901,68.14423426825704,119.27043674683895,78.49855387057835,112.10827639344213,135.148060557051,98.20448053631782,51.5417359218938
2026-01-01 08:02:30,82.41671850276771,68.3840888940944,119.95446699462659,78.49879846784044,112.25935989600906,134.3771415313806,98.27193756284348,51.93480199788718
2026-01-01 08:03:00,82.73631728492904,67.68067134494162,119.29393030366947,78.53948244161096,111.9288099888496,135.4636939979795,98.31558300403766,52.19619076196385
2026-01-01 08:03:30,82.70604571656013,68.20647921440985,119.58290321164674,78.41354254487526,112.02813686881947,134.75022749604463,98.19449372050714,51.70500927828518
2026-01-01 08:04:00,83.30978969514202,68.76932102822947,120.45085368145206,78.52229798819143,112.20699557031716,134.81340926989742,98.24105206790769,51.697812185570164
2026-01-01 08:04:30,83.03302151514197,68.23311961228566,119.61251239695406,78.56927686716077,111.79234139898584,134.4230217772824,98.22641573177593,52.17459229729369
2026-01-01 08:05:00,82.9835304531305,68.61927217822097,119.19624703431332,78.52642268684792,111.91168831774574,134.8086805189809,98.23669619840608,52.65860312086098
2026-01-01 08:05:30,82.69876217693104,68.62051879059086,119.4245166132259,78.49468517521332,111.92673962013856,135.4088557446654,98.21476187804818,51.007295405265864
2026-01-01 08:06:00,82.94021732194334,68.87145349808173,120.10198540329375,78.5530188569174,111.92362404680826,134.45138465101996,98.05841295543284,51.488746195028604
2026-01-01 08:06:30,83.17545521120921,68.76659756402145,119.47851618722628,78.54523834215976,112.0265749879653,135.04104956662857,98.15307995116942,51.556815342678945
2026-01-01 08:07:00,83.37652327273088,68.92591190653067,118.8226290437258,78.52057167117731,111.95394463967425,135.8315244782686,98.08327629409999,51.108825573578066
2026-01-01 08:07:30,83.12460284105732,68.68620402640163,121.55300139252391,78.58124310124036,111.96466242629761,135.1111226465193,98.25909756752681,51.38802654090421
2026-01-01 08:08:00,83.45327459333637,68.70376234325852,119.98186690042311,78.4246124066633,112.09242830558443,135.28442762974305,98.1972688962389,51.69282430908344
2026-01-01 08:08:30,83.91079007767135,68.78729455227068,120.36581427973668,78.51876172054237,112.03206261207293,135.34555946843003,98.30048822428567,51.15132603710539
2026-01-01 08:09:00,83.55276117240487,69.03967430758789,118.12905076670175,78.54578624608202,112.18063391345851,135.92528344604156,98.28714416198824,52.139512215972324
2026-01-01 08:09:30,83.41217214093666,68.68413689965743,121.36790451221387,78.41665663227137,112.0335304539161,134.57655018072845,98.28343401088948,51.91020321043695
2026-01-01 08:10:00,83.52743404977079,69.05007493976956,119.01932599966106,78.48527808063405,112.00600960981593,134.40032663191218,98.26684146136334,51.77255792289493
2026-01-01 08:10:30,84.27378235702486,69.01971539220614,119.73638455929415,78.51438618949516,112.08819260741016,135.57994739371625,98.28195816271091,52.02700757598798
2026-01-01 08:11:00,84.52265515767279,69.1515435437635,121.27199242438552,78.48521722147905,112.15625429935757,135.76249461661718,98.18259834065047,51.90865391020629
2026-01-01 08:11:30,83.69801188614464,68.93039506742922,120.98785986936194,78.48151599047767,112.03292205931467,135.19819084361228,98.13614407201601,51.61402913437122
2026-01-01 08:12:00,84.46386179869701,68.59352610131867,120.40346397964109,78.58319587362679,112.03768939371795,135.12544150211903,98.21000699406805,51.58378742240183
2026-01-01 08:12:30,84.13586828142212,69.5558159665093,119.2483154865148,78.52382955667557,112.11878576402185,135.3426449503901,98.19332351100154,51.47056730050463
2026-01-01 08:13:00,84.1113569039324,69.34302538873119,118.60053042688189,78.55185754035223,111.98006274213844,135.1024312376738,98.12377245342171,52.61674380786121
2026-01-01 08:13:30,84.21143394305166,69.53642690398873,119.38173201857254,78.51052704476001,111.99071336796818,135.83215518350258,98.24764047309519,52.20019618817163
2026-01-01 08:14:00,84.07304315550446,68.8971966277169,120.58122223401348,78.53375295706262,111.91774299124859,135.07500764860447,98.22090501325346,52.2536120456042
2026-01-01 08:14:30,84.69922904549853,69.37571525461766,121.19194028700703,78.62996812770618,112.00033176747269,135.19103461439263,98.17792529503562,51.5384526926073
2026-01-01 08:15:00,84.97782550267496,69.282432015814,120.35743197676452,78.45786401986662,112.02992743682961,134.55360296800222,98.13638222123726,52.42849625691276
2026-01-01 08:15:30,84.65970008910035,69.38286551918334,118.96079160824138,78.48484471371809,111.91911580384406,135.25973160023824,98.2478334269868,52.18187453979287
2026-01-01 08:16:00,83.99531032439681,69.44028279418772,119.5273152317062,78.51473155171446,111.99447183036904,135.57017606651627,98.08440922288095,52.458101849645644
2026-01-01 08:16:30,84.76071921717713,69.7743546445557,121.66302621083932,78.45267657029916,111.95005370597147,134.79052234501347,98.2472322915035,51.41909387652892
2026-01-01 08:17:00,84.59841862722024,69.01682251444058,119.58009304729595,78.52217041267201,111.90990368197119,135.0270949286531,98.24731819536345,52.494917760408384
2026-01-01 08:17:30,84.73646907883622,69.5643517800814,120.8171217272119,78.66376982893163,112.03435126081114,134.65697895505068,98.12659641465527,52.29362826472111
2026-01-01 08:18:00,84.7590208471066,69.87346957654042,119.91759877274517,78.41980135112024,112.0859129333546,135.05999907540175,98.16783539043828,52.75044437575822
2026-01-01 08:18:30,84.77492328650256,69.87367609621796,120.17493372372418,78.6037604184966,112.00217869571273,135.13841630542964,98.14263322163204,51.834328388079925
2026-01-01 08:19:00,84.37500650281437,69.11852301816913,120.49955200070954,78.48277436345118,111.95933995775903,134.6069003333627,98.20089129514642,52.29838724759997
2026-01-01 08:19:30,84.76073854976728,69.44966974501929,120.02855536176543,78.48367509149853,112.19324615041477,134.91791289598186,98.21990310273088,52.19404092363442
2026-01-01 08:20:00,84.67081159002522,69.4453298478487,121.18755466389968,78.37669751224642,112.04684321061039,134.80939255896376,98.40184623248392,52.347238377792934
2026-01-01 08:20:30,84.95881575457598,69.63494360146709,120.09063957626215,78.53750466022704,111.9301450468087,134.76426797407592,98.17211895017176,52.34297520850291
2026-01-01 08:21:00,85.74521385412451,69.41999093514833,118.94118571075897,78.46907376967779,112.05497430524927,134.58917365178186,98.07401279529596,51.88842082054383
2026-01-01 08:21:30,84.62001495571836,69.85709735448492,119.81872280586398,78.53621904532125,112.08548410142238,135.0737097697506,98.2184020253453,51.40254412773825
2026-01-01 08:22:00,85.22801383159786,69.95161825965077,120.73192762634065,78.55996387174433,112.0154353702235,134.74288325457445,98.18716853525324,51.73249385318091
2026-01-01 08:22:30,85.73372396540182,69.81199779752478,121.53306040689807,78.45579490923674,112.10446307099984,135.1161123135294,98.175371769472,51.5930311975819
2026-01-01 08:23:00,84.9402153205813,69.50094027447477,120.78982981259372,78.46323029884859,111.97671293826778,135.18681028225967,98.28039416271879,51.678376619873845
2026-01-01 08:23:30,84.8278779004214,70.20830444014642,120.11070350837802,78.60080448246953,111.92088501469253,135.01826767477363,98.26163540395603,51.95069070120524
2026-01-01 08:24:00,85.10163189531998,69.76920499430649,119.98589487839224,78.55080586286249,112.21074407261877,134.44524969363974,98.14094528611463,52.2255822961823
2026-01-01 08:24:30,85.17893315084639,69.92682861072957,118.78936865576644,78.47993142169715,112.05455284255932,135.21036524815366,98.21353814768278,52.68278748150542
2026-01-01 08:25:00,85.22453686328446,70.1270781840921,118.51002041914852,78.52130880525146,112.0849134501223,135.19007575494973,98.16811739384697,51.871309519325315
2026-01-01 08:25:30,84.83993448865075,70.02698469474802,120.84182935103236,78.62642226198872,112.02346020045623,134.9564813289851,98.29709093801029,52.73460116319659
2026-01-01 08:26:00,84.72925022312306,70.08635509336763,119.68038275653204,78.34739513728397,111.92409528037976,134.82257973094517,98.2936080461573,52.26355852836323
2026-01-01 08:26:30,84.78496556038827,70.51144155059524,119.67216876857859,78.48930773117597,112.070152634758,134.880855697347,98.22050335817725,51.911936736960605
2026-01-01 08:27:00,84.60735038923787,69.7888177139873,120.73633365433685,78.392659259078,111.8817808669357,134.58109928098273,98.15455806904264,52.177990170609434
2026-01-01 08:27:30,85.01218878501105,69.91607731801469,119.61737141258915,78.53554822382065,111.92321070740377,135.0842038110258,98.27864380412684,52.27057159743288
2026-01-01 08:28:00,84.46816669446775,69.89846417282715,119.97627089694451,78.59804373474303,112.00962055609196,135.0332819671402,98.29766771561773,51.43213014822428
2026-01-01 08:28:30,84.95259749983224,70.02812714934927,119.70752039929621,78.47406091222776,112.19323562153917,135.09448200912163,98.2890882899021,51.74407991780247
2026-01-01 08:29:00,84.73319977273215,69.82314796508976,120.91027070228839,78.47073057222357,112.01044479232253,135.1300723106878,98.2105481239914,51.854736391738676
2026-01-01 08:29:30,84.61411452117677,70.23110633838228,120.92843179783502,78.35533421840526,111.99496801729386,135.19755591039612,98.20485315762942,52.17147598111831
2026-01-01 08:30:00,84.18746497648401,70.35858601855861,120.4503810466818,78.51093063177068,111.9653955968672,134.86808837828957,98.17152495321488,52.19340488283517
2026-01-01 08:30:30,84.9601765037254,69.98876790896026,120.26958730909074,78.54629401183202,112.12640178718291,134.71889656946314,98.19240767949712,51.74627611204073
2026-01-01 08:31:00,84.35299909119915,69.96326975350868,118.93120100321259,78.41476983488748,111.7759424632358,134.8781163083629,98.23524602149193,51.955897694004086
2026-01-01 08:31:30,84.17416762781512,70.18951292269747,119.88190389778612,78.5561036019274,111.97207800342814,135.78090904482966,98.23192166553437,52.8388306811642
2026-01-01 08:32:00,84.43956249120616,70.09811242485007,119.5140733916911,78.46420041909836,112.03382550864181,135.10672367176826,98.24273500423438,51.978324000457455
2026-01-01 08:32:30,84.78724649894882,69.93135444854758,118.04500462590396,78.46419849823472,111.97013678612785,134.50089767725683,98.1672889407669,51.02801213207764
2026-01-01 08:33:00,84.4793982396952,69.86576244148807,120.00876564926934,78.47220179857365,112.07140243050407,135.4173687584726,98.17802363459472,51.65621547714526
2026-01-01 08:33:30,84.16283093925206,70.34649229732112,120.53133589314511,78.56920805071502,112.18965219718613,134.71257393261683,98.2864003824371,51.91906311578535
2026-01-01 08:34:00,83.59404683284303,69.88053684417783,121.34902985903095,78.5926548627206,111.91820984412901,134.75099103777615,98.1955495793328,51.98395448574333
2026-01-01 08:34:30,84.61243371146047,69.79133667080991,120.28751075989844,78.57902745536903,111.98369635285465,134.07034073972346,98.1498027258873,52.31527735135545
2026-01-01 08:35:00,84.40175458814593,69.83786450450005,119.27167674832896,78.50512258542523,112.02159964040392,134.47687030890157,98.2472714416865,52.3649031309349
2026-01-01 08:35:30,83.88694519018654,70.09753269057504,119.52349653771715,78.4042370604072,112.02911554843028,135.5896007810481,98.2230437208504,52.11849114427482
2026-01-01 08:36:00,84.08034202228716,69.70374731054225,119.46634663531293,78.51003901434396,112.00619177719186,134.36469291376878,98.23671590304882,52.11093100565892
2026-01-01 08:36:30,83.96646868189312,70.07343286025515,119.89036862799058,78.25983327099887,111.9335615730695,135.2111045349218,98.18128739053692,51.62486900674221
2026-01-01 08:37:00,84.48236783612101,69.7558444715324,119.24429663150062,78.48254146924769,112.00383925887355,135.49505597233602,98.29156179317043,51.22946845846656
2026-01-01 08:37:30,83.70654833856229,69.5032853226684,119.88659784089937,78.48040681374925,111.89263099496753,135.12458590880962,98.25563097226924,52.080829868243725
2026-01-01 08:38:00,83.9271783764866,69.79818944158542,119.07864843446082,78.28221364496969,112.04657842101525,134.50920280311135,98.22778704197957,50.808160782626366
2026-01-01 08:38:30,83.58536819688635,70.08161599757148,119.46267062663121,78.45013881987552,111.90706247321975,134.99626907165742,98.19237840974176,51.83176386568345
2026-01-01 08:39:00,83.1986157953396,69.73750130020595,118.97386081734504,78.41605163906549,112.0824501139137,134.90725730281005,98.22748894434915,51.92885571247228
2026-01-01 08:39:30,83.48471532731347,69.99314881205106,119.66146194097475,78.54582206597313,111.99492082786631,135.00647667180763,98.19780383093708,52.723056863936584
2026-01-01 08:40:00,83.55005444755155,69.50397216829221,118.7262397841114,78.47933336781271,111.78518517015961,135.39242278839941,98.27320747476993,52.68555273910095
2026-01-01 08:40:30,83.5851179159574,70.04691319631507,119.52473347663232,78.41237510230916,112.04949043974247,135.72655719714393,98.26943395030558,52.27056786288638
2026-01-01 08:41:00,82.61445189618556,69.84156301559662,119.41706122320164,78.58231452973718,112.07827035273279,135.3542355687057,98.25079642327199,52.930606919469284
2026-01-01 08:41:30,83.32331995193289,69.57442149867842,119.60635719809788,78.49807349415346,111.96723381199183,134.75250512541095,98.21188128933828,51.61191975830305
2026-01-01 08:42:00,83.343514167807,70.03245025750196,119.8251275624938,78.4718721323702,111.94561729761607,134.30139394749781,98.16933778875783,51.899069860671446
2026-01-01 08:42:30,82.72814084361517,69.924595254824,120.8203436127218,78.599120631621,111.99779716312167,135.13387789854923,98.09233556113648,51.92019075111696
2026-01-01 08:43:00,82.73794932562721,69.0544110996375,119.999378051022,78.6136829018297,112.10176561889176,134.41940775096705,98.24048111041387,52.17297813621526
2026-01-01 08:43:30,82.63474339083389,69.39427582028428,120.32863220786001,78.51170457984253,112.14654990063575,135.0287231764272,98.2261671115895,52.0943423880901
2026-01-01 08:44:00,82.98313072727737,69.65173067937693,119.06173095198992,78.4937635103541,111.90557360939572,134.9319570180885,98.16340706441657,52.08338243841609
2026-01-01 08:44:30,82.71839159343656,69.40520092855087,120.88555689834374,78.32783506828655,112.10787303484975,135.08534641941085,98.35126257907328,52.39668013323954
2026-01-01 08:45:00,82.8312262453151,69.80941650693543,119.45511213316595,78.44054838453914,112.00318872358362,135.64406049825075,98.09779240371877,50.77581919820037
2026-01-01 08:45:30,82.2141597895594,69.02345500675803,121.19748872026264,78.47383212418231,112.02069880073665,135.3687382422415,98.25647743588704,50.96865443389097
2026-01-01 08:46:00,82.25338091247238,69.42879104622,119.24958737452555,78.46294935029165,112.05810494244963,134.987687763769,98.13630897017778,52.257078073503884
2026-01-01 08:46:30,82.27010064232033,68.82530422435555,120.45830813383438,78.45961046302273,111.90087737232521,134.70739254661407,98.26106274623521,51.67919743459091
2026-01-01 08:47:00,81.83400951032264,69.39475226885672,121.38813191887884,78.56411041377649,111.87221595866033,135.12390486429476,98.2286939026101,52.630733616853654
2026-01-01 08:47:30,81.53191018611363,69.40198199001594,120.48117078814863,78.67237216279783,111.79736160081907,134.11101123954862,98.18845533726365,51.62279428498616
2026-01-01 08:48:00,81.9101592534699,69.17502159234068,118.43711502724886,78.55874396363996,112.08116662108763,135.41407631028514,98.24824943564609,52.60810867349863
2026-01-01 08:48:30,82.02765368756374,69.10419596728843,119.4091427777823,78.57158795605417,111.96490849970341,135.21934571192773,98.13926320391839,51.49364483368182
2026-01-01 08:49:00,81.6169344898289,69.00844872903019,118.75194871398632,78.6428482179387,111.89054334850505,134.87646924762112,98.20567180544425,52.144445460424016
2026-01-01 08:49:30,81.39975202183521,68.9934446575325,118.2778061318943,78.58772875139815,111.86096743485325,135.6693788905921,98.25539888510313,51.88639512818971
2026-01-01 08:50:00,81.53739623760099,68.80816474316974,121.51957974314357,78.64288126733052,111.83023348492854,134.48951804402404,98.16336994327129,52.45918249157189
2026-01-01 08:50:30,81.45230719126431,68.95045286310291,119.6303139371301,78.49748211970787,111.97619840254771,134.93067750008592,98.25837472820997,52.32871181768207
2026-01-01 08:51:00,81.04347296077115,68.93475542176724,119.64246669720904,78.55747021040538,111.88327030121164,134.97495136318273,98.2222183258198,51.08480492384713
2026-01-01 08:51:30,81.95201540110055,68.66832478660815,120.11893812968782,78.62405151238623,111.94491179918175,135.33769459227932,98.31333875098133,51.553323446569934
2026-01-01 08:52:00,80.88358481798026,68.75559906879279,119.93571915946586,78.36876780529836,111.87493725186236,135.1570208027944,98.08639361577447,52.22411577356278
2026-01-01 08:52:30,80.78178453582412,69.28261138894659,119.86546345037954,78.4683215801499,111.95275146270052,135.66916465081476,98.22441935326098,51.13351018996317
2026-01-01 08:53:00,81.14003615778256,68.29841997303193,120.05990359363939,78.55359431294475,111.98110289335926,135.29635524006383,98.18721511651303,52.080050701133814
2026-01-01 08:53:30,80.82623597487944,68.6733411237975,119.53667216033217,78.47702029922958,112.10441259993394,134.94836676406496,98.2065192523167,52.270321363325984
2026-01-01 08:54:00,81.10040758360643,68.96368460214502,119.53298203376718,78.43078436514989,112.04451878188864,134.85850474369687,98.12516142388246,52.165477067455434
2026-01-01 08:54:30,80.04787158696428,68.70196730166819,120.83546697192449,78.54875274246162,112.10374911847381,135.0228003720816,98.05197297192103,51.75802979201519
2026-01-01 08:55:00,80.49299283894064,69.04973478080562,118.47948549640124,78.4630171474985,112.1666865996273,134.98088186702728,98.21990356660416,51.40699844289808
2026-01-01 08:55:30,80.11154891387163,68.25687601917329,118.74286952824887,78.40444229447715,111.81029718348235,134.42897677415837,98.05945954790461,52.48642468927922
2026-01-01 08:56:00,80.44728434665629,68.53339361133342,120.1206607379323,78.4526484433598,111.73837057184345,134.46011020643064,98.2007849641745,51.10206159899158
2026-01-01 08:56:30,79.82871012014641,68.00128383903083,119.8789951425269,78.44217046106635,111.96271724720579,136.13721717073105,98.25188048053033,51.60460095596858
2026-01-01 08:57:00,80.31876496240848,68.42132765596966,119.73389632513006,78.61823725735852,111.99514997701051,134.86686859020097,98.07581043296929,52.15885774701463
2026-01-01 08:57:30,79.75489014380476,67.8643828452548,118.91826392985655,78.50020601256618,111.96044189229681,135.7870130271054,98.3025997490242,52.002777940876655
2026-01-01 08:58:00,80.14623765649581,68.42631204799707,119.40440617121087,78.53556137881034,111.97420954052087,135.36706506362947,98.28726312100041,52.1157404337406
2026-01-01 08:58:30,79.60445545181061,68.16122566211104,120.65699340839662,78.48293483382514,111.99284597662114,134.62892726058536,98.23415563731274,52.193659210221966
2026-01-01 08:59:00,79.77469121302555,68.26679002393479,119.39429197480398,78.37639497456149,112.0865621151819,134.81503422665483,98.2963604847694,51.821699707207884
2026-01-01 08:59:30,79.91035453983702,68.02988718107672,119.14741328407985,78.42549739942935,112.0113882418965,134.39469771674035,98.28028467575575,52.35715516783893
2026-01-01 09:00:00,79.84586001558958,67.95100963554121,120.57991051859331,78.38937362336694,111.92939934061211,135.2535827398092,98.00886255580723,52.48825854162598
2026-01-01 09:00:30,79.66264281379989,68.18113506132948,119.60522078668411,78.5195472987583,112.13633123987042,135.35491623696544,98.19987620086812,51.517493298663844
2026-01-01 09:01:00,79.34110760024961,67.82980278202442,120.20054574052088,78.6059468197618,111.99285584979394,134.48859379727696,98.2801081532907,52.04653486058429
2026-01-01 09:01:30,79.67462673046128,67.89160445880599,119.5938353574454,78.51367993791067,111.83787291844979,134.92871009788027,98.06568533493247,51.642564604243
2026-01-01 09:02:00,78.7024493777151,67.9361735150755,121.13788636424572,78.53932559819923,111.89307462692398,134.9505189538422,98.21333193415678,51.69059700594186
2026-01-01 09:02:30,79.76040526500972,67.64633261256313,119.14227560209297,78.4103496447043,112.0684225418274,134.92297816337444,98.21086024472628,51.222841317604754
2026-01-01 09:03:00,79.47857902454426,67.29352140673662,120.04431740949411,78.41904006205417,112.0497317233413,135.00031513343433,98.25284071933083,51.964878735630926
2026-01-01 09:03:30,79.46004179361218,67.56586566295549,119.48342849670982,78.51556272221148,111.9016382732413,134.6516271643075,98.19155425800065,52.587301932054324
2026-01-01 09:04:00,79.02947189861567,67.63566995543098,119.54200673656794,78.61273596926877,111.69069394616928,135.24501157020518,98.3303631497149,51.90181015111055
2026-01-01 09:04:30,79.33816773813261,67.21672138408462,119.91597677323993,78.3971067136851,111.82021135557977,135.45380875305867,98.13739976349527,51.80722475132701
2026-01-01 09:05:00,79.1357077401237,67.18830942967264,119.00567510710101,78.59119190162107,112.0835978491166,134.9422713482164,98.17803765018272,52.32255598364111
2026-01-01 09:05:30,78.7748573429085,67.43091905612714,120.2853359487358,78.52232122739329,112.06082348255029,135.04175891058296,98.27204335756734,52.06410175570558
2026-01-01 09:06:00,78.9473760467336,67.27066776619981,120.153423937373,78.81140412709067,112.15465198988161,134.7697153895982,98.22712220440712,51.32680432703628
2026-01-01 09:06:30,79.23502486899572,67.30051210460019,120.01183967640685,78.366194439287,111.96831516039155,134.49341294142783,98.15163031457881,51.87425486163018
2026-01-01 09:07:00,78.8556469132531,66.8788097312779,119.94774570945367,78.38003181868929,112.07757861619696,134.24290795500744,98.12969868032339,51.6655380833837
2026-01-01 09:07:30,79.51928095182586,67.1324189027702,120.930744205569,78.5067281691044,112.09340514008423,135.77698139110598,98.18463931912055,53.23827809969615
2026-01-01 09:08:00,78.78454999086405,67.16464389081635,120.44509628759671,78.45811961824545,112.06161477572422,134.6677033134295,98.14628025805176,52.869872170641194
2026-01-01 09:08:30,78.71819694427516,66.8895291044978,119.94020850405528,78.4649830629705,112.19386728929878,135.5724815393398,98.24192796962917,51.280152911183954
2026-01-01 09:09:00,79.37828917493657,66.98363278198966,120.20008278941194,78.47398357386459,112.08560648247742,135.19491793267395,98.2051887946755,52.05457364549623
2026-01-01 09:09:30,79.29659068810592,67.09719707588972,119.56304946584189,78.48509525155208,111.9592781464163,135.41750135313825,98.12682223944405,52.08529463945843
2026-01-01 09:10:00,79.23689222077779,67.31484688199258,119.70353971701269,78.53237107587431,112.10073156670211,135.3390807871556,98.34836653632864,51.77726499209387
2026-01-01 09:10:30,79.04649951481856,67.4640212130689,122.16891650540143,78.47482104240656,111.8835260769434,135.42839884651036,98.21267341479397,52.195810752038675
2026-01-01 09:11:00,79.04467720807821,66.64159727785136,120.07506432533484,78.54073174178693,111.90278473426211,133.83221454452593,98.15347911835492,51.84105642026418
2026-01-01 09:11:30,78.69797971089422,66.93676922034906,121.86775592464113,78.53606955456216,112.09102529459975,135.41841151740408,98.25711663014285,52.68205683014489
2026-01-01 09:12:00,78.54315650267046,66.55172040385044,119.30869790739051,78.5381612321521,111.95055502457447,135.11346125113897,98.14795058079734,51.4976363587286
2026-01-01 09:12:30,79.20736196227172,66.76171272570653,119.67772876769247,78.5212634861164,112.06203290138936,134.53224910045765,98.29014745734833,51.15426952037839
2026-01-01 09:13:00,79.04763237586963,66.81268882332407,119.51216487505054,78.60713619036481,112.17568385503364,134.78548931960987,98.37737815264865,51.86889193920614
2026-01-01 09:13:30,79.1326676066281,66.81354429467649,120.00955646253905,78.52692252001137,112.11783746334318,135.54330827072576,98.22522207325774,52.0539497137899
2026-01-01 09:14:00,78.8167228404467,66.42149397292158,120.01578164438963,78.52305486515911,111.93355443009264,135.1522447086671,98.13933473702232,51.279723365738185
2026-01-01 09:14:30,79.17593750486753,66.35798008203393,121.0242622572678,78.5199064573262,112.12093971180263,135.37115065893022,98.1736062280926,50.8320442247091
2026-01-01 09:15:00,79.6039955448552,66.98473485319808,120.89123201119817,78.4115210793197,112.08222766756464,134.5953419812008,98.1111398014198,52.12837439775034
2026-01-01 09:15:30,79.33672452552688,66.70608990870215,121.03660202682384,78.50173229444744,111.97525378970913,134.79729335680804,98.19886796136305,52.133144551676445
2026-01-01 09:16:00,79.14627595212896,66.49133729402672,120.38504945495679,78.52724677781232,112.07748642653898,134.67614859510408,98.11419708894306,51.66670660648172
2026-01-01 09:16:30,78.65831152028342,66.59310063935436,119.75954173482953,78.54497167438223,112.02728848563515,134.5275979207732,98.22502429115745,51.03409543964743
2026-01-01 09:17:00,78.94256289926864,66.05473548451072,119.60746396698403,78.45572991738747,112.05087796438075,135.21246353027774,98.15967480438471,52.262475884576986
2026-01-01 09:17:30,79.16320520057113,66.29144997229756,121.01939654610759,78.48390659552938,111.8704193011287,135.37221558738688,98.26078598166822,52.41144103980674
2026-01-01 09:18:00,79.66147427096735,66.22063877081041,119.96535943988276,78.54916813444294,111.93186691616432,134.58955952000088,98.09293581215331,51.7355672697405
2026-01-01 09:18:30,79.59881722848918,66.14418742756808,120.20119401363927,78.42630994304027,111.96714212064163,134.80609894477186,98.23762459272935,51.49774236882212
2026-01-01 09:19:00,79.40906300676781,66.38007561385832,120.60338867318396,78.49166877265795,112.03514497354233,134.8390827486453,98.23453275766987,51.691216530045885
2026-01-01 09:19:30,80.10507440147774,66.0261879110373,120.19791673110512,78.53535682789638,112.0178248972172,135.51204856445074,98.25708049731207,52.18426199042321
2026-01-01 09:20:00,79.7049292519277,66.10724264509379,120.27010649226662,78.48776556726277,111.88148785115573,134.40408493960905,98.20198114131594,52.53044472927955
2026-01-01 09:20:30,79.53084315059509,66.11785881399707,119.26252465888442,78.58864840472552,111.93549836191828,134.46818684629955,98.28863573583075,52.35602827920951
2026-01-01 09:21:00,79.82758415201529,66.06048858751501,120.72693619956473,78.47067331656027,112.00122515322273,134.72336952778758,98.17573984821021,51.4814251115123
2026-01-01 09:21:30,79.41157847790217,66.62565363155674,120.7288457360675,78.3753998865307,112.0458270993439,134.50303893761796,98.24039441240156,52.18504751997032
2026-01-01 09:22:00,79.8949159861793,65.92007434155892,120.87946881549304,78.70636339700204,112.16998340926395,135.19223876648164,98.09384678761673,51.58327444970452
2026-01-01 09:22:30,79.54135387872157,66.14271515158654,121.26863938069175,78.43767807821781,112.07796311114045,134.9951696812294,98.26395700987878,52.38411502131305
2026-01-01 09:23:00,79.78279294132093,66.07170832812827,120.46899444071866,78.65294362566686,111.91757949782824,134.58444871464084,98.28046413107572,51.69123291079834
2026-01-01 09:23:30,79.88380498552704,65.79783931815383,119.80026225733586,78.69992757620554,112.30461619517826,135.24603190061066,98.1376393104336,51.52120185933919
2026-01-01 09:24:00,80.01079634423441,66.27417963496558,120.00261982047674,78.41250649865817,112.05964224994204,135.72727299901246,98.10596708412164,52.23330829376935
2026-01-01 09:24:30,79.72607784406308,66.26073455966339,119.56318890241525,78.4459920583466,111.97930487789567,135.38455682688158,98.09480150004808,51.891116242636755
2026-01-01 09:25:00,80.8626929870932,65.93490747583651,119.38985370733089,78.54961918984168,111.95521451664932,134.82359576478626,98.09834255640219,52.31757566574307
2026-01-01 09:25:30,79.89065467955099,65.94245576781492,119.46917404405723,78.49574510648668,111.98850223351113,134.8650201942276,98.19947465573321,51.84131968228852
2026-01-01 09:26:00,80.12015733386882,65.80947420945262,118.67195270603116,78.58069519234265,111.98296318989169,134.57399446200614,98.17308813661444,51.984730498914296
2026-01-01 09:26:30,81.04740232096295,66.10301989287446,119.98854126867143,78.60179227148339,112.08920075622291,135.09674569670034,98.24573851615538,51.46277972937155
2026-01-01 09:27:00,80.86696467939457,66.4349466465357,119.14332971223534,78.40504195065247,112.14620491159219,134.87440423453597,98.20999069736209,51.35022126706791
2026-01-01 09:27:30,80.43769038325446,66.03998412944192,120.08624527493495,78.4554274430144,111.97525432488999,134.49500285512286,98.16076616806905,52.75522312416121
2026-01-01 09:28:00,81.00999524390089,66.25715952631921,118.52165292036874,78.40846276850947,111.9609526567583,135.49846092125,98.25093706342594,52.55161789503296
2026-01-01 09:28:30,80.8106153104123,66.16181703071348,120.30138833862478,78.63674517402902,111.91237425157276,133.97197221252938,98.21279194942794,51.86520616409918
2026-01-01 09:29:00,80.70122436353783,66.10286079628015,120.00956751078232,78.55282682593041,111.86602926900567,134.8428916722117,98.16312069481368,51.16828851501154
2026-01-01 09:29:30,81.14693069159041,66.21196911008009,119.88853103521419,78.48741795720133,112.134140985539,135.38530571804972,98.18168304551537,51.610833503815215
2026-01-01 09:30:00,81.32438505132683,66.03997806224075,119.59575486961361,78.57500484528809,112.06528844275138,135.14358934809908,98.22041922443586,52.245427534100195
2026-01-01 09:30:30,80.71724831964953,65.58071780697242,119.37476349462636,78.43307280279167,111.9221651403345,135.3244348268193,98.24564364338542,52.06259177864125
2026-01-01 09:31:00,81.10851544221678,66.18583594961567,119.42829843196706,78.55229093084986,112.00952727466107,135.30688418925925,98.21461044107284,50.96501391297284
2026-01-01 09:31:30,81.69190269589821,66.11403735270736,120.36512162248108,78.55604126922184,111.8268738068063,135.36793195192337,98.09622136355236,52.34311283366719
2026-01-01 09:32:00,81.28814262728768,65.75482500129485,120.44331939040859,78.51006078496789,112.16809111802117,134.94675541355488,98.28147548064531,52.08733184342637
2026-01-01 09:32:30,81.79357271388247,65.70486130027967,121.0954004522203,78.6650816097576,111.82002260985529,134.9895438955779,98.31272773678954,51.909183058064784
2026-01-01 09:33:00,81.39632278763058,66.38959296395339,118.96470138450356,78.40806035455746,111.85200117613971,135.25173205777457,98.11543906429364,51.40099093197032
2026-01-01 09:33:30,81.77117477149251,65.83530359902903,120.62105914541749,78.57671047141919,111.91662239377938,135.5559856733957,98.2656699134979,51.92003244841756
2026-01-01 09:34:00,82.09476739362621,66.30435465547349,120.1745624638052,78.63757456966755,111.95082518749373,135.09307674424986,98.30281084076398,51.81615795822834
2026-01-01 09:34:30,82.16301197947203,65.79368114466486,118.62772605932298,78.47250073206382,112.16085001019074,135.17055778093996,98.07129091293167,52.5271846942435
2026-01-01 09:35:00,82.43975179602919,65.90670809726659,119.62695080041304,78.48621626299986,112.05347236768499,135.9774124734047,98.17237589244858,52.28160928595972
2026-01-01 09:35:30,81.51199527626596,65.91816412041982,120.0815452282636,78.48700315699307,112.0203663249385,134.64535753934456,98.2549497891846,51.937680566731636
2026-01-01 09:36:00,82.6267856849674,65.8413342994147,117.97858747086387,78.5421083332875,111.9904550572303,134.4459205805011,98.22823581243573,52.203494679599544
2026-01-01 09:36:30,82.54219567545711,66.27745768973374,119.64931499389594,78.35092839744503,111.86759721680905,135.08802783374972,98.1189196060874,51.39402556199134
2026-01-01 09:37:00,83.05680241149147,65.59130310119176,118.92743339581129,78.46358264286322,111.92378669412633,135.15271909835832,98.14246622062261,52.22770835735905
2026-01-01 09:37:30,82.52160911796447,66.20639203307705,120.32972152669002,78.50706469475332,111.84671699341185,135.27243328300085,98.25212885943519,51.881647622956024
2026-01-01 09:38:00,82.63601364716719,66.25130308289563,120.29130925101342,78.64353196580124,111.8253614655213,134.9345163931561,98.296711005291,53.01144033382136
2026-01-01 09:38:30,83.04373096748796,65.97422083529159,120.98776176338471,78.44168038557703,111.9221924258868,134.87138756461758,98.19835144959241,52.721288716829456
2026-01-01 09:39:00,82.79838155375246,66.78682884294251,120.36198835663886,78.47745458970498,112.03645201379042,135.30883697238437,98.27850906886461,52.69867031553441
2026-01-01 09:39:30,83.11408941222545,66.37619312241556,120.65639913860579,78.46045007366591,111.85748678361885,134.8321365100072,98.10864834834123,52.17747825575029
2026-01-01 09:40:00,83.24616440248045,66.20964595001004,121.04341266030512,78.4379501642581,112.02332934130241,134.90448581755098,98.25573486578813,51.25936147352207
2026-01-01 09:40:30,82.95375510535774,66.36664140401663,120.74796932990905,78.51689015489951,111.89755510485435,135.6524090714009,98.22381131995296,52.35644395144087
2026-01-01 09:41:00,82.87210531103952,66.3072369246644,120.08145360164004,78.49481546341259,112.00176329078354,134.7121528841684,98.06338590558138,51.71761534473794
2026-01-01 09:41:30,83.04132673197522,66.61769027567047,120.23918279547357,78.54894845429156,111.86798476400062,134.7002064965509,98.2106736333903,52.559696682223596
2026-01-01 09:42:00,83.18796935781769,66.21889730918502,119.79362768595097,78.4870070022954,111.7784870897009,134.91244274270218,98.14064575846369,52.584551055135414
2026-01-01 09:42:30,83.28186052096056,66.81818003720055,119.68092202296744,78.52051192915712,112.09801427487788,135.0121897940077,98.20917331818089,51.562800071995476
2026-01-01 09:43:00,83.35955983998385,65.81480215887132,119.78014867797323,78.44388211049373,111.94686236726338,134.98711860569173,98.29765599755224,51.564546843577595
2026-01-01 09:43:30,83.75314813440399,67.02286188373942,118.69552256421419,78.36327195042239,111.89712202010348,136.0035375097704,98.24392610645845,51.60792090768195
2026-01-01 09:44:00,83.67368875532853,66.52245867016701,121.43924185655072,78.60921218551432,111.89343213534181,135.23071130862374,98.11763063119227,52.34679848543353
2026-01-01 09:44:30,83.52628415947507,66.80610807918328,120.71434875676184,78.51013440194723,112.02508318904498,134.9680900223516,98.14027401417981,51.82793505231838
2026-01-01 09:45:00,84.10376622443326,66.67528908221304,120.04370521952232,78.4918782214099,112.01723186189699,134.77621138352856,98.32588149045799,52.01133164993531
2026-01-01 09:45:30,84.43732042406428,66.67383441564341,120.55235523865096,78.4020484534172,111.98814685598005,134.5380574312051,98.25034855088107,51.8072652994271
2026-01-01 09:46:00,83.8172315816733,66.26192171650843,120.01792687929085,78.52608958795135,112.14658466081444,135.00563305140818,98.20239797547477,51.1704050535453
2026-01-01 09:46:30,84.36834351915701,66.84021821689241,121.27770947699467,78.64658481478966,111.96768811875457,134.51492168949085,98.20803279277509,51.89056270815613
2026-01-01 09:47:00,84.53051904446335,67.20577171012972,118.67745364707105,78.57485391627552,112.1683927875753,135.44246723738544,98.25826278382061,51.94670339798799
2026-01-01 09:47:30,84.0323007670331,66.6776402421262,121.13976919837809,78.56913657300392,112.10950526217955,135.34883219324635,98.33628958417337,52.8056306252746
2026-01-01 09:48:00,84.20012321438635,66.95269332940686,119.89273618022692,78.48158435345101,111.88765149771092,134.50528369435753,98.27675942491835,51.49750355528435
2026-01-01 09:48:30,84.58672639196695,66.52822398507806,119.80300498333065,78.4382987571054,111.88153519735441,134.38019358605075,98.12876938843814,51.717692435209216
2026-01-01 09:49:00,84.64052111199815,66.53319636014884,121.5953662465582,78.56513049551985,111.95619053348186,134.88242983780623,98.19385322157743,51.44818530033956
2026-01-01 09:49:30,84.49748156219283,66.72498507216179,120.13642377230961,78.56338766770003,111.91816040797003,135.15688429686094,98.24586929322821,52.079539890486124
2026-01-01 09:50:00,84.35785937911635,66.6267740175268,118.94084737388587,78.42080892136907,112.0190239659917,135.604427360939,98.08915834817509,51.461251399121714
2026-01-01 09:50:30,84.76156225320378,66.9171874611248,120.9730456007135,78.5053254668849,112.08317576045526,134.42896991081346,98.19129928330132,51.66830631868222
2026-01-01 09:51:00,85.20706042204525,66.56898816370042,119.39885128842495,78.46367649195261,111.95327890634934,134.94879099051394,98.16687035165451,52.01671783515518
2026-01-01 09:51:30,84.86857028486055,66.80904841527997,120.44533512228122,78.64250611641273,112.03667458177648,135.31322024992184,98.20544690375742,52.285679118579004
2026-01-01 09:52:00,84.510518390933,67.03198098041565,121.9846395025029,78.42420554682984,112.04922692487885,134.7893692780145,98.23227745073557,51.84309939167841
2026-01-01 09:52:30,84.900076313937,67.0524122276741,119.77485161124436,78.38985304813674,112.01206990003895,134.61281367474405,98.24669995335903,51.17510640173508
2026-01-01 09:53:00,85.15167833634953,67.24205459118542,119.27603707668148,78.35039309461922,112.03270455587563,134.5356666591669,98.23768003326066,51.64620998480514
2026-01-01 09:53:30,85.36760283198447,67.15702469953004,119.89712573014862,78.3318764564778,111.91353689438834,134.74480242120515,98.0988412349458,52.5393811761021
2026-01-01 09:54:00,84.27162282590415,67.51593455564472,120.1051695206995,78.54899171451284,111.9720356752965,134.64379013630403,98.22192124532886,51.79966767775541
2026-01-01 09:54:30,85.5120148009166,67.36753422134015,120.05200330070302,78.44732608495782,111.94299485123915,135.16096650092516,97.98615935369482,51.73845649003499
2026-01-01 09:55:00,84.84663049535737,67.43360735465973,121.38738008860275,78.463001385755,112.03312518021906,134.58631888740152,98.10503762309735,52.060787496276205
2026-01-01 09:55:30,85.06229933964367,67.54301331756669,119.58087241084267,78.4619802124192,111.94595688491285,135.78603152439896,98.15942476348827,51.86541377731907
2026-01-01 09:56:00,85.16256801939528,67.6035136415629,120.08673369021314,78.54685418599281,112.04944502576646,135.26488654225741,98.36224576293547,52.274560149252245
2026-01-01 09:56:30,84.76541611239875,67.89515622559378,120.8915544963599,78.57905395913834,111.94591403951472,134.6384991292526,98.14623784001311,52.5153284760131
2026-01-01 09:57:00,84.96603508742905,67.9335046058309,119.95906358472764,78.52428924928157,111.82102168877252,135.10710737262082,98.28469341763922,52.106609325907804
2026-01-01 09:57:30,85.08459266233092,67.15468051664446,119.48926019718994,78.52943249093046,112.08450216805707,134.99626369561537,98.23804298028394,52.752789693442715
2026-01-01 09:58:00,84.7163354576675,67.74825715686646,120.04557600254057,78.44399870637329,112.07553565908859,134.623772810192,98.2879229889179,52.03594615045557
2026-01-01 09:58:30,85.2261358717078,67.96382566439782,119.39609251010464,78.36670259363582,112.01476704725795,134.72776178623224,98.26375057706086,53.09464286838043
2026-01-01 09:59:00,85.81919439063164,68.02512670945332,121.43789077055186,78.6214758521334,111.9865694075512,134.77258791764714,98.20420099412519,52.36642703675094
2026-01-01 09:59:30,84.92074667715163,67.96702811404663,119.94653107485253,78.62003537879735,112.0458745338374,135.42964588944136,98.2880732311877,52.39795381035761
2026-01-01 10:00:00,84.96652403294047,68.22437293892735,119.24309405101678,78.53084342473973,112.05604237495677,135.0192836182556,98.09805693265804,52.38139656690961
2026-01-01 10:00:30,84.15353128131966,67.96079781280498,119.42832385171687,78.4673568792152,112.20574424274085,135.5033893102287,98.17968889085722,51.8970976996513
2026-01-01 10:01:00,85.01493196796712,68.01088888626376,120.53068482576246,78.46703796275045,112.08623208850838,134.46692096217055,98.23228474788992,52.646897811168785
2026-01-01 10:01:30,84.76387819240279,67.71237286809959,120.48535225447694,78.55303334347524,111.94555333298149,134.76776523368846,98.23367933688033,52.41929520656023
2026-01-01 10:02:00,85.04960904256437,68.41399328169835,119.41412595606099,78.69001683442508,111.99376785830201,135.5410223113176,98.06231394407924,52.30111107319867
2026-01-01 10:02:30,85.23979838163086,68.84771258100803,119.9027443469475,78.54415882222257,111.99551766867458,134.281050736805,98.26037952783844,52.144647715271184
2026-01-01 10:03:00,84.47664116692451,68.60858240562371,119.89900788490107,78.37674042412542,112.04433097066538,134.5957123087478,98.29930624855761,51.94318254358149
2026-01-01 10:03:30,84.85834807903156,68.25718082813094,120.58604413240843,78.54225388218059,111.77052448135977,134.70657567026788,98.23196536776219,52.26532481826696
2026-01-01 10:04:00,84.33922424831599,68.91686989985335,119.03914907466654,78.49166706987329,111.97741641376385,135.4581527273607,98.32473660874989,51.06526504042372
2026-01-01 10:04:30,84.21202999637859,68.78370018436014,120.8610440359103,78.5419341745672,111.94548319973178,134.47743671206342,98.12037517636162,51.69539420945718
2026-01-01 10:05:00,84.52276998362319,68.89241164920364,119.42795305301446,78.60990345110409,112.03456106773042,135.6479713836196,98.16572752812478,52.10996572541362
2026-01-01 10:05:30,84.67937132669175,68.36641710786513,119.90412755678004,78.50851766310127,112.18910554193097,135.59939068290277,98.12944329766289,51.136898882858276
2026-01-01 10:06:00,84.45871971342495,68.57447232501227,121.17067020902853,78.36627827361819,112.04031897851073,134.63875892912333,98.21622062247239,51.912081634318795
2026-01-01 10:06:30,84.33619570125155,68.71780543155771,119.3170690359858,78.48048648256614,112.08328361321249,134.78060572425085,98.09675691200349,51.89151760534696
2026-01-01 10:07:00,84.11249477684893,68.80254959347072,120.30065973872154,78.42881536014363,112.02307158257379,134.61124744974134,98.33187534650664,51.600621870394264
2026-01-01 10:07:30,84.88732895250375,68.93340202428911,119.49865436577599,78.41614404753645,112.21552469934538,135.15626021314523,98.1434637896814,51.81787748906871
2026-01-01 10:08:00,84.10458252906486,68.8993821622748,120.68828344545031,78.59977409022036,111.9938145305381,135.14715055604438,98.12642191815338,51.617519650044535
2026-01-01 10:08:30,84.83289469677273,69.01836803861724,119.22355651033348,78.43466565258984,112.02377369502767,135.2132758608601,98.28628808652492,51.34310836372803
2026-01-01 10:09:00,83.83964540394922,68.74296326788236,120.9680779375433,78.50788955626062,111.97210014523314,134.97354439493557,98.26818039765372,52.30476278303372
2026-01-01 10:09:30,83.665887901248,69.01207164360423,119.7141845037202,78.59756210110088,111.99272213894878,135.65652190530653,98.19314804508663,51.96896778567702
2026-01-01 10:10:00,83.85148778105484,68.78087136169178,117.79351263194876,78.3771068638649,111.84779213686734,134.65731612727205,98.24773224983198,51.97183344886019
2026-01-01 10:10:30,83.56787296272373,68.85445268677053,120.48833011651642,78.62726216142404,111.8348065420416,134.82930502743272,98.25981353579753,51.81403027930019
2026-01-01 10:11:00,83.50241457844078,69.11892494315022,119.2028168832781,78.65398300033485,111.97149838062467,135.42637915714883,98.14630617295884,51.691948004261974
2026-01-01 10:11:30,83.61643639184284,69.21609942851177,121.45938460874834,78.45735043396884,112.12508600783529,134.57132745773396,98.31231988949018,52.19421976132245
2026-01-01 10:12:00,83.54322129162391,69.51694113007152,119.38446693465694,78.61735661040257,112.05195244944511,134.84905780707024,98.24594650602636,52.31182368783222
2026-01-01 10:12:30,83.89952605499772,69.1559310590931,120.54136576951318,78.55058757337811,111.98351527526806,134.56679933996352,98.21531513737676,51.77379247746411
2026-01-01 10:13:00,83.79728666802576,69.612986138245,121.36770325948525,78.53490681945787,111.87331562636115,134.80280507637937,98.22116083488044,52.61480894439035
2026-01-01 10:13:30,83.43303376910582,69.23399285654757,119.93500585987219,78.51903824612444,111.77254321202977,135.11805069938393,98.0924164761855,52.68206146972007
2026-01-01 10:14:00,82.80262684933683,69.46390154752241,120.8766956867905,78.6173734510426,112.00099108690777,135.03291698431133,98.23091159919207,51.63056593461459
2026-01-01 10:14:30,83.35957412285018,69.35146337635578,120.03573648029072,78.58798162484182,111.97710870572243,134.35526197535026,98.28910930736104,51.04518349003247
2026-01-01 10:15:00,82.77947899638845,69.30152586278817,121.48813257638912,78.43869994516133,111.97499514077886,134.0919988826772,98.21180142459441,51.43823400930417
2026-01-01 10:15:30,82.66231953002425,69.77374478392484,120.01097470532272,78.51920113569665,112.11480786008185,134.93673380818302,98.21390453451556,51.384124172601624
2026-01-01 10:16:00,82.97878397661742,70.25996702822931,121.27132387400863,78.52655170405627,112.10290163452594,135.58876340469365,98.04365484022783,52.13882251784327
2026-01-01 10:16:30,83.06643787721485,69.28898144977649,120.36548179760268,78.43328296842043,111.98848682686209,135.1134433317169,98.18780296894859,51.840538129053925
2026-01-01 10:17:00,83.42849513917032,69.82131832039154,120.09000306686468,78.39580455563359,112.03519247093482,134.90507959623704,98.11688916271609,51.944198914015146
2026-01-01 10:17:30,82.2560878886965,69.62221691208218,121.30053431713237,78.433771518368,112.19646962127719,134.22108692411658,98.30426235343919,52.714899062500216
2026-01-01 10:18:00,82.5964686376437,69.79556197288788,120.32215528870266,78.36309731920456,111.88159235287796,134.44284659999508,98.12714654249451,52.07716362638461
2026-01-01 10:18:30,82.81767374122029,69.99808861707552,119.49873600617578,78.43068963045522,111.8737848268369,135.30703444427678,98.26243625734364,52.244220350396866
2026-01-01 10:19:00,82.32432441496192,69.82922087226694,118.59710545640222,78.20134368045146,111.81948771650555,135.22712988386263,98.2429523541303,52.71327221903134
2026-01-01 10:19:30,82.2659762172052,70.04184107381089,119.73925813074278,78.57148747702729,111.93864233688954,134.9898264522497,98.16956971271755,52.510814095269886
2026-01-01 10:20:00,81.59760877851089,69.95665513122383,119.91595082522907,78.45249374039476,111.97605012492005,134.71131564430465,98.09116714093315,52.24312668833096
2026-01-01 10:20:30,81.5958770317053,69.77821287291793,119.90255813328186,78.45145576313114,111.86296897610049,134.79009678036275,98.11089284553582,51.08731113112267
2026-01-01 10:21:00,81.81971883313523,69.50669879091775,119.91378732423873,78.47569353236398,111.9212333710145,135.21870364370554,98.11828280116546,53.11707315010231
2026-01-01 10:21:30,82.13218439225523,69.70257608046491,119.61963259270723,78.55826718929278,112.09955345324016,134.69917327078673,98.22816743249356,51.31869014680411
2026-01-01 10:22:00,81.68366712043222,69.88827169598117,121.13555040435499,78.48288802175034,111.9114794455268,135.46743882795957,98.22419720135214,52.571742568607746
2026-01-01 10:22:30,81.41896888034424,69.75893838203696,122.5543561821066,78.4952829566253,112.20993176651385,134.70400951339704,98.22398505467831,52.30643514011793
2026-01-01 10:23:00,82.11238407893475,69.74071914948172,118.21484930092959,78.43130623233408,111.99824657852552,135.33100227374078,98.2781742241056,51.90525779780465
2026-01-01 10:23:30,81.39952429177082,69.76489947814052,120.7512337401163,78.4339816987707,112.03511459953562,134.43967105629136,98.09132308506847,52.41493084964543
2026-01-01 10:24:00,81.89801784899055,69.93083417867841,118.62728177958905,78.40617911802221,111.72536081768716,135.1607430533768,98.27693077227917,52.4694288998175
2026-01-01 10:24:30,81.61374326984843,69.46782426760589,120.41127362395473,78.56816970736972,111.97268008524675,134.55987772623916,98.17294873772107,50.90120470281066
2026-01-01 10:25:00,81.19954140903472,70.02828822383883,119.23699535681054,78.48612856844042,112.003636191803,135.29489244155292,98.22797652038443,51.49409231252813
2026-01-01 10:25:30,81.47703727273208,70.26426584331223,120.68222799192165,78.51048767801028,111.97080391779535,134.46521182500348,98.26250644403225,52.3005246662039
2026-01-01 10:26:00,81.09479112295062,70.00550955365429,120.03085577934291,78.57124558236947,112.0895565977652,134.3154351406889,98.23016553669916,52.31724267230348
2026-01-01 10:26:30,80.66080890535684,70.20574982942279,120.42609982311586,78.42535502176955,111.95676266726932,135.32494227901165,98.165483533037,51.63432392624247
2026-01-01 10:27:00,80.99452554577387,69.50360783812842,121.52679524930609,78.49382175318559,111.9885366327101,135.05032149913808,98.12604219608535,52.2203951167781
2026-01-01 10:27:30,80.73915246320155,69.91652631221002,119.56884985902138,78.54041343648476,111.81474015331811,135.48277788972396,98.11449395672312,52.2573711999116
2026-01-01 10:28:00,80.47136351468954,70.47190817821547,120.09845590219759,78.60109908785844,111.9010496327366,135.1298279102947,98.217692616965,52.76411356817317
2026-01-01 10:28:30,80.52722519936135,69.43359094645581,117.86191256726148,78.43580173596847,111.81915848070618,135.64874935507564,98.13985811923772,52.65431067081709
2026-01-01 10:29:00,80.66843229451132,70.13717884692461,118.80009270304079,78.52693840773067,112.10326478485909,135.1481401096831,98.31592113159918,52.606344605814314
2026-01-01 10:29:30,80.46907860999582,69.8770384208027,120.67680473420634,78.51307475901622,112.0841635357782,134.3865094091231,98.17429662163435,52.69872673342234
2026-01-01 10:30:00,79.91837241488986,69.55506698648534,119.39706000113108,78.57403117343203,112.01410484218907,135.52252118044373,98.23468493621567,51.7478497325534
2026-01-01 10:30:30,80.53953535272632,70.12723777983055,119.38865989757721,78.44814307967249,111.88658448460014,135.24567823497227,98.29362442137825,52.902969580641056
2026-01-01 10:31:00,79.96659336236878,69.7932101195447,119.09531501681386,78.49219155903579,111.94378432963313,134.9776873850124,98.22063835775111,51.78961782900684
2026-01-01 10:31:30,80.53870579166733,69.64064214134646,118.92607412946916,78.50599407613005,112.01731809207045,135.38981918007872,98.3653520153578,52.09671948316326
2026-01-01 10:32:00,79.65376880489661,69.74670058705738,119.98258773673659,78.52025215241383,111.85060145443178,134.59780385013656,98.14069062681814,52.36818786568752
2026-01-01 10:32:30,79.66299318987853,70.2681643566886,120.44680695121157,78.47684277575354,111.9751425719947,135.54594436471032,98.23992988006344,51.695075924672246
2026-01-01 10:33:00,79.67061005562735,70.24733604278774,118.02425433383853,78.47415601795893,112.03987910261675,135.42127215222095,98.04617056971342,51.05495396600276
2026-01-01 10:33:30,80.17424787475942,69.80374798623629,118.6890214495915,78.44784125456823,112.06842624096261,135.44380147901322,98.20306518288157,52.85059270453461
2026-01-01 10:34:00,79.49336201279733,69.99191909526847,119.3172543408774,78.63071642047929,112.04284765852208,134.8194892703979,98.15669995707778,52.26470444855759
2026-01-01 10:34:30,79.58339837005163,70.09785255584951,120.07441137187836,78.50288532409202,112.07084103808178,135.96387224720175,98.20634307270917,52.40551692877567
2026-01-01 10:35:00,79.96798828285299,69.6468829867591,118.98895910083733,78.60424521617753,112.08171898147624,135.22338176281949,98.26368667326678,51.480619976968136
2026-01-01 10:35:30,79.82374859279504,69.60037177608709,118.76525087197723,78.52933767779707,111.9627810039859,135.48335440991963,98.21098969292295,51.58727597280056
2026-01-01 10:36:00,79.47776604820496,69.40702920527102,119.7499012753723,78.45486683631032,112.0970618132827,135.25484386919845,98.23043565342859,51.92342675075809
2026-01-01 10:36:30,78.96430676336342,69.48045647527138,119.73611721295178,78.46222352904832,111.92395251159702,135.10851129993577,98.16417442210064,51.732751055679536
2026-01-01 10:37:00,79.41836068548066,69.50683214515045,120.46704446844599,78.47621031372294,112.0053848424838,134.8134181378992,98.17150982608409,51.79173262629532
2026-01-01 10:37:30,79.79243167521274,69.51251991235435,119.74893239856941,78.49148895291259,112.05664564880253,134.38775133880893,98.09295672451121,51.73552473851326
2026-01-01 10:38:00,79.39287193017873,69.71257852621015,118.5861278996404,78.5292140200864,111.9563617297333,134.88023883182143,98.15828084698397,52.02269162201541
2026-01-01 10:38:30,78.99452165434187,69.9388921480395,120.09564225385131,78.46398543196196,112.02415011192313,135.2238807714286,98.19589702272302,52.42355902849985
2026-01-01 10:39:00,78.3589360893054,69.50557293144811,120.37834223925489,78.52602315572554,112.14163325319066,135.88605344535648,98.26736291089146,50.91580124954108
2026-01-01 10:39:30,79.40718870821549,69.28834853957134,120.70637535178192,78.54961928052006,112.17397084545287,135.0410248741783,98.23520480629996,51.74696198373438
2026-01-01 10:40:00,79.63857384192269,69.67294740324475,119.39369432878877,78.58921335927877,112.06080987218203,134.69110262933484,97.98587673952993,51.690483472727
2026-01-01 10:40:30,79.42559262011767,69.3640101349511,121.30242069935065,78.42570828412923,112.05288123268785,134.81778285687608,98.2319167427636,52.772232550562194
2026-01-01 10:41:00,79.48287420134338,69.634718143241,121.48460797865208,78.62046237365288,111.94511080844714,134.7216720296042,98.12604862151915,52.02788021571168
2026-01-01 10:41:30,79.02348188205445,69.52099726876189,119.44538300328766,78.48327316798378,111.94507655650698,135.34916821752626,98.2529847448649,52.39224787615988
2026-01-01 10:42:00,79.23027106076724,69.83752318521798,118.56129103847898,78.43305585818321,111.90437909622155,134.85424315806068,98.13102819246728,52.49539805181699
2026-01-01 10:42:30,79.06996699893766,69.10578151406239,120.048663996042,78.43140286745773,111.8971071557493,135.40097886883032,98.22865268467972,52.361028029970626
2026-01-01 10:43:00,78.88135330456741,69.37602258680586,119.53785004440921,78.44628336195942,112.07830443518611,134.39447074163468,98.062266660343,51.69257209338713
2026-01-01 10:43:30,79.31149957380312,69.5467241823199,119.95361401189602,78.56003273410317,112.02120693683435,134.40105845020278,98.22179629353913,52.16110427514867
2026-01-01 10:44:00,78.79936810461145,69.32374818694788,120.35274885156667,78.5391989694732,112.02128856720178,134.23964285851542,98.27587056464735,51.39849157208247
2026-01-01 10:44:30,78.81168344009544,69.8865831421229,120.09307245303614,78.4242177619691,112.00658074720587,134.43242285978206,98.4116197625844,51.62313670375042
2026-01-01 10:45:00,78.75285783821613,69.53969475421337,119.51100141023218,78.55193164783746,111.95780188457907,134.39582778936295,98.18526763581762,53.059404706130096
2026-01-01 10:45:30,79.38959649001434,68.96278258003603,119.81918831412993,78.47961833173332,112.01214613428088,134.2698963358199,98.30444972204923,52.33669087584983
2026-01-01 10:46:00,79.07804248052298,69.77629570875892,119.88761602341377,78.54403060575027,112.3247566555559,135.32123872956626,98.07984576130309,51.86378839949502
2026-01-01 10:46:30,79.06993696455838,69.07327005348752,120.97851870618831,78.51338410997242,112.00046335075461,134.822068553914,98.25699354394517,51.991499963290345
2026-01-01 10:47:00,79.3342677338564,69.03519251290942,119.21092299335488,78.51518889379963,112.23538900108521,135.30300216895665,98.29889947635509,50.70750437891966
2026-01-01 10:47:30,79.39751482154587,69.21443928365069,119.50037230705009,78.4801132351511,111.92090899632936,134.6579838818794,98.27157366281342,52.183510921770406
2026-01-01 10:48:00,78.7656319234772,69.49838426004497,120.16576867171169,78.70171246712681,112.09563045027073,135.47706836510963,98.13650765236228,51.45606789578941
2026-01-01 10:48:30,79.22056578981956,68.90748198275908,119.69617377113312,78.46742120687794,112.00333626876551,135.02369762459108,98.25168361722251,52.87964131929951
2026-01-01 10:49:00,79.35733987016164,68.86885295842745,120.0752745252594,78.59785141160937,112.14177080231549,134.38175504378546,98.16330265029086,52.0679685257472
2026-01-01 10:49:30,78.96842144200917,68.84763121950162,119.38972091759048,78.54770665368471,111.8950540451192,134.8524502704109,98.19535979564928,50.46303937054592
2026-01-01 10:50:00,78.9366129049243,68.62939854789313,120.04425516261728,78.41573602450839,112.06532921843706,134.83273759231474,98.27163582581471,51.56962815396248
2026-01-01 10:50:30,79.67341398147207,68.73830914130617,120.60463947460372,78.39605692853287,112.08580140026265,134.7926239694736,98.28100325501451,51.46533870158268
2026-01-01 10:51:00,79.31886949750586,68.79744203701757,120.43264450890102,78.54420370115587,111.99877531206826,134.31504720789312,98.338046033666,51.377841457328856
2026-01-01 10:51:30,79.1314211092836,68.72155557498304,118.88956278693036,78.60267735950853,112.04991177133098,134.49651137422603,98.18580590559112,52.417349175507475
2026-01-01 10:52:00,79.5187846216277,68.64302935337938,120.4760901979452,78.45650770135502,111.89462145989054,134.5364734210205,98.32223325717288,51.48306467802247
2026-01-01 10:52:30,79.43972586229687,68.82571105501005,119.89239745904541,78.30082146829373,112.00739221392932,135.2410314800935,98.18448819621537,51.487829455548535
2026-01-01 10:53:00,79.524709878105,68.43895308237153,120.20075417994367,78.54730788536784,112.11493272660124,135.39732986870555,98.05919172836636,52.52622784862985
2026-01-01 10:53:30,79.69279752553788,68.74607491545693,119.59209260999876,78.62596993634438,111.9713144524908,134.8011618791925,98.10627964358862,52.12991545980626
2026-01-01 10:54:00,79.95969497188877,68.58189576236478,119.60234506502917,78.36022681028571,111.90331175250657,135.49936791253646,98.25871893061966,51.64369126483892
2026-01-01 10:54:30,79.52138724053275,68.70670427473254,121.04881477821094,78.57721936807404,112.0154766324982,135.53219101780226,98.21464316845992,52.617216730886824
2026-01-01 10:55:00,79.25898261163745,67.90503582799296,121.16996152901784,78.52213997462324,112.1557281217934,135.78999721645607,98.29282019508665,51.67352523103298
2026-01-01 10:55:30,79.5576387600498,68.07514304667743,119.6867911478589,78.47693001789106,112.01760025214925,134.97687564640174,98.1128185631667,50.26263933633303
2026-01-01 10:56:00,80.0815469685604,68.31394826428816,119.06309989835783,78.5190550489153,112.16442476561444,134.55001761818076,98.2504732883155,52.00748153722342
2026-01-01 10:56:30,79.87705375306604,68.32463125360127,120.12064835269378,78.66993105340815,111.85138907686182,134.9039584763039,98.23461158964292,51.16727031188411
2026-01-01 10:57:00,80.51904708452646,68.02383939909025,120.6785303393752,78.4712066834437,111.9908555759914,135.59486522581176,98.08165235140763,51.890824651763495
2026-01-01 10:57:30,79.75214982880279,68.16463778848905,119.71118538539974,78.51056894935076,111.94644966182746,134.88378262327757,98.02582317407786,51.71685104656527
2026-01-01 10:58:00,80.4422399446555,67.94907743901506,121.74374249366785,78.31048697200374,112.0970428739991,135.49475108782497,98.32072471906399,51.69041800706003
2026-01-01 10:58:30,80.13493294043187,67.77347718316038,118.71851563969403,78.38473918553287,111.72800687364665,135.52770581547392,98.26543001287877,52.63229835783071
2026-01-01 10:59:00,80.11409750025732,67.8592528168579,119.39879378733849,78.43716985491707,112.07677972516531,134.8655685032871,98.24988589397908,51.79508437848296
2026-01-01 10:59:30,80.47350031189649,67.9963415492678,119.66625621470533,78.43906552366995,112.01172025706536,134.6355103664977,98.19898638931657,51.94800492734467
