采集时间,入口热风温度,热风流量,给料量,产品水分,物料出口温度,尾气湿度
2026-01-01 00:00:00,179.26624312931506,42091.318764401796,38.15624341890749,9.2,82.0,61.0
2026-01-01 00:00:10,180.49592064482857,42002.804752866476,38.14463930925131,9.209460670349715,82.01864458478762,61.078957414544796
2026-01-01 00:00:20,180.51360258244924,42166.185650069354,37.957256989594114,9.234031118627584,81.98534791806954,61.085614873659665
2026-01-01 00:00:30,180.94499308314894,42054.91096554872,38.330381192908185,9.248314697581844,81.8816619413674,61.11510610721402
2026-01-01 00:00:40,180.7689099733283,42199.208716469766,38.086605696634734,9.270623512414538,81.88918840609561,61.11403540443484
2026-01-01 00:00:50,181.19027044445326,42322.2496036987,38.238089394910894,9.280059378283568,81.95742031128924,61.125157163887955
2026-01-01 00:01:00,181.70243201348504,42105.62733880806,38.187800864023664,9.294377458402943,81.91819037709747,61.11989772977858
2026-01-01 00:01:10,181.80558299314333,42331.42410121174,38.27983421526738,9.29910762396328,81.88362673927881,61.099028688667055
2026-01-01 00:01:20,182.64745422322264,42570.434049225034,38.458592310939856,9.290904721159947,81.91330177099813,61.06259244701655
2026-01-01 00:01:30,182.46096161354464,42413.652539742085,38.38126746487648,9.304020678446031,81.98678534636858,61.10120192118721
2026-01-01 00:01:40,182.53839195831014,42588.765766219745,38.36709758930235,9.291195895188618,82.07819293692543,61.209048428035594
2026-01-01 00:01:50,182.3399657107874,42625.14341400019,38.44943435365572,9.262516646031532,82.1198538486645,61.19063338904666
2026-01-01 00:02:00,182.75396878520866,42751.22267467328,38.59896027666074,9.23153855919656,82.21892636797291,61.3185251926106
2026-01-01 00:02:10,183.15909035841275,42749.014616158966,38.553137721902765,9.193869500374232,82.37072902916475,61.253439462291034
2026-01-01 00:02:20,183.52259065020547,42841.688668232506,38.502227721332176,9.178135322492258,82.31050289315651,61.24473205640893
2026-01-01 00:02:30,183.35572115050022,42790.47912360126,38.9590149880644,9.161019788262337,82.38827452981056,61.26560944198198
2026-01-01 00:02:40,183.86420108501417,42831.633505930135,38.77031775830238,9.140371053965724,82.40622993223656,61.32622616190304
2026-01-01 00:02:50,184.52086765354693,42896.270385230586,38.87460761708799,9.148741082975471,82.45268326120816,61.29394357827704
2026-01-01 00:03:00,184.22381385244935,43021.408190831855,38.5854990260168,9.177134224092473,82.39310447960855,61.22405799246792
2026-01-01 00:03:10,184.17806932320804,42927.3956621093,39.11742468776615,9.136344946389576,82.48874334054157,61.297944474276875
2026-01-01 00:03:20,184.42833062267684,43092.79830177227,38.810910764651176,9.119736272832652,82.53957648881233,61.10451190583418
2026-01-01 00:03:30,185.41225852327977,43115.202114243715,38.96390136162213,9.11379390653403,82.67322351838892,60.986550690301364
2026-01-01 00:03:40,185.81308607706063,43195.64624144699,39.239317140488936,9.119971320038434,82.71539667787447,60.9152254522725
2026-01-01 00:03:50,184.95865721086435,43148.6561124378,39.241398596398575,9.106288780458785,82.830296924829,61.010986173796525
2026-01-01 00:04:00,185.9568767286946,43059.62867847702,39.198051379022694,9.121576937790712,82.89285264644072,60.885914371975865
2026-01-01 00:04:10,185.67591544132404,43437.9053980518,39.068686323455026,9.110738921147274,82.76678612894355,60.84785823857944
2026-01-01 00:04:20,185.74588632976636,43392.745203227314,39.01500520478688,9.092456333107767,82.68516448856879,60.79009501205313
2026-01-01 00:04:30,185.9579829208985,43493.39145215394,39.17523602497005,9.06019456296355,82.81171399490837,60.77851610490819
2026-01-01 00:04:40,185.88854561729556,43293.852972384484,39.3977587543775,9.024679771137507,82.99222386887334,60.77407497746016
2026-01-01 00:04:50,186.70770226806266,43496.2524271717,39.53149911027598,9.008958849930332,83.16175187892884,60.875134846873046
2026-01-01 00:05:00,187.1178383352959,43492.337346333,39.44797396382948,9.00634956944508,83.2220779380121,60.67726166712028
2026-01-01 00:05:10,186.82821531453857,43557.68043499032,39.27963263348889,8.982065436709043,83.26312011856892,60.6387459908837
2026-01-01 00:05:20,186.13095314976192,43607.04403585707,39.405254876205646,8.969858721507133,83.36892561279882,60.83016838517346
2026-01-01 00:05:30,187.09804843231836,43755.49606227758,39.765729727862016,8.986237889057797,83.49810416770119,60.966807244754165
2026-01-01 00:05:40,186.97900173229894,43510.45007604146,39.49286818210621,9.007212639607259,83.69118656347034,60.93497107573969
2026-01-01 00:05:50,187.2064807860775,43734.692478300334,39.71744704741227,9.015984460645939,83.83811252618523,60.77064473670169
2026-01-01 00:06:00,187.29526183193994,43872.56013303093,39.62097540982711,9.00078474896744,83.87757962145899,60.74539135000984
2026-01-01 00:06:10,187.37227389148364,43898.66044025477,39.69745101016309,8.973918228237444,83.93768911829612,60.714208987230954
2026-01-01 00:06:20,186.9600941144797,43652.25957626076,39.78342417833092,8.93984757599954,83.90560704447844,60.65613017743372
2026-01-01 00:06:30,187.4603812320767,43796.34274447572,39.74944690665514,8.97604575988017,83.92475173694609,60.70283589206603
2026-01-01 00:06:40,187.40155946460794,43819.05490111348,39.95934776881466,8.964453470629682,83.83997437982686,60.62595412545143
2026-01-01 00:06:50,187.7794380736088,43910.982873272216,39.83022738146984,8.925050967451979,83.89209212783125,60.740022163604664
2026-01-01 00:07:00,188.73451523722736,43856.64802650288,39.692579478423276,8.93230627309569,83.93570620165463,60.66119612001024
2026-01-01 00:07:10,187.4550972644117,44036.42440188407,39.85832114267984,8.905746473032936,83.97402185838759,60.782173312958534
2026-01-01 00:07:20,188.1934113226567,44092.229075705174,40.02874174581129,8.87735746627138,84.06741117662722,60.81247963454544
2026-01-01 00:07:30,188.80802731192693,44063.09135123841,40.18166841882746,8.977155160698926,83.97044959028997,60.684175047158824
2026-01-01 00:07:40,187.90250195704994,43971.5744722455,40.10224580047446,8.96669067082324,84.0035383765653,60.63559862940294
2026-01-01 00:07:50,187.78726965285063,44246.01756994112,40.031732626817515,8.95431770240302,84.00681167229787,60.68050069877749
2026-01-01 00:08:00,188.11805432359225,44107.05221014869,40.04364974319879,8.9413830433929,84.08269402430577,60.72411992024695
2026-01-01 00:08:10,188.21520915247933,44182.216166482554,39.89408095268073,8.948297437652686,84.15171654686984,60.836003909557164
2026-01-01 00:08:20,188.27094090569358,44272.02535370161,39.88134994440814,8.955083553308034,84.18117524670525,60.85761513096873
2026-01-01 00:08:30,187.82031966793957,44253.0021033871,40.25954321114782,8.923582870778663,84.18831274976034,60.876970138066
2026-01-01 00:08:40,187.68482474041448,44290.66840665598,40.11298873080153,8.935810485306435,84.16505538510512,60.85023686399894
2026-01-01 00:08:50,187.73902329095793,44459.26684816398,40.138649875787316,8.945646075459777,84.12641284614529,60.823194001827986
2026-01-01 00:09:00,187.51657329693032,44213.9560626106,40.32438901250766,8.949411048751587,84.1493914622509,60.89284950607821
2026-01-01 00:09:10,187.96923696002276,44273.86223822639,40.181870944365116,8.939373178591389,84.04617796597425,61.09980495520931
2026-01-01 00:09:20,187.31049965918484,44280.8659164918,40.26023498355314,8.918697269033608,84.19668762297783,61.27251648788323
2026-01-01 00:09:30,187.84724975837904,44340.13379041097,40.24364564178419,8.89121346300932,84.15113395012277,61.27537468934644
2026-01-01 00:09:40,187.55851929835563,44278.168710915874,40.446967091268334,8.89670382823218,84.21426987158456,61.347420798892955
2026-01-01 00:09:50,187.38250409280224,44436.09314577791,40.47177767549739,8.869150642287922,84.18071277963355,61.20458402564486
2026-01-01 00:10:00,186.84338345028516,44492.27135372524,40.42132613608244,8.920627441074052,84.21027654324189,61.16707492197006
2026-01-01 00:10:10,187.69927670284073,44368.642911850584,40.41462523515546,8.945033090972277,84.15240229003268,61.1897694655931
2026-01-01 00:10:20,186.941102739343,44368.185005767,40.233440266818924,8.965430918738543,84.1531100504279,61.3387480504344
2026-01-01 00:10:30,186.6785169540475,44457.5644754209,40.394766528638215,8.938128739323629,84.2064837555293,61.44595586147324
2026-01-01 00:10:40,186.93009855363326,44431.79822186424,40.35745396605503,8.935221656066759,84.15584395979766,61.394554884033035
2026-01-01 00:10:50,187.27364361723332,44378.105125110356,40.15409049155319,8.95062547433169,84.02370119260644,61.3164595335791
2026-01-01 00:11:00,186.8484205957688,44360.02983496561,40.46478026178791,8.95532717553574,84.1391488077654,61.22341261749733
2026-01-01 00:11:10,186.40910893151295,44537.825040591444,40.55841445093658,8.953097454329527,84.06815125792725,61.14635531507465
2026-01-01 00:11:20,185.67169576438104,44374.00508853464,40.695434805886606,8.961837679210099,84.04566056092027,61.18339465535462
2026-01-01 00:11:30,186.78220517089494,44345.005882153215,40.54968569436732,8.956638678775077,84.06501022876691,61.09732266168952
2026-01-01 00:11:40,186.45510270603015,44364.05525953504,40.40989704099127,8.919069781623103,84.13694794256357,61.10862612768752
2026-01-01 00:11:50,185.76955907166098,44459.01968784739,40.459359672142895,8.92746157138166,84.00232680669771,61.14197573976283
2026-01-01 00:12:00,185.90671611424463,44317.923747443325,40.46157590252986,8.989508152586023,84.0031009061128,61.23437121234804
2026-01-01 00:12:10,185.68193744651782,44450.85901742988,40.53506312952978,8.987349157218233,83.92847708767412,61.29270073189379
2026-01-01 00:12:20,186.18852900431705,44335.55647672984,40.44712795194531,9.0108373426749,83.83853861842162,61.281286235699845
2026-01-01 00:12:30,185.18484392990996,44242.84477299337,40.55153725382107,9.004553928873857,83.927718853623,61.19913087768638
2026-01-01 00:12:40,185.34050782086737,44346.4000327087,40.43749459116792,8.975811623562187,83.75429841691077,61.03387770020977
2026-01-01 00:12:50,184.8369151510771,44445.00380705068,40.50133075092809,9.00070138434581,83.67783188719952,61.02062107639599
2026-01-01 00:13:00,184.27791581196098,44316.87379216293,40.43332297427865,8.993194250042267,83.71726613085447,61.11590260061878
2026-01-01 00:13:10,184.50104149354567,44403.840234240735,40.54085580976382,9.01248308472929,83.69624192404694,61.08605626281755
2026-01-01 00:13:20,184.46385247873283,44221.853416959915,40.404042561635464,8.97817266045631,83.76752671185909,61.22522692340823
2026-01-01 00:13:30,184.38869174567918,44410.61414872618,40.526362864069945,9.000995762189532,83.67623731169701,61.205262334779064
2026-01-01 00:13:40,183.13764320896672,44329.17735868025,40.5118335413329,9.031304733687133,83.7701742447806,61.2696889691066
2026-01-01 00:13:50,183.84363027215787,44224.68550253458,40.540924142326105,9.00351753861618,83.73035860663266,61.27685258946735
2026-01-01 00:14:00,183.74386202319567,44380.44763738156,40.57351034338493,9.029338443480428,83.75433887923317,61.29634774326178
2026-01-01 00:14:10,182.90041642974174,44331.687561371364,40.721637920606355,8.998811825405188,83.6585756768737,61.238422930977855
2026-01-01 00:14:20,182.78429052537365,44007.68855947185,40.59641319043217,8.993041466597605,83.63167375011578,61.207820224279374
2026-01-01 00:14:30,182.53438023877925,44118.51072103718,40.642797092850216,9.013823870315754,83.63069580403952,61.117727991232755
2026-01-01 00:14:40,182.80952133298476,44198.87327226704,40.44883442764032,9.070143885630094,83.6762835740124,61.11707429321328
2026-01-01 00:14:50,182.3676693848796,44097.014046843426,40.71755898517697,9.124449125589273,83.5908859845272,61.21318839572158
2026-01-01 00:15:00,182.36477165857914,44228.640936144984,40.49722280470177,9.143855894058197,83.56944832884771,61.35310402609004
2026-01-01 00:15:10,181.5089059741262,43931.02735546746,40.75189174964626,9.13764151219113,83.45544775371954,61.421153411800056
2026-01-01 00:15:20,181.41742576316446,44061.51001670003,40.45210330792943,9.126264513232707,83.26235156281635,61.37420150761165
2026-01-01 00:15:30,181.2985451620028,43828.051790353595,40.624895191895455,9.09981387643273,83.0997321638141,61.12143249602494
2026-01-01 00:15:40,180.65037223515114,44016.09203689464,40.754942571323625,9.137650578595942,82.98162077310639,61.12959946705862
2026-01-01 00:15:50,180.15764691787373,44000.98254811942,40.60856561059743,9.15083571887542,82.93003837402243,61.198016224245706
2026-01-01 00:16:00,180.45792295464724,43900.82077712794,40.290721530907454,9.165255304714487,82.77788002553082,61.192945693069376
2026-01-01 00:16:10,180.45338532178843,43856.13134133944,40.42439105327418,9.154297920503137,82.75334035748457,61.25566145358671
2026-01-01 00:16:20,179.83213766648242,43801.74195283634,40.3127826986197,9.180722336973927,82.70932097032093,61.26287804793448
2026-01-01 00:16:30,179.4363617273034,43775.70029518134,40.2277420996041,9.200361626304094,82.62829309142452,61.44325099070169
2026-01-01 00:16:40,179.45436913569415,43687.64823662437,40.69920391804555,9.1953927828662,82.56227205552362,61.498280485403576
2026-01-01 00:16:50,183.21248020494195,43716.818630584574,40.40013008247947,9.235875441946579,82.43174255167088,61.535134515823515
2026-01-01 00:17:00,182.59298803755235,43688.42158305125,40.385394873712585,9.253491654420252,82.35875021648266,61.55524988126995
2026-01-01 00:17:10,183.51067510025928,43569.07768611431,40.43943920218426,9.260666036688665,82.21802143798993,61.727768183059574
2026-01-01 00:17:20,182.12227353958332,43576.39473552682,40.39366791021411,9.282035457013597,82.22067457987612,61.80895516015562
2026-01-01 00:17:30,181.86212704075774,43741.35506271793,40.36398555784535,9.264229644958501,82.24528213090416,61.76682461458955
2026-01-01 00:17:40,182.13936682769446,43361.63036549922,40.373158848792684,9.26250541709787,82.3025540156933,61.723816858201204
2026-01-01 00:17:50,181.63334400392523,43470.54557381942,40.27383978589158,9.268408828096298,82.40263277701433,61.80444618822682
2026-01-01 00:18:00,181.81422413724997,43548.38358293332,40.25161771841658,9.248733378945726,82.50210015899184,61.78508408473522
2026-01-01 00:18:10,180.44835177571105,43426.862171957335,40.424495423808274,9.233248725137452,82.41675169540714,61.729188328284586
2026-01-01 00:18:20,180.8309554316809,43524.149751012104,40.047784688269196,9.259452591706891,82.44243645661246,61.66082924559751
2026-01-01 00:18:30,180.25057732921417,43210.21866891649,40.06316859928871,9.281570170487573,82.39727281716505,61.71776816663622
2026-01-01 00:18:40,180.50838655175878,43280.68247820679,40.2449119951824,9.288110408600641,82.39660903876398,61.700301965496806
2026-01-01 00:18:50,179.65444497939825,43059.47275625354,40.18294415161449,9.36229990522131,82.29851697188349,61.83040668846218
2026-01-01 00:19:00,180.0956453388988,43180.48385474342,40.1346777613509,9.374902553226283,82.19027518710395,61.71864494530526
2026-01-01 00:19:10,179.30913167162657,42949.23807117245,39.98505720524928,9.389883112468056,82.23365998834517,61.691971561099564
2026-01-01 00:19:20,179.63904208249693,43120.259733811494,40.029938425306476,9.327959919833026,82.22973162186086,61.84306157784018
2026-01-01 00:19:30,178.88242472476614,42993.04263979619,40.189031957348305,9.294770959044753,82.21989547232113,61.88603347365286
2026-01-01 00:19:40,178.9587420779209,42998.760994889126,39.970088001899256,9.29769109362096,82.17896279541087,62.062372003117844
2026-01-01 00:19:50,178.99709337445105,42880.70692594209,39.90278378644392,9.30184722284579,82.10727023867786,61.86700405575789
2026-01-01 00:20:00,178.80441472519757,42819.07258251867,40.08666306495346,9.276653703854048,81.99290162201582,61.81518260704534
2026-01-01 00:20:10,178.47583054269003,42868.225029189525,39.90875243763653,9.279851150019862,81.8295033284554,61.862614005043085
2026-01-01 00:20:20,177.98859381157422,42707.61377128576,39.96564343969005,9.25907311150068,81.8540558144588,62.086712758607426
2026-01-01 00:20:30,178.2684172060262,42695.30739627276,39.84154010448268,9.258826487492463,81.82131145512881,62.24447320209446
2026-01-01 00:20:40,177.02786696194804,42676.38976017093,40.039373723088836,9.22789514905136,81.69925130530191,62.175787763380605
2026-01-01 00:20:50,178.15885045635756,42536.69307238014,39.70559284483494,9.231869925778348,81.66435044405674,62.12900806581427
2026-01-01 00:21:00,177.72990285491872,42373.95188092454,39.805806880462235,9.249619039741917,81.65883908837662,62.16126756445212
2026-01-01 00:21:10,177.61137387142176,42435.90794744004,39.685940828925084,9.316987386970839,81.62573252032428,62.15949666200097
2026-01-01 00:21:20,177.01548513297456,42424.60761184818,39.65836709156579,9.363731275781655,81.63190214769905,62.20554077879604
2026-01-01 00:21:30,177.28551178042432,42237.031123352666,39.677487308902805,9.384830305208112,81.65904460981338,62.17527782031398
2026-01-01 00:21:40,176.96271899170733,42189.73978109282,39.50336511875184,9.39638777929041,81.52251624615165,62.17784486257049
2026-01-01 00:21:50,176.4587533694529,42239.72544367908,39.65714902964095,9.415586201056733,81.40210686171184,62.16918175668857
2026-01-01 00:22:00,176.5807510808916,42144.407861803986,39.598622323813686,9.415771305338943,81.26801816652883,62.19912602109578
2026-01-01 00:22:10,176.84084647206092,42117.26901184037,39.538083882720755,9.449720135337557,81.22244388468796,62.16725448559764
2026-01-01 00:22:20,176.3265993182141,41927.335434583394,39.48862207851908,9.507241561724902,81.20490282777764,62.11036221205603
2026-01-01 00:22:30,177.0331272602791,41980.294040790955,39.59569142187386,9.529064571003776,81.19492593000271,62.14099738523982
2026-01-01 00:22:40,176.11222572447048,41953.35245403776,39.48194545616117,9.560478871785676,81.11489388867793,62.08996153179645
2026-01-01 00:22:50,175.9751594725836,41815.584886739445,39.3648097231336,9.61377470126218,81.10967627123566,62.16928975238643
2026-01-01 00:23:00,176.68973450120487,41810.57066114038,39.36189925177831,9.618359929554966,80.99387949286677,62.23574586963167
2026-01-01 00:23:10,176.54306553896856,41812.41543189619,39.22397850333415,9.584605906824574,80.91583767106688,62.24358793588755
2026-01-01 00:23:20,176.42629442629664,41851.60275620651,39.20222723705047,9.635114430448626,80.87616546382061,62.24420350335642
2026-01-01 00:23:30,176.1613263801506,41866.029380062646,39.52876514241579,9.62410712010706,80.9185325164633,62.06721921674944
2026-01-01 00:23:40,176.12068115041555,41530.589898286235,39.170990296686725,9.612214690846654,80.91760904849032,62.054644096909605
2026-01-01 00:23:50,175.6820456632859,41597.4130922058,39.39578416765244,9.6253268939797,81.0234157912256,61.99592611596348
2026-01-01 00:24:00,175.47166349216317,41419.30394334455,38.96741844850817,9.61546202935529,80.9953910753588,62.03130405842186
2026-01-01 00:24:10,176.22124628880698,41455.37577811567,38.977884757334785,9.617169532164487,80.89233114377839,62.06380269710844
2026-01-01 00:24:20,176.0140302590203,41434.18705328345,38.90779652926184,9.588008817791726,80.88374591264625,62.00247808031703
2026-01-01 00:24:30,176.09685474802447,41394.95934658466,38.93680240900543,9.613397906590745,80.81949930897322,61.86620855401476
2026-01-01 00:24:40,175.7163692521428,41214.309206765785,38.89180034777133,9.625173211974978,80.8210236000862,61.871375329988545
2026-01-01 00:24:50,176.12808380344438,41151.975080726785,38.996819973667336,9.606153919730797,80.79403844091614,61.974582234284746
2026-01-01 00:25:00,176.62463927503163,41338.19984648368,38.9303128085207,9.639390085810422,80.69933707089824,62.071367517778114
2026-01-01 00:25:10,176.31450632208123,41198.562182379974,38.90528209260562,9.633918267400436,80.6986654572253,62.119967327240495
2026-01-01 00:25:20,176.09852908066588,41082.02652960108,38.76044607167622,9.605612172113027,80.57922019047331,61.960454897551635
2026-01-01 00:25:30,175.5399757895612,41079.556701236725,38.61926662976898,9.624425234110022,80.55144208424079,61.8933966280578
2026-01-01 00:25:40,175.88685853827027,40846.77999013918,38.548868389166714,9.582337427961628,80.45442101647524,61.888599623221744
2026-01-01 00:25:50,176.16403565221043,40893.19060936723,38.71285534932305,9.551546746134392,80.43698049285743,61.80813178233495
2026-01-01 00:26:00,176.7695985441968,40829.06989503306,38.506747522659346,9.540848873425217,80.44094196040275,61.91601439148999
2026-01-01 00:26:10,176.7252140202953,40763.11586457429,38.49393820220457,9.555180904027958,80.51252799258663,62.061910166583125
2026-01-01 00:26:20,176.5369899331124,40809.82037548053,38.50591780193657,9.508279167973653,80.33194870208963,62.026196366811874
2026-01-01 00:26:30,177.38656925851586,40644.44099910452,38.39659953062142,9.512128674700921,80.33570326301343,62.008105547965016
2026-01-01 00:26:40,176.96167483432274,40635.895391833736,38.358799898510355,9.509964125374053,80.45365474242615,62.00411825979102
2026-01-01 00:26:50,176.80485255252762,40602.265379653756,38.158921221955225,9.492529033279105,80.59028284993157,61.98671906096244
2026-01-01 00:27:00,177.20162188835758,40544.45264879481,38.329745597601736,9.454622177151558,80.53342362338113,62.03359002147863
2026-01-01 00:27:10,176.77109926247886,42511.0638132053,38.2811161042271,9.46842582577629,80.52176003999108,61.76036038136429
2026-01-01 00:27:20,177.39400446527918,42220.5369292837,38.254732487379,9.425310326544462,80.62379615136436,61.81373090862129
2026-01-01 00:27:30,177.04466503045276,42264.51779787471,38.264087273738035,9.468289539158445,80.6310507896792,61.86666237046016
2026-01-01 00:27:40,177.39357190027795,42203.15252076676,38.095093465479174,9.492409720188277,80.71325961269177,62.01300636238268
2026-01-01 00:27:50,177.58266149713222,42069.14221673994,37.94572776203485,9.504236817185507,80.71788215897986,62.03730002545115
2026-01-01 00:28:00,177.80600652837745,42205.610851240075,37.927034175198955,9.46252541307391,80.70335751278787,62.04770282708122
2026-01-01 00:28:10,177.55289768478093,42166.178399698576,37.81209843103553,9.44294624814339,80.78927426710558,62.12870712772842
2026-01-01 00:28:20,178.9618099204014,42014.727998843446,37.73712061109787,9.463549259308214,80.79098657615312,62.14543871682191
2026-01-01 00:28:30,177.91434537440665,41983.75006092567,37.70010212212851,9.471375329293776,80.83065689312521,62.11766251541591
2026-01-01 00:28:40,178.27231423224953,41902.65628457565,37.531680796844746,9.462762464886847,80.92852600985995,61.92084551075037
2026-01-01 00:28:50,179.4478644991167,41975.60462008969,37.680426757346424,9.431172697113054,80.94872415352648,61.87291636880421
2026-01-01 00:29:00,179.33457657668555,42062.87965091676,37.50501585235526,9.41681382712676,80.95911766354043,61.731758232044804
2026-01-01 00:29:10,178.93434349525864,41889.001058615315,37.59795447900529,9.404502493415041,81.04483795613113,61.80339510737902
2026-01-01 00:29:20,179.70588638884672,41936.0354242092,37.31491464679498,9.409142608057596,81.04667433443494,61.96347541270082
2026-01-01 00:29:30,179.58029672211998,41871.12323325953,37.533688921606604,9.404345156738806,81.13271597459102,61.82078769925323
2026-01-01 00:29:40,179.56275679638753,41819.88632955139,37.44191185425402,9.380270928156019,81.2114058414549,61.789698653549046
2026-01-01 00:29:50,180.19578608769896,41829.74500877339,37.375951623321605,9.401718284382712,81.25669133934312,61.67216426894789
2026-01-01 00:30:00,180.51870063719247,41739.01613096433,37.28444664038479,9.355414190074333,81.25535162429266,61.6792616617561
2026-01-01 00:30:10,179.9289920837328,41545.49416592755,37.203942518496795,9.355008655259157,81.28344716800714,61.600666427133596
2026-01-01 00:30:20,180.50670571250637,41735.78760410121,37.164867343875194,9.294302613208783,81.48115745599853,61.37441198879986
2026-01-01 00:30:30,181.31105903923006,41683.04527836446,37.258552176610074,9.241387927120241,81.50418247640715,61.264023435987234
2026-01-01 00:30:40,180.96611935244837,41527.503067266705,37.223726639334,9.268227843917233,81.6333574077463,61.213032019556806
2026-01-01 00:30:50,181.68415726818725,41483.973953886016,37.27528361261168,9.252988522802852,81.59486266169131,61.09600821142803
2026-01-01 00:31:00,181.35119884317217,41705.63297797937,36.90974004922306,9.19892741010969,81.55558404703017,60.976904389483906
2026-01-01 00:31:10,181.92102872225016,41481.95615789904,37.1125878465198,9.194541190741667,81.57089861383663,60.94707026980968
2026-01-01 00:31:20,182.43292909527696,41627.40722502909,37.00035654897034,9.157895430491124,81.67179625767194,60.8009675317524
2026-01-01 00:31:30,182.64866491367323,41420.896074575365,36.72343947539986,9.092045182890441,81.85314137346728,60.72757985269331
2026-01-01 00:31:40,183.10925325320272,41439.66868277445,36.828812736950844,9.058054262517384,81.86715519188186,60.70400834164554
2026-01-01 00:31:50,182.16606887211523,41422.639979982465,36.85288845998814,9.05780984701261,81.96045651814079,60.78834001218195
2026-01-01 00:32:00,183.6071922860512,41374.60488790602,36.49374406756645,9.040634497307556,82.19159705751343,60.81964135170692
2026-01-01 00:32:10,183.65023688392327,41512.02140950126,36.7010807364738,9.001710181947956,82.20622469319585,60.71105870616227
2026-01-01 00:32:20,184.3934033713288,41246.21790416597,36.549969710954876,8.972776313004386,82.33037719146216,60.71485306911417
2026-01-01 00:32:30,183.912721715607,41449.673337434884,36.71794306505615,8.960260857585304,82.416216850845,60.70405782130011
2026-01-01 00:32:40,184.19068127694524,41448.686861319,36.670285361614106,8.952471764991804,82.54988290596211,60.549608282982014
2026-01-01 00:32:50,184.81147385010092,41332.61540765944,36.73334629424403,8.936907691030958,82.60315422681937,60.51468781138702
2026-01-01 00:33:00,184.67084692567198,41609.67515474754,36.59857699724704,8.912093740370858,82.75290618917435,60.40104583323167
2026-01-01 00:33:10,185.18513485930546,41447.21957949024,36.60235354787719,8.861616804279208,82.88967150576812,60.413809865096354
2026-01-01 00:33:20,185.48538838794983,41373.49761773382,36.62055310538716,8.862190520155043,82.95283208392196,60.39562966171833
2026-01-01 00:33:30,185.29046978377045,41417.12165346525,36.536930918004714,8.871270876897025,83.18245285895152,60.40966164899755
2026-01-01 00:33:40,185.34135223195858,41383.720874552244,36.39820864621699,8.849659597791378,83.23647514066879,60.33900703799252
2026-01-01 00:33:50,185.6846881378172,41484.35617323557,36.383697680744845,8.852990358694626,83.14523474883549,60.25789733959511
2026-01-01 00:34:00,186.00130801633966,41330.55773602261,36.27928222595464,8.83040101194995,83.25983740447214,60.35297484220206
2026-01-01 00:34:10,186.2558662108313,41536.96874409071,36.225395723139286,8.833324179628475,83.38976758118486,60.302671997363525
2026-01-01 00:34:20,186.49087180229304,41167.33095800467,36.203913767685705,8.878076107581766,83.44604635948562,60.2503220266658
2026-01-01 00:34:30,187.09360915172388,41594.72612915051,36.00548154242445,8.8555767877327,83.50885864169726,60.05569223716201
2026-01-01 00:34:40,187.14350959390393,41407.996020836945,36.38194149599396,8.798751378916633,83.56183398752388,60.09558660669707
2026-01-01 00:34:50,187.11305091455523,41504.451751143075,38.43876245310719,8.79841446410928,83.62947917707504,59.920341379965336
2026-01-01 00:35:00,187.9270628582681,41452.63081936389,38.30438596900024,8.72867065276534,83.70689770752162,59.848307044897865
2026-01-01 00:35:10,188.4551221390981,41448.317629520825,38.34758066800456,8.708395953617213,83.88550871464392,59.85827075271677
2026-01-01 00:35:20,187.86908929093923,41297.180295281745,38.23500254409302,8.69840078721735,83.9788877809208,59.9655601132446
2026-01-01 00:35:30,188.6478117287715,41503.462726229474,38.39225653654777,8.686319687093425,83.90344158784144,59.872289467550246
2026-01-01 00:35:40,188.9709938700423,41634.10537218999,37.97121652725443,8.684243331610427,83.94132094200755,59.80690482092286
2026-01-01 00:35:50,188.5218015539944,41443.97190882017,38.31028502375214,8.6759144414801,84.07977649662371,59.78298364899171
2026-01-01 00:36:00,188.84760964416475,41543.93767303578,38.09368481234035,8.742841578689447,84.10988291950196,59.86392378683981
2026-01-01 00:36:10,189.42648464638773,41393.02998951013,38.051423969384025,8.67956663395454,84.14603212612712,59.90717840129096
2026-01-01 00:36:20,189.61477772221772,41397.67731892587,38.2922313435825,8.676174608467296,84.2820279959774,59.87922178083639
2026-01-01 00:36:30,189.5709994802932,41470.53541388516,38.046107489625875,8.684652808019731,84.183473735403,59.836951872241706
2026-01-01 00:36:40,189.52865318777964,41439.95088918175,37.8402625917462,8.645381628558738,84.31647152503352,59.9277779844742
2026-01-01 00:36:50,190.11750993326783,41550.22841212166,38.119367369043715,8.65576855552982,84.30283164025582,59.89066361248157
2026-01-01 00:37:00,190.7523329903874,41431.5620266816,37.858305904639565,8.667886362816004,84.26748809803418,59.89324850831892
2026-01-01 00:37:10,190.46959215375605,41525.62472407221,37.99114767692913,8.681530225719191,84.39325029380818,59.93541606502067
2026-01-01 00:37:20,190.16100517537578,41614.475581796556,38.19872263622209,8.699639247067383,84.5158033007244,59.899050749994736
2026-01-01 00:37:30,190.72149523195156,41631.37808927626,37.844752161730476,8.722478461560128,84.53014888985798,59.90670452366231
2026-01-01 00:37:40,191.11779500123842,41710.14623326087,37.748254108226526,8.727548710970142,84.59357460904668,59.908764873224854
2026-01-01 00:37:50,191.4691250500186,41690.979023722015,37.820575666761506,8.755897744555314,84.78923128342723,59.94895305500073
2026-01-01 00:38:00,190.28645292606197,41832.57331835914,37.83178204910293,8.763023680813095,84.78609704449579,59.90605611712161
2026-01-01 00:38:10,191.82600353470798,41792.47518901154,37.804655602932726,8.725383200947475,84.77839461377307,59.94753267406312
2026-01-01 00:38:20,191.13850966877956,41830.522315340735,37.9866660987266,8.716856711026267,84.87612634630923,59.91600180816041
2026-01-01 00:38:30,191.47518161379892,41885.09914407962,37.69825592861583,8.692448298314762,84.9670538948351,60.14227149043375
2026-01-01 00:38:40,191.6734033975003,41922.99441738678,37.75756931232059,8.686186459219705,85.16046198865968,60.035095796311325
2026-01-01 00:38:50,191.2874011220355,42045.019485074416,37.862600732516924,8.696540291329514,85.22569647043868,60.09608232087519
2026-01-01 00:39:00,191.59481854813063,42076.77084296378,37.707915088578915,8.661162461423363,85.29735693306536,60.12377032672627
2026-01-01 00:39:10,191.80244226140914,41815.245456321,37.623517539684634,8.649587872525634,85.36890372078759,59.974860574080935
2026-01-01 00:39:20,191.43798817982258,42048.68233745042,37.693927794012765,8.640734409251115,85.48383603856173,59.902397650560154
2026-01-01 00:39:30,192.09373964884222,42146.92647854477,37.58436271901927,8.609193197110411,85.49990068965714,59.992924259031525
2026-01-01 00:39:40,192.8423668738588,42190.51622749843,37.87938879490728,8.60557411145824,85.633383226998,59.81815872673875
2026-01-01 00:39:50,191.84658525678424,42191.99523342073,37.645344067931674,8.594873936436397,85.60530123268539,59.85496689259612
2026-01-01 00:40:00,191.94802599807147,42307.8977606855,37.53039431348509,8.520896936698232,85.65898256275712,59.82388029742752
2026-01-01 00:40:10,191.04314368495213,42237.123290457544,37.549654512930815,8.494450981265413,85.5671809899192,59.7369214315168
2026-01-01 00:40:20,186.0872490798813,42280.112667361,37.70739735312847,8.499332128368968,85.64720007413435,59.57448628377986
2026-01-01 00:40:30,185.82897730734973,42198.43687607247,37.693901835810266,8.527632663857766,85.61602257097192,59.51459849583462
2026-01-01 00:40:40,186.19240274004105,42477.6324973815,37.5274403172709,8.485923376052645,85.6061848217365,59.57016301075672
2026-01-01 00:40:50,186.43977812496834,42661.19447395648,37.59587561672233,8.454795449169668,85.60343510847743,59.717896660098305
2026-01-01 00:41:00,185.57030199267987,42603.329406442004,37.59137953202651,8.493867132534607,85.45625269521584,59.821036725225476
2026-01-01 00:41:10,186.03186242399016,42505.832967019254,37.69142259858833,8.581832257255131,85.19275332360762,59.728643388597426
2026-01-01 00:41:20,185.43779559256916,42773.10262064074,37.45730028655518,8.635168443496264,85.18820942573404,59.78652021807669
2026-01-01 00:41:30,185.29630665383442,42755.70326210626,37.72942153788426,8.653965307815012,85.12022346084184,59.816948764692675
2026-01-01 00:41:40,185.66105710314002,42826.127542347946,37.51422037211829,8.71977779417963,84.98075638258436,59.87328313213527
2026-01-01 00:41:50,185.84128926096017,42668.789913035034,37.58633458843112,8.699126030421588,84.90442519724225,60.00153093265313
2026-01-01 00:42:00,185.57670175064737,42776.42787021402,37.7779293411617,8.694018801444294,84.7820658810996,59.92375575187613
2026-01-01 00:42:10,185.42190851897,42861.46854971854,37.50242725990892,8.710183834436256,84.6825626824384,59.86072008938077
2026-01-01 00:42:20,185.14439557356835,42926.10449416974,37.65342779630192,8.711341659694478,84.55631384697004,59.81798081472445
2026-01-01 00:42:30,186.0271728419896,43008.01090394615,37.53751152521581,8.69257948633171,84.49510691160273,59.779874096964456
2026-01-01 00:42:40,185.08812255384092,43031.21858766041,37.7212614650539,8.711458133825772,84.44808962051489,59.812430213315004
2026-01-01 00:42:50,185.90734559589475,43110.147061645985,37.50777715698239,8.683830690084863,84.41184545064894,59.86126650614587
2026-01-01 00:43:00,184.713478341801,43047.71667368266,37.776597041638915,8.693462140920222,84.29912352756713,59.85384689601941
2026-01-01 00:43:10,184.4711139320682,43181.915464800964,37.596569093170395,8.672633978601466,84.28184185664382,59.859211463357475
2026-01-01 00:43:20,184.64346446051727,43136.58989732508,37.31743590717634,8.692450066588135,84.2359820980162,59.917851474454935
2026-01-01 00:43:30,184.26390259302812,43201.554422594294,37.73153446044364,8.689389488320169,84.15951382727859,59.88374653805569
2026-01-01 00:43:40,184.13440589919517,43335.790005768686,37.54948822613758,8.753019519733739,84.10927378884755,59.807843616763726
2026-01-01 00:43:50,184.20990113440226,43410.32998302973,37.899655117917334,8.786630673237832,83.99224730671632,59.780140917215725
2026-01-01 00:44:00,184.06260510495582,43558.70268788498,37.600996023485415,8.729132939921788,83.86002145931869,59.90632576492042
2026-01-01 00:44:10,184.41212517699483,43469.30190028709,37.78800175130282,8.701609223399235,83.84971313238373,60.02714396749695
2026-01-01 00:44:20,184.2224487640635,43674.87801498266,37.926310827814895,8.721902555110145,83.71821258486304,60.025248146622125
2026-01-01 00:44:30,183.72292795407148,43579.93016639499,37.72664710987931,8.730140727424205,83.68547543173565,60.1197841678179
2026-01-01 00:44:40,182.9088026816945,43704.620178057565,37.88401848933864,8.78534406667774,83.71992054605164,60.059553647768595
2026-01-01 00:44:50,183.4759071782089,43706.477887486544,37.77486378941932,8.747406778853053,83.71977422977037,59.9464269931777
2026-01-01 00:45:00,182.71252411631434,43731.22754410438,38.01057761257896,8.759881436412135,83.6762394094496,59.98398348383347
2026-01-01 00:45:10,182.48537724054975,43944.32410412055,37.80771721239758,8.810298511764994,83.69918454462338,59.994974400803315
2026-01-01 00:45:20,182.76035608556796,44162.81106801938,38.016335078209174,8.802890253039013,83.64404276461883,59.84571143016096
2026-01-01 00:45:30,182.76471083907947,43857.03079831802,37.900869502206994,8.836222999919338,83.6356920093497,59.851624156973884
2026-01-01 00:45:40,183.08561851411415,44092.7523327354,37.88079640702781,8.888926297936706,83.46737183105053,59.88946662479587
2026-01-01 00:45:50,181.61283102101166,44065.43972443416,38.08445522368461,8.891180661050257,83.46565861793357,59.95652620879627
2026-01-01 00:46:00,181.90157760231756,44172.46918405524,37.9606000533166,8.936618635236446,83.4647371457395,59.97939049777998
2026-01-01 00:46:10,182.0480054368394,44290.24285107479,37.86080324688881,8.927442056616924,83.41577471099498,60.00557255959014
2026-01-01 00:46:20,181.35761405931214,44274.53068180894,37.75008070978646,8.88925570217662,83.28885126052846,60.25120557600526
2026-01-01 00:46:30,181.17166298639873,44396.34744257398,37.946722886159435,8.891682661795437,83.3499176915131,60.34761118114133
2026-01-01 00:46:40,180.27107629414286,44411.1242169333,37.99933428205393,8.875611665051693,83.24800398801763,60.227699232766874
2026-01-01 00:46:50,180.1454022762552,44392.475741264294,38.024211792528924,8.89755260539854,83.2615326344124,60.12919181096305
2026-01-01 00:47:00,180.2801888890324,44340.44508445233,38.05355193674381,8.89941407986614,83.17922652942569,60.12988978059558
2026-01-01 00:47:10,180.51578463632126,44456.77551386986,38.03784399876862,8.908201514662483,83.04449568385013,60.20577866551271
2026-01-01 00:47:20,179.8611077740057,44569.51712736431,38.29439633295734,8.949541743979232,82.9422988978583,60.24686281515648
2026-01-01 00:47:30,179.41855564573538,44568.901196361956,38.53712087047835,8.945410980656856,82.76842405193938,60.127280382573595
2026-01-01 00:47:40,180.09160266680183,44608.31538933801,37.916826872228356,9.004539748833016,82.64979582320589,60.28650373051658
2026-01-01 00:47:50,179.12192892543797,44662.99857695275,38.32863403046427,9.020042144272313,82.68683786425126,60.37733955994281
2026-01-01 00:48:00,179.56356957021188,44768.69451458395,38.04209702713088,9.054426123028522,82.41319647865699,60.49489510416138
2026-01-01 00:48:10,179.090187018484,44647.92752967986,38.342446481441904,9.071065502968356,82.27318640450234,60.49278221626019
2026-01-01 00:48:20,178.46356832642618,44895.544186555475,38.1997386470882,9.102288654648744,82.29729084648135,60.56511069538307
2026-01-01 00:48:30,178.64241717168994,45026.25468656531,38.45062877406483,9.080801176575005,82.211944329652,60.524507095050716
2026-01-01 00:48:40,178.05019667048572,44978.745753968746,38.38768735882627,9.050951768729272,82.23312708745823,60.60421550341016
2026-01-01 00:48:50,177.3963914036261,45096.33619806207,38.48238519126308,9.034116536363152,82.1553973696717,60.593700119521465
2026-01-01 00:49:00,177.63715445437464,44888.90547845173,38.683534934313116,9.076658418600312,81.99879216089955,60.50527048714397
2026-01-01 00:49:10,177.1897126973951,45082.70883172128,38.426509926401756,9.067482187371203,81.88078529793283,60.579794183881006
2026-01-01 00:49:20,176.7270002568279,45327.58719073689,38.54322595207784,9.078549572681851,81.77005881567256,60.66212416673322
2026-01-01 00:49:30,176.64124359881637,44998.49797776102,38.24561462010968,9.138139578688184,81.78740027008114,60.662671340127986
2026-01-01 00:49:40,176.65456962703314,45296.234686252385,38.4247933764954,9.140664140809447,81.66343255223717,60.72970161477785
2026-01-01 00:49:50,176.27023808194156,45246.74530670082,38.74531979657847,9.14179631236487,81.53128484833256,60.85811637216244
2026-01-01 00:50:00,175.47580939023624,45174.68898730733,38.59293169089939,9.088868443308982,81.4584922751899,60.95862273340523
2026-01-01 00:50:10,176.04852658364516,45424.192297394075,38.631785180793656,9.112501587918592,81.47878386352859,61.023978215237086
2026-01-01 00:50:20,175.22823789046535,45347.10889986691,38.628422575324485,9.148585793155362,81.43003030345864,61.02366574865926
2026-01-01 00:50:30,175.74411388498672,45334.972148434375,38.644186723044065,9.180057499228479,81.47204686387431,61.06722283895121
2026-01-01 00:50:40,174.5605179794507,45415.53862458947,38.84431055012463,9.206129519421346,81.55581822212673,61.019329191470106
2026-01-01 00:50:50,174.42068038224477,45645.22542925201,38.95607189769884,9.180949827108885,81.49675578143916,61.068470496581575
2026-01-01 00:51:00,174.2796879284575,45679.23834799966,38.635284152679574,9.21409600037579,81.3867342238058,61.0674773866066
2026-01-01 00:51:10,174.71825714622614,45560.586043988864,38.77804588645092,9.244225179910174,81.29073234212909,61.0680982159319
2026-01-01 00:51:20,173.7759018915089,45668.872525596256,38.91576368127657,9.300917433927275,81.13767454755201,61.05156086290972
2026-01-01 00:51:30,173.73412411472725,45747.03633490282,39.07324081240645,9.307122343728874,81.05007913714715,61.09775022981706
2026-01-01 00:51:40,174.0373077639948,45624.17553621822,38.95473163442996,9.377738566671814,81.01324706108018,61.11895129429756
2026-01-01 00:51:50,173.72498538518295,45646.3580498527,38.96587337562767,9.365378170221799,80.871712464926,61.15026566435773
2026-01-01 00:52:00,173.17890311055723,45615.09762933583,39.158642312567125,9.343539542201281,80.86844296677162,61.264022010882606
2026-01-01 00:52:10,172.43918154923855,45679.269003329624,39.202003435667905,9.324726387579998,80.67546265265285,61.280877878632964
2026-01-01 00:52:20,172.83011752130912,45725.875005924434,39.357412440405255,9.346052299038384,80.73253965316344,61.19741146000615
2026-01-01 00:52:30,173.12977234245483,45764.38538985837,39.29579043674467,9.354019597523468,80.720160067214,61.19833293574841
2026-01-01 00:52:40,172.52902851032513,45872.200407597324,39.16777304993513,9.345384499812424,80.54841598350544,61.20796685895105
2026-01-01 00:52:50,171.93200251275786,45988.77775309297,39.440895453291084,9.34331388831041,80.4788704649999,61.1950471188472
2026-01-01 00:53:00,171.06064289340267,45867.177502693026,39.53027104057103,9.412472171180344,80.44748981723178,61.196872756672946
2026-01-01 00:53:10,172.15633384235488,45822.64163323757,39.626705215197674,9.430578553897877,80.38571374334494,61.1878923119381
2026-01-01 00:53:20,172.3017147931974,45994.01272676306,39.47727407474256,9.424288457227108,80.27366006635023,61.339211826918344
2026-01-01 00:53:30,171.9314972230866,45914.94209115371,39.81127894945529,9.442358336705187,80.27595340579143,61.30294205688286
2026-01-01 00:53:40,171.87953929223457,46043.75607282411,39.88651088743798,9.449042873721256,80.24904486676114,61.25068599601768
2026-01-01 00:53:50,171.2278695114504,46033.36937703467,39.62872186098474,9.440297556796711,80.1175863710131,61.432033173217384
2026-01-01 00:54:00,171.3566042432537,46177.04702342923,39.54437653873496,9.421630826639655,80.17692819109439,61.61044525998694
2026-01-01 00:54:10,171.06037163526221,45942.5059983562,39.815907524463334,9.420858574415432,80.05561432537263,61.597623641838744
2026-01-01 00:54:20,170.73453139964442,46067.81898016523,39.78784980470014,9.452999431365605,80.01068223843724,61.708932467818336
2026-01-01 00:54:30,171.13410694656704,46156.42093532826,39.898900815357955,9.471088920501694,80.04150840290163,61.69174706592105
2026-01-01 00:54:40,170.43799310485147,46102.4055265915,40.007562167615994,9.476200113604206,80.03635054309176,61.65031246316539
2026-01-01 00:54:50,170.3574704804474,46330.37244044319,40.017489175860305,9.487890090071526,79.86224864230192,61.682027578376655
2026-01-01 00:55:00,170.19778506572723,46229.91358079018,39.97912692903126,9.516004359011518,79.780297351975,61.621173836428845
2026-01-01 00:55:10,170.8535208921535,46045.70548567519,40.07435589072796,9.476342923392112,79.70466424794974,61.81282381837466
2026-01-01 00:55:20,170.40693571964775,46361.09498248859,40.13365604601064,9.509075772654592,79.6038065612725,61.72707552384252
2026-01-01 00:55:30,170.3184811469823,46129.56062245381,40.34634506386709,9.496336666514528,79.58437251277057,61.848519503209765
2026-01-01 00:55:40,170.55205918250425,46136.42378811559,40.130259476433345,9.519769196563233,79.45694368214498,61.872027024815104
2026-01-01 00:55:50,170.55530869561125,46220.52649485987,40.22271333447585,9.554177739955405,79.36324942528613,62.029336712467554
2026-01-01 00:56:00,169.75191699184117,46341.31042367186,40.37152448526788,9.554664361709483,79.37650244216539,61.9683053966891
2026-01-01 00:56:10,170.22089235731315,46146.12679124617,40.35003473736192,9.587725440480215,79.24311097846117,62.1013484588755
2026-01-01 00:56:20,170.3231615697101,46148.72707341808,40.45577970331896,9.570621935069415,79.0963714759305,62.212286001617976
2026-01-01 00:56:30,169.81666481075916,46156.54813482428,40.40173948002222,9.592276416429833,79.17045695932325,62.27663903565648
2026-01-01 00:56:40,169.73139544290476,46092.388557276216,40.54860802998695,9.65450373441422,79.14514960668096,62.201544269077
2026-01-01 00:56:50,170.547489181605,46144.933527242756,40.68123235286119,9.70163463373644,79.15598460756038,62.24889823919649
2026-01-01 00:57:00,170.0950464479404,46178.48171575006,40.703860757792995,9.736947989200429,79.05368667713337,62.409710145743404
2026-01-01 00:57:10,169.84229266367126,46162.3368921695,40.52066988333266,9.772885127521821,79.09411475499076,62.41211481249391
2026-01-01 00:57:20,170.2649350737179,46144.147035008464,40.80674692883407,9.841958464644918,79.08415770006347,62.5573079155319
2026-01-01 00:57:30,170.14823455548128,46218.88919593251,40.767100379574224,9.857752870771458,79.08329159414005,62.55054985729629
2026-01-01 00:57:40,170.22776297484484,46087.52269462162,40.86105362256349,9.820270777533494,79.02558415837824,62.63263013927221
2026-01-01 00:57:50,170.40911584044596,46204.835573523116,40.817229514671745,9.87899366922384,78.99733866412747,62.59319491877214
2026-01-01 00:58:00,170.7106366916158,46151.356357721364,40.866001002695334,9.867009650177613,78.9259642922285,62.700306283971294
2026-01-01 00:58:10,170.19432287591323,46200.78315784682,41.12994675700814,9.85812679091194,78.97926617275245,62.60364150458512
2026-01-01 00:58:20,169.88814399613238,45915.543496019585,41.19481902188837,9.823075196187673,78.82260597454757,62.53081131112268
2026-01-01 00:58:30,170.24145572217358,45979.00369970423,41.01875204716729,9.788860191188482,78.69885848962385,62.63632911882184
2026-01-01 00:58:40,170.86248136236796,46066.051791699574,40.971298751489314,9.78370740473846,78.78040393474042,62.598670983725405
2026-01-01 00:58:50,170.63862042021418,46069.829077170245,41.175706809494365,9.825355113321233,78.77885202622294,62.52935599439321
2026-01-01 00:59:00,171.40723251891862,45960.32580952464,41.30482399982615,9.827902424492947,78.7285389450764,62.56152272417052
2026-01-01 00:59:10,170.53702975168204,46008.643226862696,41.20480007725719,9.792509781595465,78.64297930631999,62.52417696329101
2026-01-01 00:59:20,171.37151692139372,45927.51811657753,41.55438834505871,9.814116325037508,78.75029286743329,62.53187436553332
2026-01-01 00:59:30,171.04722108701498,45859.62429707505,41.144919985219936,9.853405294976692,78.85562292314441,62.75042987836175
2026-01-01 00:59:40,171.06195981259728,45884.671113618766,41.290872566473105,9.854750573401072,78.80118523462768,62.76977125097832
2026-01-01 00:59:50,171.52509348978182,45927.03624242563,41.374482348794274,9.897497178068324,78.78194176561763,62.90940841259092
