date,Usage_kWh,Lagging_Current_Reactive.Power_kVarh,Leading_Current_Reactive_Power_kVarh,CO2(tCO2),Lagging_Current_Power_Factor,Leading_Current_Power_Factor,NSM,WeekStatus,Day_of_week,Load_Type
01/01/2026 00:00,21.48426215765162,10.175244439842109,1.9140452462464965,0.009667917970943228,92.35620429779172,97.35472676265152,0,Weekday,Monday,Medium_Load
01/01/2026 00:15,25.093402225678496,10.997563391808795,2.1269541981869056,0.011292031001555323,93.3839582310646,96.78676546081222,900,Weekday,Monday,Medium_Load
01/01/2026 00:30,24.54783505085685,11.349847921595677,1.7877856363567177,0.011046525772885582,93.5800670453973,98.16270956577065,1800,Weekday,Monday,Medium_Load
01/01/2026 00:45,25.42210877690982,10.815531778077254,2.262881148857129,0.011439948949609419,93.633103358562,96.52592702283175,2700,Weekday,Monday,Medium_Load
01/01/2026 01:00,24.21573117082781,10.765272068322787,1.8004653836985276,0.010897079026872513,91.96384676445872,99.08276393442122,3600,Weekday,Monday,Medium_Load
01/01/2026 01:15,25.06054830612101,11.520626108270879,1.9963064259821648,0.011277246737754454,91.96996169601114,100.0,4500,Weekday,Monday,Medium_Load
01/01/2026 01:30,26.22019849710961,10.531474086135557,1.9652278117067932,0.011799089323699325,92.9870610402739,97.28809988849595,5400,Weekday,Monday,Medium_Load
01/01/2026 01:45,25.98173598468023,11.372057725999923,2.0003332309581827,0.011691781193106104,89.83856362188133,98.28136868819469,6300,Weekday,Monday,Medium_Load
01/01/2026 02:00,28.280927521406838,13.429160944840888,2.3470092669848084,0.012726417384633077,92.55744970478554,100.0,7200,Weekday,Monday,Medium_Load
01/01/2026 02:15,27.05988317317701,11.70465039959326,2.0921367282830463,0.012176947427929654,93.73192167901928,95.92341398985836,8100,Weekday,Monday,Medium_Load
01/01/2026 02:30,26.74997834307546,12.235510519607287,1.9892945863797828,0.012037490254383956,92.6605671711981,97.11688317745744,9000,Weekday,Monday,Medium_Load
01/01/2026 02:45,25.50121109472186,11.574791187243763,1.9321937525576052,0.011475544992624837,91.86712938033305,97.26739620138564,9900,Weekday,Monday,Medium_Load
01/01/2026 03:00,26.359796148031066,12.362547249495956,2.1279059549600636,0.01186190826661398,93.32547142293501,97.23624046808263,10800,Weekday,Monday,Medium_Load
01/01/2026 03:15,27.196179454066723,12.429591489134216,2.077916141430264,0.012238280754330024,93.13095855399412,98.26574987965311,11700,Weekday,Monday,Medium_Load
01/01/2026 03:30,27.898755563424118,12.96569227259934,2.0111433907725162,0.012554440003540853,92.51429177943282,97.53944639674253,12600,Weekday,Monday,Medium_Load
01/01/2026 03:45,26.792450536590117,11.890749667653049,2.4345838040254435,0.012056602741465552,94.03107753100889,97.64662426297612,13500,Weekday,Monday,Medium_Load
01/01/2026 04:00,28.011783397453414,12.377941722455136,2.237542715625606,0.012605302528854036,90.11531016658256,98.9242830558443,14400,Weekday,Monday,Medium_Load
01/01/2026 04:15,29.749951961695615,13.231689754920472,2.4485863343862757,0.013387478382763026,92.46904301355944,98.32062612072941,15300,Weekday,Monday,Medium_Load
01/01/2026 04:30,28.22959039492112,12.957992574414085,1.9075642503502697,0.012703315677714504,93.14465615205039,99.806339134585,16200,Weekday,Monday,Medium_Load
01/01/2026 04:45,27.582817159315237,11.862839366589903,2.4631074687853185,0.012412267721691857,89.91641580678426,98.33530453916096,17100,Weekday,Monday,Medium_Load
01/01/2026 05:00,27.963452419964963,12.674298850109322,2.0531998185336464,0.012583553588984232,91.63195201585116,98.06009609815928,18000,Weekday,Monday,Medium_Load
01/01/2026 05:15,30.87260814011686,13.832388839193623,2.4203807560770025,0.013892673663052586,92.35965473737875,98.88192607410159,18900,Weekday,Monday,Medium_Load
01/01/2026 05:30,31.79620081079623,14.42280486702438,2.782194644435982,0.014308290364858303,91.63043053697625,99.56254299357569,19800,Weekday,Monday,Medium_Load
01/01/2026 05:45,28.43022601760798,12.378477824850608,2.4596418069140036,0.01279360170792359,91.53789976194203,98.32922059314664,20700,Weekday,Monday,Medium_Load
01/01/2026 06:00,31.430872134691153,12.969265239531627,2.5901192669579958,0.014143892460611018,94.07989684066989,98.37689393717953,21600,Weekday,Monday,Medium_Load
01/01/2026 06:15,30.060937329607917,14.19324431952305,2.263934140090157,0.013527421798323563,92.5957389168891,99.18785764021851,22500,Weekday,Monday,Medium_Load
01/01/2026 06:30,29.909861559612406,13.61724275545183,2.1303883798093466,0.013459437701825581,93.29643850880576,97.8006274213845,23400,Weekday,Monday,Medium_Load
01/01/2026 06:45,30.262200456910133,14.081912739383435,2.30505079003516,0.013617990205609559,92.2631761190003,97.90713367968179,24300,Weekday,Monday,Medium_Load
01/01/2026 07:00,29.66585221915227,12.456216564326224,2.4822473464097103,0.013349633498618521,92.8438239265655,97.17742991248586,25200,Weekday,Monday,Medium_Load
01/01/2026 07:15,32.133110489007386,14.446502381020377,2.79413764293441,0.014459899720053323,95.24920319265432,98.00331767472684,26100,Weekday,Monday,Medium_Load
01/01/2026 07:30,33.2154187249654,14.671871541283004,2.7242519936405785,0.014946938426234431,90.94660049666543,98.2992743682961,27000,Weekday,Monday,Medium_Load
01/01/2026 07:45,31.916347178310073,14.21501988138029,2.3584562008100636,0.014362356230239532,91.62111784295224,97.19115803844072,27900,Weekday,Monday,Medium_Load
01/01/2026 08:00,29.23781787287356,13.05339701656325,2.2503970357747956,0.013157018042793102,92.36828879286138,97.9447183036904,28800,Weekday,Monday,Medium_Load
01/01/2026 08:15,32.28416658046071,15.023344900301522,2.8945507409692284,0.01452787496120732,90.81691425747894,97.50053705971469,29700,Weekday,Monday,Medium_Load
01/01/2026 08:30,31.625436129885436,13.144913511562157,2.451302336758825,0.014231446258448447,92.55426031680022,97.09903681971193,30600,Weekday,Monday,Medium_Load
01/01/2026 08:45,32.17393553160853,14.42201901110597,2.7271251663809126,0.014478270989223838,96.09424572329094,98.34351260811135,31500,Weekday,Monday,Medium_Load
01/01/2026 09:00,32.2663242048986,15.019257265085855,2.565855706281608,0.014519845892204371,89.99503377800619,98.85912933354606,32400,Weekday,Monday,Medium_Load
01/01/2026 09:15,32.33804918568915,14.991623154549442,2.619844008053416,0.014552122133560117,94.59401046241513,98.02178695712735,33300,Weekday,Monday,Medium_Load
01/01/2026 09:30,30.752471719017006,12.709774370664302,2.5538637376543996,0.013838612273557652,91.56935908627946,97.59339957759023,34200,Weekday,Monday,Medium_Load
01/01/2026 09:45,32.31549596167982,14.01972677581832,2.5905938072654027,0.01454197318275592,91.59187728746325,99.93246150414761,35100,Weekday,Monday,Medium_Load
01/01/2026 10:00,31.981913554040677,13.807602322872215,2.781219583804442,0.014391861099318304,88.91743780616062,98.46843210610388,36000,Weekday,Monday,Medium_Load
01/01/2026 10:15,33.166098997062534,14.66878701866371,2.670282840314155,0.01492474454867814,92.93761650567612,97.30145046808703,36900,Weekday,Monday,Medium_Load
01/01/2026 10:30,36.349908449174094,15.623111258491875,2.7094649967012354,0.01635745880212834,91.22684424194465,98.54974305249277,37800,Weekday,Monday,Medium_Load
01/01/2026 10:45,31.89337399594234,14.445874066758043,2.517480445774885,0.014352018298174053,92.90547613303109,98.85484101422377,38700,Weekday,Monday,Medium_Load
01/01/2026 11:00,34.37566142058766,15.708442706973363,2.8872893435858846,0.015469047639264447,93.49909679360822,98.15435370223504,39600,Weekday,Monday,Medium_Load
01/01/2026 11:15,36.45480221591451,16.323849769311966,3.203833003566549,0.01640466099716153,90.89487273091856,99.04463070999846,40500,Weekday,Monday,Medium_Load
01/01/2026 11:30,33.34304465710402,14.263043958074526,2.8155366624296443,0.01500437009569681,91.08075747121472,97.76712938267775,41400,Weekday,Monday,Medium_Load
01/01/2026 11:45,32.96190805298946,15.470453052696083,2.6577095520600356,0.014832858623845256,94.52011206173836,97.20885014692531,42300,Weekday,Monday,Medium_Load
01/01/2026 12:00,34.13102335841498,15.085165178580128,2.7278371583717442,0.01535896051128674,93.27014657156235,100.0,43200,Weekday,Monday,Medium_Load
01/01/2026 12:15,34.52015508176262,15.544970696088209,2.534619029497217,0.015534069786793177,91.49828554242869,98.54552842559313,44100,Weekday,Monday,Medium_Load
01/01/2026 12:30,34.78825611443974,16.038225351681483,2.503689317745527,0.01565471525149788,92.53272013128668,98.84913450122293,45000,Weekday,Monday,Medium_Load
01/01/2026 12:45,33.34121542625295,15.161660455740062,2.8251402374188044,0.015003546941813828,95.16055654971807,98.23460200456228,45900,Weekday,Monday,Medium_Load
01/01/2026 13:00,32.99544405835433,15.102292335292415,2.579707291518103,0.014847949826259449,88.1848784320991,97.2409528037976,46800,Weekday,Monday,Medium_Load
01/01/2026 13:15,33.32077343572907,16.07906506186153,2.6041935189668117,0.014994348046078083,91.73269327939911,98.70152634758003,47700,Weekday,Monday,Medium_Load
01/01/2026 13:30,32.71817985245364,14.345578972912124,2.7555169483844506,0.014723180933604137,89.31648147694992,96.81780866935704,48600,Weekday,Monday,Medium_Load
01/01/2026 13:45,34.45068774402849,15.365394354911139,2.6843121593827437,0.015502809484812821,92.88870559551621,97.23210707403767,49500,Weekday,Monday,Medium_Load
01/01/2026 14:00,32.39292054499963,14.392589298599933,2.5869844367770662,0.014576814245249835,94.45109336857577,98.09620556091961,50400,Weekday,Monday,Medium_Load
01/01/2026 14:15,34.45400307470871,15.570575735901246,2.7014803208447367,0.015504301383618918,91.35152280569386,99.93235621539176,51300,Weekday,Monday,Medium_Load
01/01/2026 14:30,33.704672693927286,14.817355026468213,2.8670495721932547,0.015167102712267278,91.26826430558924,98.10444792322537,52200,Weekday,Monday,Medium_Load
01/01/2026 14:45,33.36134844479707,15.475479374906783,2.8429888376778307,0.015012606800158682,88.38335546013167,97.94968017293856,53100,Weekday,Monday,Medium_Load
01/01/2026 15:00,31.792370361545494,15.023871578036186,2.6278360751764755,0.014306566662695471,92.27326579426692,97.65395596867191,54000,Weekday,Monday,Medium_Load
01/01/2026 15:15,35.02527928606988,15.741287186344268,2.852569963340105,0.015761375678731447,93.15735029580036,99.26401787182911,54900,Weekday,Monday,Medium_Load
01/01/2026 15:30,32.74290701023555,14.668234440909476,2.4190327489212056,0.014734308154605996,89.869245872187,95.75942463235792,55800,Weekday,Monday,Medium_Load
01/01/2026 15:45,32.17801758021338,14.874296433412507,2.5520983872519682,0.01448010791109602,93.40259004818505,97.72078003428133,56700,Weekday,Monday,Medium_Load
01/01/2026 16:00,33.39394985389169,15.249200281890031,2.5804047492534177,0.01502727743425126,91.10501047745917,98.33825508641809,57600,Weekday,Monday,Medium_Load
01/01/2026 16:15,34.9427655206596,15.62593882822177,2.4288596090097596,0.01572424448429682,91.1049624558679,97.70136786127853,58500,Weekday,Monday,Medium_Load
01/01/2026 16:30,33.87298265052071,15.029382898002112,2.711482171279658,0.01524284219273432,91.30504496434119,98.71402430504064,59400,Weekday,Monday,Medium_Load
01/01/2026 16:45,32.77165139242121,15.514005744828477,2.7213575913584065,0.014747243126589545,93.73020126787549,99.8965219718613,60300,Weekday,Monday,Medium_Load
01/01/2026 17:00,30.664571706463494,13.65539001454491,2.7061088350853826,0.013799057267908572,94.31637156801489,97.1820984412901,61200,Weekday,Monday,Medium_Load
01/01/2026 17:15,34.90907980134782,15.411203303365584,2.846634651588784,0.01570908591060652,93.97568638422587,97.83696352854649,62100,Weekday,Monday,Medium_Load
01/01/2026 17:30,34.24000706010236,15.230048440574997,2.602639955119869,0.01540800317704606,92.1280646356305,98.2159964040392,63000,Weekday,Monday,Medium_Load
01/01/2026 17:45,32.356870277743475,14.931514066098982,2.4992052230414448,0.014560591624984564,89.60592651017986,98.29115548430286,63900,Weekday,Monday,Medium_Load
01/01/2026 18:00,33.308784190791584,14.604493517945581,2.564642729384501,0.014988952885856213,92.25097535859905,98.06191777191852,64800,Weekday,Monday,Medium_Load
01/01/2026 18:15,33.033607023010525,15.25484969828444,2.622132679589076,0.014865123160354736,85.99583177497153,97.33561573069491,65700,Weekday,Monday,Medium_Load
01/01/2026 18:30,35.27926868486582,15.66763722187705,2.680647113195633,0.01587567090818962,91.56353673119214,98.03839258873549,66600,Weekday,Monday,Medium_Load
01/01/2026 18:45,32.359559539414306,13.888642198442664,2.5675018583217777,0.014561801792736436,91.51017034373125,96.92630994967529,67500,Weekday,Monday,Medium_Load
01/01/2026 19:00,33.42690329637443,15.001295659236623,2.5013988451713565,0.015042106483368492,86.555341124242,98.46578421015259,68400,Weekday,Monday,Medium_Load
01/01/2026 19:15,32.245488227781365,15.081571206748437,2.478889800715861,0.014510469702501614,90.75347049688783,97.07062473219747,69300,Weekday,Monday,Medium_Load
01/01/2026 19:30,30.885050240760503,13.828691415700582,2.2784029225130342,0.013898272608342225,89.90129097663716,98.82450113913693,70200,Weekday,Monday,Medium_Load
01/01/2026 19:45,32.21650684552838,14.989143165639067,2.513844661575034,0.01449742808048777,93.14555164932833,97.94920827866308,71100,Weekday,Monday,Medium_Load
01/01/2026 20:00,32.66514684080691,14.265099061450549,2.3743817067854396,0.01469931607836311,91.48333419531772,95.85185170159603,72000,Weekday,Monday,Medium_Load
01/01/2026 20:15,32.99264506990286,15.55316013672941,2.5502991324607893,0.014846690281456288,89.80937755772885,98.49490439742476,72900,Weekday,Monday,Medium_Load
01/01/2026 20:30,29.296919951897895,13.53653396773275,2.234452575502139,0.013183613978354053,94.05786324342955,98.78270352732793,73800,Weekday,Monday,Medium_Load
01/01/2026 20:45,32.31875780751317,14.421534568246804,2.5116925992444075,0.014543441013380927,91.95183735383657,97.67233811991836,74700,Weekday,Monday,Medium_Load
01/01/2026 21:00,32.58505768674041,15.519148562096637,2.5740160329068225,0.014663275959033186,91.29680330925497,97.45617297616064,75600,Weekday,Monday,Medium_Load
01/01/2026 21:15,30.307974493197197,14.342694840448143,2.578452386841113,0.013638588521938739,94.47801579052496,97.97797163121669,76500,Weekday,Monday,Medium_Load
01/01/2026 21:30,30.530234658995838,12.76846523593818,2.4423021572862926,0.013738605596548126,94.84207254574245,99.0176561889176,77400,Weekday,Monday,Medium_Load
01/01/2026 21:45,30.298782033786125,13.412294749631881,2.4855211016766425,0.013634451915203755,92.29261449606322,99.46549900635749,78300,Weekday,Monday,Medium_Load
01/01/2026 22:00,31.871776159847133,14.70539043636532,2.37381664628588,0.01434229927193121,91.84408775885251,97.05573609395711,79200,Weekday,Monday,Medium_Load
01/01/2026 22:15,30.990067264726463,13.887936693666742,2.6452472996175675,0.013945530269126908,87.69587670716363,99.0787303484974,80100,Weekday,Monday,Medium_Load
01/01/2026 22:30,31.616186325581538,15.052482221381949,2.42712843101514,0.014227283846511691,90.5137096134784,98.03188723583615,81000,Weekday,Monday,Medium_Load
01/01/2026 22:45,29.319964838094737,12.523554883600184,2.5701263220968245,0.013193984177142631,91.34580310455756,98.20698800736646,81900,Weekday,Monday,Medium_Load
01/01/2026 23:00,29.64589008898501,13.559070362694296,2.230968839842341,0.013340650540043254,91.07373375729125,98.58104942449633,82800,Weekday,Monday,Medium_Load
01/01/2026 23:15,29.878540561266302,12.53679403799084,2.4762160199952508,0.013445343252569835,90.99026157556835,97.00877372325213,83700,Weekday,Monday,Medium_Load
01/01/2026 23:30,28.296414933369142,13.045510368512753,2.5239879294593144,0.012733386720016114,93.60276034441218,96.72215958660335,84600,Weekday,Monday,Medium_Load
01/01/2026 23:45,27.246462974842267,12.670983742295066,2.2699365607652506,0.01226090833867902,96.30930406994585,95.97361600819076,85500,Weekday,Monday,Medium_Load
02/01/2026 00:00,28.9138530013687,13.052538493585557,2.020067307718657,0.013011233850615915,93.46859909099888,98.81166621087628,0,Weekday,Monday,Medium_Load
02/01/2026 00:15,29.53391813369643,13.27666534487067,2.2519277215298943,0.013290263160163393,93.7896989013545,97.64908499703407,900,Weekday,Monday,Medium_Load
02/01/2026 00:30,28.03657118439465,12.49965221827486,2.0089160786240083,0.012616457032977592,95.57120544846775,96.90543348505048,1800,Weekday,Monday,Medium_Load
02/01/2026 00:45,27.308566337583137,12.231806919201286,1.861773956736832,0.012288854851912412,94.1932187849537,96.60967434853258,2700,Weekday,Monday,Medium_Load
02/01/2026 01:00,27.994820418920416,12.261241839387788,2.5245068353530513,0.012597669188514187,95.57203168326313,96.30233484928537,3600,Weekday,Monday,Medium_Load
02/01/2026 01:15,27.784855263103296,12.543866418084006,2.153472284260156,0.012503184868396482,91.9370529926966,97.76198402547705,4500,Weekday,Monday,Medium_Load
02/01/2026 01:30,26.274389741085123,11.926582878998694,2.034913685013507,0.011823475383488305,93.43675526013452,96.83270301211633,5400,Weekday,Monday,Medium_Load
02/01/2026 01:45,30.02768310067263,13.177747649412336,2.424515547370276,0.013512457395302683,95.10128780965564,97.44911799181759,6300,Weekday,Monday,Medium_Load
02/01/2026 02:00,25.867113983895766,11.576241524406433,2.05731646111151,0.011640201292753095,88.71919513245916,96.74937251862356,7200,Weekday,Monday,Medium_Load
02/01/2026 02:15,25.56687901566737,12.592452608810035,2.020124718199553,0.011505095557050317,91.20803950374747,97.52751462700519,8100,Weekday,Monday,Medium_Load
02/01/2026 02:30,27.100454154889693,11.412494163086293,2.179268256198562,0.012195204369700362,93.33985782361881,97.81102893359267,9000,Weekday,Monday,Medium_Load
02/01/2026 02:45,25.939220635502075,11.739052266357255,1.9882636809024492,0.011672649285975934,91.42550748073944,99.0441259993394,9900,Weekday,Monday,Medium_Load
02/01/2026 03:00,27.123075734562633,12.952631471919249,2.0822801900963586,0.012205384080553185,90.26960912874716,98.44518781888645,10800,Weekday,Monday,Medium_Load
02/01/2026 03:15,22.993111866933763,10.67168779653253,1.9960990065905415,0.010346900340120193,93.21881856154029,99.03749118473813,11700,Weekday,Monday,Medium_Load
02/01/2026 03:30,24.846605846154105,12.303017000148108,1.7026319982675613,0.011180972630769347,91.07542868746268,99.66686599627297,12600,Weekday,Monday,Medium_Load
02/01/2026 03:45,23.386493036914608,10.162647515607159,1.635207479499834,0.010523921866611573,89.61105736192862,96.1029718348235,13500,Weekday,Monday,Medium_Load
02/01/2026 04:00,24.78758458265442,11.449178637375693,2.00563065497466,0.01115441306219449,90.81621108399507,95.38370571843447,14400,Weekday,Monday,Medium_Load
02/01/2026 04:15,22.36376561321487,9.397779908564704,1.7664128382809843,0.01006369452594669,90.55426152665886,97.62717247205792,15300,Weekday,Monday,Medium_Load
02/01/2026 04:30,24.366640682994895,11.243163587047562,1.8994368156014783,0.010964988307347703,94.95593143396285,97.95149977010516,16200,Weekday,Monday,Medium_Load
02/01/2026 04:45,22.145833199063397,9.234303752643427,1.568841142773176,0.009965624939578529,92.00515031415465,97.60441892296816,17100,Weekday,Monday,Medium_Load
02/01/2026 05:00,23.73781836931631,11.179267240870619,1.7873516266473435,0.01068201826619234,92.88903447025855,97.74209540520872,18000,Weekday,Monday,Medium_Load
02/01/2026 05:15,21.58906437214903,9.787113016954391,1.8503114138462866,0.009715078967467063,91.57337084562843,97.92845976621145,18900,Weekday,Monday,Medium_Load
02/01/2026 05:30,22.280047657511023,10.414315474753444,1.6688335578766282,0.010026021445879961,88.9098743640373,98.86562115181901,19800,Weekday,Monday,Medium_Load
02/01/2026 05:45,22.82430188419016,10.290656054561813,1.6660841415001832,0.010270935847885571,90.13743498573373,98.11388241896495,20700,Weekday,Monday,Medium_Load
02/01/2026 06:00,22.559390377298588,10.118950385642613,1.9134844524201315,0.010151725669784364,89.23434058417332,97.29399340612109,21600,Weekday,Monday,Medium_Load
02/01/2026 06:15,21.810968731855436,10.34762594350345,1.6708563960517058,0.009814935929334946,92.48868246895735,99.36331239870412,22500,Weekday,Monday,Medium_Load
02/01/2026 06:30,20.500580587305947,9.160383154075037,1.6776487733321417,0.009225261264287675,94.64867049404492,97.9285584979394,23400,Weekday,Monday,Medium_Load
02/01/2026 06:45,21.80165057199376,9.97437364520796,1.667976175280512,0.009810742757397193,92.34199844776668,96.37872918449794,24300,Weekday,Monday,Medium_Load
02/01/2026 07:00,17.87112095799162,8.399415640991828,1.6430433699354021,0.00804200443109623,92.98313995498084,96.93074626923976,25200,Weekday,Monday,Medium_Load
02/01/2026 07:15,22.052266719688472,9.80555574063982,1.6033580129675085,0.009923520023859812,89.75874111760731,98.68422541827398,26100,Weekday,Monday,Medium_Load
02/01/2026 07:30,20.865393090243895,8.66973837988974,1.6775409614996566,0.009389426890609752,89.97600155135417,98.4973172334129,27000,Weekday,Monday,Medium_Load
02/01/2026 07:45,20.72276205128626,9.253661033694627,1.5609638072359926,0.009325242923078817,92.38906805528703,97.01638273241309,27900,Weekday,Monday,Medium_Load
02/01/2026 08:00,18.923075162517016,8.68627693728663,1.4279722761078504,0.008515383823132657,94.81839923171914,94.90693946169272,28800,Weekday,Monday,Medium_Load
02/01/2026 08:15,20.07152517479479,8.467425795374252,1.5899676589660703,0.009032186328657654,89.4276678421277,96.20211355579768,29700,Weekday,Monday,Medium_Load
02/01/2026 08:30,19.166435926904974,8.104861495264808,1.346878956733837,0.008624896167107238,94.27979754052667,98.83597849116605,30600,Weekday,Monday,Medium_Load
02/01/2026 08:45,17.61889032440521,7.994470951056161,1.4630117163403804,0.007928500645982344,92.55803068483236,98.60823482550295,31500,Weekday,Monday,Medium_Load
02/01/2026 09:00,18.195958587725148,8.033600975265118,1.4844436752754513,0.008188181364476316,99.78510317726676,99.5465198988162,32400,Weekday,Monday,Medium_Load
02/01/2026 09:15,19.224728101676767,8.655284765713393,1.540198187460425,0.008651127645754545,88.65486098217495,97.68315160391553,33300,Weekday,Monday,Medium_Load
02/01/2026 09:30,17.57662570682565,7.16831113113893,1.3963323770686162,0.007909481568071542,89.00079546723217,98.77578616196959,34200,Weekday,Monday,Medium_Load
02/01/2026 09:45,20.091872031861154,8.904427950954567,1.7818643010930808,0.009041342414337518,92.16820422761025,98.93405140084226,35100,Weekday,Monday,Medium_Load
02/01/2026 10:00,17.00503574242946,7.6757324714824495,1.4438584133187395,0.007652266084093256,90.95299045613625,98.6161477572422,36000,Weekday,Monday,Medium_Load
02/01/2026 10:15,16.583176211961316,7.030423798639424,1.3154431914672697,0.007462429295382592,91.12457657426246,99.93867289298785,36900,Weekday,Monday,Medium_Load
02/01/2026 10:30,19.058661648179296,8.426118484369882,1.562208454869081,0.008576397741680683,91.34958934661458,98.85606482477415,37800,Weekday,Monday,Medium_Load
02/01/2026 10:45,18.55865781493145,8.520460667568036,1.4027644000398687,0.008351396016719153,91.62738128880206,97.59278146416301,38700,Weekday,Monday,Medium_Load
02/01/2026 11:00,18.138448324358823,8.857513907946727,1.395489562888585,0.00816230174596147,92.8092768968577,99.00731566702105,39600,Weekday,Monday,Medium_Load
02/01/2026 11:15,17.18738765075377,8.81730283405213,1.7816628568230692,0.007734324442839197,91.37052606016407,96.83526076943402,40500,Weekday,Monday,Medium_Load
02/01/2026 11:30,16.982676602946878,7.168260307373954,1.372688689236033,0.007642204471326095,93.01829354467316,97.02784734262111,41400,Weekday,Monday,Medium_Load
02/01/2026 11:45,15.390685724945845,7.12858047414024,1.581459093865879,0.00692580857622563,92.9017388640541,98.91025294599741,42300,Weekday,Monday,Medium_Load
02/01/2026 12:00,14.558576363632623,6.0687928559496385,1.0350669667263293,0.00655135936363468,92.95403080380278,97.50555024574466,43200,Weekday,Monday,Medium_Load
02/01/2026 12:15,16.995139858574888,7.668318656171098,1.2991853326283305,0.007647812936358699,92.53158715290992,98.62032901389362,44100,Weekday,Monday,Medium_Load
02/01/2026 12:30,16.128705428601688,7.46173376153382,1.198827348360113,0.007257917442870759,94.67840475912033,99.75683855033637,45000,Weekday,Monday,Medium_Load
02/01/2026 12:45,16.234266692820913,7.590520157449867,1.3005331721517468,0.007305420011769411,92.67306300028405,99.1783746334318,45900,Weekday,Monday,Medium_Load
02/01/2026 13:00,14.729048483089084,6.206803581874773,1.1812829369701818,0.006628071817390088,92.57637162897771,97.33554430092639,46800,Weekday,Monday,Medium_Load
02/01/2026 13:15,15.917822336513204,6.690561846355766,1.4654749601587664,0.007163020051430942,92.49766143315514,99.20939711802639,47700,Weekday,Monday,Medium_Load
02/01/2026 13:30,17.375547402990023,8.673938514485789,1.5571497943388592,0.00781899633134551,89.78802698299242,98.82227667564638,48600,Weekday,Monday,Medium_Load
02/01/2026 13:45,16.04576664827777,7.590139997439433,1.478024211891693,0.007220594991724996,92.04330736118585,97.75253789709129,49500,Weekday,Monday,Medium_Load
02/01/2026 14:00,15.017327913984278,6.767682130578078,1.2735830059231403,0.006757797561292925,92.68116944530813,98.77486426538975,50400,Weekday,Monday,Medium_Load
02/01/2026 14:15,12.793128686780607,6.0380676770900585,0.9783643702229852,0.005756907909051273,93.12429185955553,98.27288485635155,51300,Weekday,Monday,Medium_Load
02/01/2026 14:30,13.652354988126257,5.413594511741537,1.0185878928596066,0.006143559744656815,90.89324793468698,98.50877964380744,52200,Weekday,Monday,Medium_Load
02/01/2026 14:45,14.251974993696233,6.220269168772461,1.3312948518908716,0.006413388747163305,91.59766488823455,96.70419301128699,53100,Weekday,Monday,Medium_Load
02/01/2026 15:00,15.957207939803608,6.907185725881447,1.2700815301623054,0.007180743572911623,93.22920336107342,97.31866916164323,54000,Weekday,Monday,Medium_Load
02/01/2026 15:15,15.414125990503042,6.568805383091725,1.2708539567976052,0.006936356695726368,90.15774857600651,97.67142120641631,54900,Weekday,Monday,Medium_Load
02/01/2026 15:30,14.358336127638907,6.622069831303733,1.2618022664331048,0.006461251257437508,91.79171931644846,98.35144973542333,55800,Weekday,Monday,Medium_Load
02/01/2026 15:45,16.841588039022014,7.085996402822234,1.3844364302039731,0.007578714617559906,92.88392069740955,98.17824897217191,56700,Weekday,Monday,Medium_Load
02/01/2026 16:00,14.936498537233915,6.442661756085007,1.2455648502787044,0.006721424341755261,91.6941391815693,96.81487851155724,57600,Weekday,Monday,Medium_Load
02/01/2026 16:15,13.932242080567104,6.0613964907905435,0.9763027399861967,0.006269508936255197,94.21621011813798,97.35498361918279,58500,Weekday,Monday,Medium_Load
02/01/2026 16:30,14.808209282082073,6.387796501471974,1.3209572799849538,0.0066636941769369325,91.26683291400649,98.01225153222727,59400,Weekday,Monday,Medium_Load
02/01/2026 16:45,12.830429394634425,6.672585768141686,1.1630929270834092,0.005773693227585491,88.8849971632676,98.4582709934389,60300,Weekday,Monday,Medium_Load
02/01/2026 17:00,14.447591842948274,6.031084535013395,1.3207077503408058,0.006501416329326723,97.15908492505092,99.69983409263953,61200,Weekday,Monday,Medium_Load
02/01/2026 17:15,12.715060702303271,5.736106465432858,1.255074740063965,0.005721777316036472,90.44195195544519,98.77963111140443,62100,Weekday,Monday,Medium_Load
02/01/2026 17:30,13.360779298272337,5.921463319459195,1.156798801496536,0.0060123506842225515,95.82359064167144,97.17579497828241,63000,Weekday,Monday,Medium_Load
02/01/2026 17:45,13.443379606502516,5.445084898764753,1.0380195417706746,0.006049520822926132,96.99818940513865,100.0,63900,Weekday,Monday,Medium_Load
02/01/2026 18:00,13.628835860426193,6.5127789594533585,1.0907980851734842,0.006132976137191787,89.81266246645441,98.59642249942047,64800,Weekday,Monday,Medium_Load
02/01/2026 18:15,12.166744059500388,5.856852410092979,0.8914374439628913,0.0054750348267751745,90.64980145866515,97.79304877895667,65700,Weekday,Monday,Medium_Load
02/01/2026 18:30,16.38963430863409,7.131730548974352,1.1967683148152686,0.007375335438885341,93.24047974604188,97.55214516649315,66600,Weekday,Monday,Medium_Load
02/01/2026 18:45,12.177917339621828,5.275094809120055,0.8747035204304774,0.0054800628028298225,91.89362766216685,97.88502233511126,67500,Weekday,Monday,Medium_Load
02/01/2026 19:00,12.772732520707965,5.2976311527334605,0.77280973403748,0.005747729634318584,94.0173798085663,97.8296318989169,68400,Weekday,Monday,Medium_Load
02/01/2026 19:15,16.159249262099863,7.426765572461917,1.2905914288438818,0.007271662167944938,94.54480678708474,98.89200756222904,69300,Weekday,Monday,Medium_Load
02/01/2026 19:30,15.116133444541882,7.636592830363788,1.0486649966074761,0.006802260050043847,89.62604876631184,99.46204911592191,70200,Weekday,Monday,Medium_Load
02/01/2026 19:45,13.079136078767135,5.942649551786293,1.0625018753516742,0.005885611235445211,90.88568607535991,97.75254324889988,71100,Weekday,Monday,Medium_Load
02/01/2026 20:00,15.050288496809168,7.273895459169168,0.9268330023138728,0.006772629823564125,89.71156921273669,97.60952656758295,72000,Weekday,Monday,Medium_Load
02/01/2026 20:15,13.936903535085554,6.589302876687793,1.1714625962989893,0.006271606590788499,95.41862935072555,97.12374251572763,72900,Weekday,Monday,Medium_Load
02/01/2026 20:30,13.186045088860402,6.137853937076658,1.0566775153805157,0.005933720289987181,93.32067064826013,96.66029269005669,73800,Weekday,Monday,Medium_Load
02/01/2026 20:45,14.658514792340215,7.02026293767649,1.1517807524898773,0.006596331656553096,91.68544893003337,99.34140985539003,74700,Weekday,Monday,Medium_Load
02/01/2026 21:00,15.061283437063034,6.856337820117805,1.1291067130175951,0.006777577546678365,93.87512113220212,98.65288442751384,75600,Weekday,Monday,Medium_Load
02/01/2026 21:15,12.329361152403864,4.70449427433858,0.8691170474347527,0.005548212518581739,90.32682006979189,97.22165140334502,76500,Weekday,Monday,Medium_Load
02/01/2026 21:30,13.595092773029844,6.477585427464258,0.9804133778362115,0.006117791747863429,93.30727327124661,98.09527274661066,77400,Weekday,Monday,Medium_Load
02/01/2026 21:45,15.6337064615435,7.241878334230958,1.3191568211386822,0.007035167907694575,93.401031730546,96.26873806806303,78300,Weekday,Monday,Medium_Load
02/01/2026 22:00,13.728493035653013,5.653866401616014,1.1814018285538515,0.0061778218660438556,92.25151962419717,99.68091118021168,79200,Weekday,Monday,Medium_Load
02/01/2026 22:15,15.465160186796854,6.320451377357757,1.4426003997350567,0.006959322084058584,96.12704024394006,96.2002260985528,80100,Weekday,Monday,Medium_Load
02/01/2026 22:30,13.59658174952501,6.83133029437853,0.8936080495564167,0.006118461787286254,89.70150886393662,96.52001176139704,81000,Weekday,Monday,Medium_Load
02/01/2026 22:45,14.822236224712675,6.253847965106801,1.3022274877427946,0.006670006301120704,93.9177617854798,97.16622393779372,81900,Weekday,Monday,Medium_Load
02/01/2026 23:00,15.84902521553663,7.630847170831936,1.300652479206405,0.007132061346991483,95.4393642416888,97.50825187493727,82800,Weekday,Monday,Medium_Load
02/01/2026 23:15,15.860936177810013,6.589008325864124,1.0115735303478606,0.007137421280014505,91.31251830159536,99.6085001019074,83700,Weekday,Monday,Medium_Load
02/01/2026 23:30,16.713679382333954,7.170269015236001,1.267147625664162,0.007521155722050279,91.65540657499639,98.53472367684995,84600,Weekday,Monday,Medium_Load
02/01/2026 23:45,12.75562040152062,5.380870715671034,1.0357393624210736,0.005740029180684279,91.67507892482661,98.20366324938499,85500,Weekday,Monday,Medium_Load
03/01/2026 00:00,16.975258365987877,7.09222980071372,0.9790058200660072,0.007638866264694544,93.05270833218749,97.90455057230307,0,Weekday,Monday,Medium_Load
03/01/2026 00:15,16.405203789354335,7.671522531020758,1.2466628645038353,0.0073823417052094505,88.27320993612564,96.67597216809042,900,Weekday,Monday,Medium_Load
03/01/2026 00:30,18.24007865890404,7.085891647222962,1.2581000544269403,0.008208035396506818,91.0895660715804,97.23786694126338,1800,Weekday,Monday,Medium_Load
03/01/2026 00:45,15.884202247147309,7.214350837941039,1.3325589660261645,0.007147891011216289,92.17661736883316,96.46716993411846,2700,Weekday,Monday,Medium_Load
03/01/2026 01:00,16.135464991722188,7.373136784520656,1.3454576839027894,0.007260959246274984,95.58829914503117,96.253614655213,3600,Weekday,Monday,Medium_Load
03/01/2026 01:15,17.569018071642496,7.417467228248647,1.5907267763660327,0.007906058132239123,90.5420096394256,97.22192425886807,4500,Weekday,Monday,Medium_Load
03/01/2026 01:30,16.39962659714536,8.467385846425895,1.3798429446414147,0.007379831968715412,91.4363647426245,98.36452013790418,5400,Weekday,Monday,Medium_Load
03/01/2026 01:45,17.4840613456766,8.082605502925068,1.521799746142715,0.00786782760555447,91.01125184164765,96.57486783618859,6300,Weekday,Monday,Medium_Load
03/01/2026 02:00,17.843827693278946,7.857503835469107,1.6231460892695253,0.008029722461975525,90.44875410645234,98.23329341302417,7200,Weekday,Monday,Medium_Load
03/01/2026 02:15,16.515776738702485,7.5176093213016095,1.4615063884541464,0.007432099532416118,92.4222538724879,96.97555104854354,8100,Weekday,Monday,Medium_Load
03/01/2026 02:30,16.04113091677648,7.126625897250373,1.2985630236496237,0.0072185089125494165,91.87038658531466,98.0176329078354,9000,Weekday,Monday,Medium_Load
03/01/2026 02:45,16.58057452039466,7.929417590740683,1.3712927357828653,0.007461258534177596,93.22371135728909,96.6798476400063,9900,Weekday,Monday,Medium_Load
03/01/2026 03:00,17.040534800164373,7.275710516434651,1.3245479751289555,0.0076682406600739675,91.67517505738516,95.78487089700896,10800,Weekday,Monday,Medium_Load
03/01/2026 03:15,17.300537916480437,8.525979168296635,1.3242159126248307,0.007785242062416197,92.51279822892815,98.98014274877879,11700,Weekday,Monday,Medium_Load
03/01/2026 03:30,17.5070284136404,6.544696207324028,1.3593401502112124,0.00787816278613818,90.59705276234313,97.46862367263375,12600,Weekday,Monday,Medium_Load
03/01/2026 03:45,18.988524589964964,9.557937993241282,1.2744924479873583,0.008544836065484233,88.58179876055979,96.97122020103487,13500,Weekday,Monday,Medium_Load
03/01/2026 04:00,18.589463542690716,8.305948299222724,1.7570149315185175,0.008365258594210822,94.73030463785818,96.9343213534181,14400,Weekday,Monday,Medium_Load
03/01/2026 04:15,17.930427197830067,8.50306969967163,1.5683745677192489,0.00806869223902353,92.2533600486805,98.2508318904498,15300,Weekday,Monday,Medium_Load
03/01/2026 04:30,20.18290331685682,9.179480604349187,1.6228269940089812,0.009082306492585568,91.79695553524765,98.17231861896991,16200,Weekday,Monday,Medium_Load
03/01/2026 04:45,21.47178195612637,9.679099338947742,1.8213091637371646,0.009662301880256867,89.55121133542993,97.8814685598005,17100,Weekday,Monday,Medium_Load
03/01/2026 05:00,18.958338249891646,7.644908632581808,1.5200283498583673,0.00853125221245124,92.65223969878372,99.46584660814447,18000,Weekday,Monday,Medium_Load
03/01/2026 05:15,21.14207079002802,9.703072240322747,1.9309361901387425,0.009513931855512608,95.66462036974166,97.67688118754566,18900,Weekday,Monday,Medium_Load
03/01/2026 05:30,21.782541372107165,10.639544723297735,1.4946258685943938,0.009802143617448224,93.87134790688785,99.68392787575299,19800,Weekday,Monday,Medium_Load
03/01/2026 05:45,19.794018066777607,8.603920174559367,1.7972281700381005,0.008907308130049923,93.72841432509806,99.09505262179557,20700,Weekday,Monday,Medium_Load
03/01/2026 06:00,20.482323509366335,9.377616345774562,1.6184739145418534,0.00921704557921485,91.53960883627545,96.87651497710927,21600,Weekday,Monday,Medium_Load
03/01/2026 06:15,22.058488976403815,9.150242993052656,1.7277425524868033,0.009926320039381717,90.45746892763495,96.81535197354415,22500,Weekday,Monday,Medium_Load
03/01/2026 06:30,22.31621555231917,9.186954643290274,2.084428415415195,0.010042296998543627,93.62826238799614,97.5619053348186,23400,Weekday,Monday,Medium_Load
03/01/2026 06:45,21.799444269897883,9.247335772580096,1.7695349988998825,0.009809749921454046,93.58469169250051,97.18160407970036,24300,Weekday,Monday,Medium_Load
03/01/2026 07:00,21.309212283897416,8.73828366622658,1.5061458653153945,0.009589145527753837,90.02022303422683,98.19023965991701,25200,Weekday,Monday,Medium_Load
03/01/2026 07:15,23.005167186015623,9.988951996220027,2.0228594250150325,0.01035232523370703,92.13313667212262,98.83175760455259,26100,Weekday,Monday,Medium_Load
03/01/2026 07:30,24.881192887839124,10.042178679219957,1.8777800476068083,0.011196536799527606,91.09191229881542,97.53278906349341,27000,Weekday,Monday,Medium_Load
03/01/2026 07:45,23.634144003610448,9.865358370877452,1.9742318557165643,0.010635364801624702,95.56265291031848,98.36674581776482,27900,Weekday,Monday,Medium_Load
03/01/2026 08:00,22.321701744033064,9.62373946317922,2.1578560462419385,0.010044765784814879,90.10513867074609,98.49226924878846,28800,Weekday,Monday,Medium_Load
03/01/2026 08:15,24.01251336897557,10.327533051217417,1.8787857466263633,0.010805631016039005,89.2463262034187,98.12069900038956,29700,Weekday,Monday,Medium_Load
03/01/2026 08:30,25.164262895939487,11.126189628639136,1.8773979835529357,0.011323918303172769,88.25982736548056,98.32704555875624,30600,Weekday,Monday,Medium_Load
03/01/2026 08:45,26.18599661653612,11.316081780872102,2.0755908037257558,0.011783698477441254,87.79691141194499,97.13536894388349,31500,Weekday,Monday,Medium_Load
03/01/2026 09:00,21.972725338060467,10.037257506212363,1.7775373121759945,0.00988772640212721,93.22479286282082,97.72035675296495,32400,Weekday,Monday,Medium_Load
03/01/2026 09:15,27.117459627050724,11.954141396590419,2.1791473890458746,0.012202856832172825,90.68315212394565,97.42994851239146,33300,Weekday,Monday,Medium_Load
03/01/2026 09:30,24.65149703366441,10.874454914983076,2.2322535293061687,0.011093173665148984,91.07503464387524,98.33125180219055,34200,Weekday,Monday,Medium_Load
03/01/2026 09:45,25.722031886842636,11.472224969965096,1.9791761279804114,0.011574914349079186,91.04950531048019,97.4595688491285,35100,Weekday,Monday,Medium_Load
03/01/2026 10:00,26.343113611440845,11.769368040672155,2.123711655830231,0.01185440112514838,93.17135464982019,98.49445025766455,36000,Weekday,Monday,Medium_Load
03/01/2026 10:15,24.98650935641698,11.638346706007708,2.1660872165808405,0.011243929210387641,93.97634897845843,97.45914039514716,36900,Weekday,Monday,Medium_Load
03/01/2026 10:30,26.032820086099075,12.081630375722305,2.0749500290243583,0.011714769038744584,92.60723123203921,96.21021688772512,37800,Weekday,Monday,Medium_Load
03/01/2026 10:45,26.762538124091954,10.747756257324385,2.0452393369004698,0.01204314215584138,92.73581227326166,98.84502168057071,38700,Weekday,Monday,Medium_Load
03/01/2026 11:00,25.55645789498255,11.287300672382079,2.05306213207496,0.011500406052742147,90.59996765933218,98.75535659088588,39600,Weekday,Monday,Medium_Load
03/01/2026 11:15,27.873863566845554,12.656196394706301,2.1166764309922628,0.0125432386050805,88.66756484089542,98.14767047257942,40500,Weekday,Monday,Medium_Load
03/01/2026 11:30,30.535338449959283,13.871260015973325,2.712431595475216,0.013740902302481678,95.03689630333504,97.86569407551208,41400,Weekday,Monday,Medium_Load
03/01/2026 11:45,27.24159352440919,12.167619971730375,2.1693020584875837,0.012258717085984135,95.000884469934,98.45874533837399,42300,Weekday,Monday,Medium_Load
03/01/2026 12:00,27.7353094779935,12.799241581879635,2.076904892805128,0.012480889265097075,92.77108561849312,98.5604237495678,43200,Weekday,Monday,Medium_Load
03/01/2026 12:15,24.80424844009964,10.847963938896482,1.8771505974048848,0.011161911798044839,91.18392198038013,100.0,44100,Weekday,Monday,Medium_Load
03/01/2026 12:30,28.580795002409072,12.542605224510472,2.3859670050231876,0.012861357751084082,91.17594906876128,98.86232088508383,45000,Weekday,Monday,Medium_Load
03/01/2026 12:45,27.917275777276284,11.542238533227325,2.324385609896529,0.012562774099774328,93.32583358688092,97.45553332981487,45900,Weekday,Monday,Medium_Load
03/01/2026 13:00,29.410353382825047,13.512921628034402,2.2429768873874387,0.013234659022271271,96.75042086062683,97.93767858302013,46800,Weekday,Monday,Medium_Load
03/01/2026 13:15,30.530417851168618,14.780327255813072,2.424197993146146,0.013738688033025878,93.10397055556443,97.95517668674579,47700,Weekday,Monday,Medium_Load
03/01/2026 13:30,27.845932178837547,12.990439105117673,2.208738552725954,0.012530669480476896,88.91851060313554,98.44330970665392,48600,Weekday,Monday,Medium_Load
03/01/2026 13:45,29.74941113172116,13.041116713185163,2.4898361653642724,0.013387235009274521,93.05634705451465,95.70524481359772,49500,Weekday,Monday,Medium_Load
03/01/2026 14:00,28.05773645294715,13.49675235129239,2.0644593677357492,0.012625981403826217,91.79167674683202,97.77416413763855,50400,Weekday,Monday,Medium_Load
03/01/2026 14:15,27.94160014362248,13.076329518672505,2.39677376822298,0.012573720064630116,93.04835436418003,97.45483199731781,51300,Weekday,Monday,Medium_Load
03/01/2026 14:30,29.5846613807803,13.932045289919442,2.2595141079026364,0.013313097621351135,94.74758627760218,98.34561067730418,52200,Weekday,Monday,Medium_Load
03/01/2026 14:45,30.61825932726191,13.244897914499871,2.4314846630772102,0.01377821669726786,92.21294157753195,99.89105541930964,53100,Weekday,Monday,Medium_Load
03/01/2026 15:00,30.14955794382831,13.35069214424516,2.6314652996991135,0.013567301074722739,88.65695684045482,98.40318978510724,54000,Weekday,Monday,Medium_Load
03/01/2026 15:15,30.079691546767688,13.507463516305977,2.2783257679887527,0.013535861196045459,91.51216206415332,98.83283613212494,54900,Weekday,Monday,Medium_Load
03/01/2026 15:30,29.61104542200814,13.368619919460663,2.4252573347709383,0.013324970439903662,90.22038400359071,98.2307158257379,55800,Weekday,Monday,Medium_Load
03/01/2026 15:45,33.14206259707674,15.122922619308682,2.5573627013491365,0.014913928168684532,89.90360118841136,100.0,56700,Weekday,Monday,Medium_Load
03/01/2026 16:00,30.44786729008594,13.747283117899661,2.5648825292288095,0.013701540280538674,94.49435225550916,97.93814530538097,57600,Weekday,Monday,Medium_Load
03/01/2026 16:15,33.80259572048422,15.400884708770556,2.5586245033262642,0.015211168074217898,90.36664131474598,98.2377369502767,58500,Weekday,Monday,Medium_Load
03/01/2026 16:30,30.275340001092342,13.17009116360312,2.603541813376756,0.013623903000491554,92.19723890651566,97.72100145233146,59400,Weekday,Monday,Medium_Load
03/01/2026 16:45,30.029878741802623,13.506474649996823,2.3487998937917496,0.01351344543381118,94.43905252752195,97.92722138948773,60300,Weekday,Monday,Medium_Load
03/01/2026 17:00,31.22523364286028,13.492014600797587,2.0843023099192144,0.014051355139287127,88.92767159662249,96.47792136867345,61200,Weekday,Monday,Medium_Load
03/01/2026 17:15,30.54666988002378,13.245323176286043,2.535295487248731,0.013746001446010701,95.18155403560088,96.34806542041606,62100,Weekday,Monday,Medium_Load
03/01/2026 17:30,30.743220100312765,13.775745001056364,2.3099857736396667,0.013834449045140744,95.84957500837126,97.71498380624661,63000,Weekday,Monday,Medium_Load
03/01/2026 17:45,31.65972255638317,14.297140109420566,2.8064124186509676,0.014246875150372425,90.933760849221,99.25086007835287,63900,Weekday,Monday,Medium_Load
03/01/2026 18:00,31.828847547982587,14.89119923468694,2.4308953540867835,0.014322981396592164,94.9339152600642,98.51952449445118,64800,Weekday,Monday,Medium_Load
03/01/2026 18:15,33.7171569494729,14.936895224626838,2.798878637741552,0.015172720627262805,93.26468933445258,97.83515275268061,65700,Weekday,Monday,Medium_Load
03/01/2026 18:30,33.77192597095986,15.795392568546799,2.9581984388302756,0.015197366686931939,92.87267048644672,96.7331562636115,66600,Weekday,Monday,Medium_Load
03/01/2026 18:45,32.778805417706266,14.51206268458593,2.6101180321425383,0.014750462437967819,92.47595615311096,95.7254321202978,67500,Weekday,Monday,Medium_Load
03/01/2026 19:00,30.72075898217873,13.969194218949406,2.622041159847516,0.013824341541980428,94.93433627606481,98.00991086907779,68400,Weekday,Monday,Medium_Load
03/01/2026 19:15,33.41134322057086,14.880442972056612,2.6796080477001807,0.015035104449256887,94.19954062104539,97.7710870572243,69300,Weekday,Monday,Medium_Load
03/01/2026 19:30,31.552493930400065,13.871426777523862,2.803224372504965,0.014198622268680029,90.46749862903326,97.74995140778861,70200,Weekday,Monday,Medium_Load
03/01/2026 19:45,31.543644496216952,14.741252527563553,2.5255493169453676,0.014194640023297627,92.48002839241622,99.14807860081852,71100,Weekday,Monday,Medium_Load
03/01/2026 20:00,33.267068553284105,16.420686044784603,2.8997387106393457,0.014970180848977846,92.66379260140698,99.0290163452593,72000,Weekday,Monday,Medium_Load
03/01/2026 20:15,34.072548877498825,14.774754757294552,2.7943317472504092,0.015332646994874471,90.33207421051061,97.8848682686209,72900,Weekday,Monday,Medium_Load
03/01/2026 20:30,35.97246220812369,16.630134740333776,2.8946725516870244,0.016187607993655657,89.39511389083974,98.3519247093481,73800,Weekday,Monday,Medium_Load
03/01/2026 20:45,31.730859169623645,14.261171814113126,2.782318918032213,0.01427888662633064,90.34428795920016,99.96469621277188,74700,Weekday,Monday,Medium_Load
03/01/2026 21:00,33.53627345123555,15.360518595506685,2.743305992730593,0.015091323053055997,88.57743298011398,96.81592352877954,75600,Weekday,Monday,Medium_Load
03/01/2026 21:15,34.860376150574474,16.303938703316557,2.6948430932039162,0.015687169267758514,90.26724076138038,96.73784826836899,76500,Weekday,Monday,Medium_Load
03/01/2026 21:30,33.32118035394875,15.218425885003384,2.4026517013913145,0.014994531159276936,84.53359201128633,96.19487716505556,77400,Weekday,Monday,Medium_Load
03/01/2026 21:45,33.51643957784785,15.678772076536877,2.632426065742101,0.01508239781003153,93.78718692568232,97.38642336889546,78300,Weekday,Monday,Medium_Load
03/01/2026 22:00,31.265607196825293,14.445179651383777,2.485489355476475,0.014069523238571382,90.812343509869,97.7605012492005,79200,Weekday,Monday,Medium_Load
03/01/2026 22:15,31.67484187189187,14.224554527440395,2.5157169997416977,0.014253678842351342,90.78639407827829,96.62968976100491,80100,Weekday,Monday,Medium_Load
03/01/2026 22:30,32.979438541242864,14.223181578150815,2.6221902065941913,0.014840747343559288,91.3923383090993,97.21233371014489,81000,Weekday,Monday,Medium_Load
03/01/2026 22:45,34.63114664123752,15.31530588818947,2.6991728424316066,0.015584015988556884,93.4566797323193,98.99553453240168,81900,Weekday,Monday,Medium_Load
03/01/2026 23:00,33.2310940006167,15.016318596008011,2.871403220865897,0.014953992300277514,91.57220054375838,97.11479445526794,82800,Weekday,Monday,Medium_Load
03/01/2026 23:15,32.55804833291179,14.416998606785274,3.083585650777931,0.014651121749810304,91.88207391563259,100.0,83700,Weekday,Monday,Medium_Load
03/01/2026 23:30,35.708754098342396,15.763193113190486,2.52198457179169,0.016068939344254077,90.28265580835183,97.98246578525519,84600,Weekday,Monday,Medium_Load
03/01/2026 23:45,33.225231486050845,14.661406524664013,2.798874845155875,0.01495135416872288,90.34954246926732,98.35114599535622,85500,Weekday,Monday,Medium_Load
04/01/2026 00:00,35.57757523687176,16.021913644520488,2.5888213526226886,0.01600990885659229,89.65447795055529,95.25360817687161,0,Weekday,Monday,Medium_Load
04/01/2026 00:15,34.78888885413713,14.713733799207244,2.8602249128224804,0.015654999984361706,93.7042426842429,97.72680085246749,900,Weekday,Monday,Medium_Load
04/01/2026 00:30,33.4701336546888,15.216655410033997,2.534547321777081,0.015061560144609961,91.65321421101056,98.03636191802991,1800,Weekday,Monday,Medium_Load
04/01/2026 00:45,34.9074164914273,16.313523164479413,2.920511067799494,0.015708337421142284,92.26219195025702,97.70803917795347,2700,Weekday,Monday,Medium_Load
04/01/2026 01:00,33.69459462104322,15.231092824238152,2.701353028310253,0.01516256757946945,93.78113955923688,98.89556597765191,3600,Weekday,Monday,Medium_Load
04/01/2026 01:15,32.26331785728181,14.971081014177718,2.6609591454167703,0.014518493035776816,90.13387554423885,97.56762667269318,4500,Weekday,Monday,Medium_Load
04/01/2026 01:30,33.89096218994864,14.285560633755932,2.997551084440782,0.015250932985476888,91.84554382963957,97.88536632710097,5400,Weekday,Monday,Medium_Load
04/01/2026 01:45,33.1500202605542,14.767048307138422,2.5711609694108444,0.01491750911724939,93.01033591211903,96.14740153318111,6300,Weekday,Monday,Medium_Load
04/01/2026 02:00,32.346845555445945,15.50821652191167,2.606208126097723,0.014556080499950675,94.52747719646099,97.01049632736596,7200,Weekday,Monday,Medium_Load
04/01/2026 02:15,32.82537362514267,13.641516951852694,2.225138496372942,0.0147714181313142,90.39504339921153,96.19158480706173,8100,Weekday,Monday,Medium_Load
04/01/2026 02:30,33.63206502109351,15.409069046393107,2.4655825835076275,0.015134429259492078,92.67346019326683,99.03264784859087,9000,Weekday,Monday,Medium_Load
04/01/2026 02:45,33.06298869429101,14.63283874041357,2.7719399832069698,0.014878344912430954,92.32686897540535,98.84163535778208,9900,Weekday,Monday,Medium_Load
04/01/2026 03:00,31.074684071178844,13.097063319193238,2.372923475906386,0.01398360783203048,93.85077933580094,98.14104842189076,10800,Weekday,Monday,Medium_Load
04/01/2026 03:15,33.759757071690956,15.455359907088603,2.5861542965310047,0.01519189068226093,90.70357699181214,96.86584484600135,11700,Weekday,Monday,Medium_Load
04/01/2026 03:30,31.65404413720425,13.848169612276369,2.362695096628939,0.014244319861741912,91.80478897589467,97.43784329633137,12600,Weekday,Monday,Medium_Load
04/01/2026 03:45,34.11392901659589,14.661175551526888,2.5277532206031377,0.01535126805746815,92.14985190325129,98.17318092070454,13500,Weekday,Monday,Medium_Load
04/01/2026 04:00,30.73075671400627,13.364808708924054,2.455195737758613,0.01382884052130282,92.50630381034583,96.50601454431789,14400,Weekday,Monday,Medium_Load
04/01/2026 04:15,30.909145021537032,14.504695235120446,2.5565079050751307,0.013909115259691664,91.4210693938386,97.75142571994688,15300,Weekday,Monday,Medium_Load
04/01/2026 04:30,31.065807599866755,14.55294990899474,2.114812295584064,0.01397961341994004,91.35390044897336,98.39879102616754,16200,Weekday,Monday,Medium_Load
04/01/2026 04:45,33.19106242340198,14.644267057564871,2.4094765156705638,0.014935978090530891,90.69603136420592,98.6842624096261,17100,Weekday,Monday,Medium_Load
04/01/2026 05:00,30.562550158142752,13.86260747337467,2.316989201565933,0.013753147571164238,95.26791051198236,98.42847658522082,18000,Weekday,Monday,Medium_Load
04/01/2026 05:15,31.00188897467416,14.299688511707677,2.494103250201124,0.013950850038603371,92.07213310230061,98.70841038081788,18900,Weekday,Monday,Medium_Load
04/01/2026 05:30,32.603454383067856,14.148629338366005,2.4187061820524294,0.014671554472380536,94.60613040443845,98.81718981476243,19800,Weekday,Monday,Medium_Load
04/01/2026 05:45,32.07357972404263,13.849981836876559,2.334370916419142,0.014433110875819184,92.7334419449267,97.627810039859,20700,Weekday,Monday,Medium_Load
04/01/2026 06:00,30.720493972978318,12.889846882842534,2.410746006970571,0.013824222287840242,90.87167090775793,98.97061813282703,21600,Weekday,Monday,Medium_Load
04/01/2026 06:15,28.681159758611283,12.15703552044419,2.2450147581173625,0.012906521891375077,91.05558822620795,97.23952511597022,22500,Weekday,Monday,Medium_Load
04/01/2026 06:30,30.495451396197105,13.066821971513795,2.5272069495293907,0.013722953128288697,91.40525784307363,98.05384842483808,23400,Weekday,Monday,Medium_Load
04/01/2026 06:45,31.973315358052872,13.78638142608238,2.510790053375994,0.014387991911123792,91.7872238228147,98.56645648802534,24300,Weekday,Monday,Medium_Load
04/01/2026 07:00,30.340108099116772,13.497211910346591,2.162107629111917,0.013653048644602548,92.73035050215996,97.56361729733304,25200,Weekday,Monday,Medium_Load
04/01/2026 07:15,28.69515484878657,13.257746483912575,2.313545310500045,0.012912819681953956,91.09963579904888,98.24150111923134,26100,Weekday,Monday,Medium_Load
04/01/2026 07:30,26.08465783307256,11.266967122237531,2.1577117965060966,0.011738096024882651,92.65057889313833,99.41633253190655,27000,Weekday,Monday,Medium_Load
04/01/2026 07:45,30.19290912967926,12.734225558990257,2.5478781088334497,0.013586809108355666,93.24048201300161,99.73970845452868,27900,Weekday,Monday,Medium_Load
04/01/2026 08:00,31.01710123449091,13.929678581566735,2.3676857854071653,0.013957695555520908,94.23033398196934,98.6080987218203,28800,Weekday,Monday,Medium_Load
04/01/2026 08:15,30.04727087020682,12.933085598282442,2.647985550744791,0.013521271891593068,90.14270710323083,98.5288123268785,29700,Weekday,Monday,Medium_Load
04/01/2026 08:30,30.141983932640674,13.577124119599066,2.6897227106085198,0.013563892769688304,95.01155934132227,97.45110808447143,30600,Weekday,Monday,Medium_Load
04/01/2026 08:45,28.153559935288932,12.517148057909832,2.148294107939552,0.012669101970880019,91.58182919959467,97.45076556506974,31500,Weekday,Monday,Medium_Load
04/01/2026 09:00,28.813503856284388,13.511642889360953,2.0353223782175616,0.012966076735327974,90.3263964545804,97.04379096221551,32400,Weekday,Monday,Medium_Load
04/01/2026 09:15,27.988817154245446,11.743685870221846,2.2482298715975095,0.01259496771941045,90.28507168644333,96.971071557493,33300,Weekday,Monday,Medium_Load
04/01/2026 09:30,27.034751657002538,11.923594842344123,2.0761270158869305,0.012165638245651141,90.65708404898528,98.78304435186115,34200,Weekday,Monday,Medium_Load
04/01/2026 09:45,28.5397200642616,13.01306346591973,2.274480232371431,0.01284287402891772,93.50081835257953,98.21206936834346,35100,Weekday,Monday,Medium_Load
04/01/2026 10:00,26.259722720555096,11.613966620502069,2.1669182273131598,0.011816875224249793,92.97997423683002,98.21288567201786,36000,Weekday,Monday,Medium_Load
04/01/2026 10:15,26.06182568877992,12.725410667298556,2.1023971400466706,0.011727821559950963,90.10544404922766,98.06580747205878,36900,Weekday,Monday,Medium_Load
04/01/2026 10:30,25.563862511438156,11.884300296355763,1.9534217653335868,0.01150373813014717,93.29829119593656,97.57801884579065,37800,Weekday,Monday,Medium_Load
04/01/2026 10:45,27.832854948036065,11.830141265297229,2.1927262047422467,0.01252478472661623,91.49045829333305,98.12146134280879,38700,Weekday,Monday,Medium_Load
04/01/2026 11:00,26.293592665501027,12.844932660620824,2.082415417630165,0.011832116699475462,93.10076514375673,100.0,39600,Weekday,Monday,Medium_Load
04/01/2026 11:15,25.953273770485712,11.36792975810779,2.2597341590491653,0.01167897319671857,92.33460274931062,98.00463350754609,40500,Weekday,Monday,Medium_Load
04/01/2026 11:30,26.688098889557875,11.706339720767758,1.9870959724186703,0.012009644500301044,92.37972234499097,100.0,41400,Weekday,Monday,Medium_Load
04/01/2026 11:45,26.60425338140148,12.112640258455455,2.0346600780840096,0.011971914021630666,91.50283087877729,97.20908996329364,42300,Weekday,Monday,Medium_Load
04/01/2026 12:00,23.72583279927212,11.472362925743083,1.9291482498877108,0.010676624759672453,97.0428116781702,98.95630450270725,43200,Weekday,Monday,Medium_Load
04/01/2026 12:15,25.18092021755454,11.033993857140551,1.9575061994918228,0.011331414097899542,91.18553017194849,98.0333626876551,44100,Weekday,Monday,Medium_Load
04/01/2026 12:30,25.3499205555715,11.122894893855682,2.0421076179318587,0.011407464250007176,94.44628529023424,99.41770802315492,45000,Weekday,Monday,Medium_Load
04/01/2026 12:45,23.4030288184466,10.295859454389909,1.757814977523944,0.01053136296830097,93.1926663421177,96.95054045119196,45900,Weekday,Monday,Medium_Load
04/01/2026 13:00,22.87179498424941,9.71318522424949,1.8380414417306916,0.010292307742912234,89.89340061270994,98.65329218437056,46800,Weekday,Monday,Medium_Load
04/01/2026 13:15,25.402572502348022,11.163975356750603,2.145575701676038,0.01143115762605661,89.40142321332182,98.85801400262652,47700,Weekday,Monday,Medium_Load
04/01/2026 13:30,23.555909093381473,10.546569225089803,1.9655935728894594,0.010600159092021662,93.1050925288965,97.98775312068265,48600,Weekday,Monday,Medium_Load
04/01/2026 13:45,22.36595332111835,9.955784351025384,1.5810692882389097,0.010064678994503258,94.56693398771317,98.49911771330977,49500,Weekday,Monday,Medium_Load
04/01/2026 14:00,23.463963513372445,10.390379376086205,1.9663839931845215,0.010558783581017599,90.91269253387561,96.9462145989054,50400,Weekday,Monday,Medium_Load
04/01/2026 14:15,22.68541089298148,10.503944169582244,1.7946573950095337,0.010208434901841666,87.02053670734334,98.07392213929317,51300,Weekday,Monday,Medium_Load
04/01/2026 14:30,22.552575981343136,9.770141527103444,1.8418474872468893,0.01014865919160441,93.18269713419599,99.14932726601234,52200,Weekday,Monday,Medium_Load
04/01/2026 14:45,22.742134565876118,10.570045618741936,1.7428881296448562,0.010233960554644253,95.14924840860924,97.71314452490797,53100,Weekday,Monday,Medium_Load
04/01/2026 15:00,23.31735529587639,10.601696256153076,1.7908281233630796,0.010492809883144374,88.50567025714291,97.03311752506566,54000,Weekday,Monday,Medium_Load
04/01/2026 15:15,21.06263344164482,9.938578563154847,1.8816634462461381,0.009478185048740168,93.93048420185099,98.15476632498212,54900,Weekday,Monday,Medium_Load
04/01/2026 15:30,19.502868062491643,7.73589731035166,1.779597231690176,0.00877629062812124,92.55349936558096,99.55728121793403,55800,Weekday,Monday,Medium_Load
04/01/2026 15:45,20.17916611100487,8.483584861521337,1.5556066291039319,0.009080624749952191,91.42325044727671,98.17600252149246,56700,Weekday,Monday,Medium_Load
04/01/2026 16:00,21.74877882683067,9.771177519736245,1.564233537088548,0.009786950472073801,92.47637622288255,99.64424765614446,57600,Weekday,Monday,Medium_Load
04/01/2026 16:15,20.397587766505303,9.288609750852132,1.6544285874505082,0.009178914494927387,96.24827633520357,96.51389076861814,58500,Weekday,Monday,Medium_Load
04/01/2026 16:30,22.425649209391704,9.704129560732886,1.9212763753841862,0.010091542144226267,91.28016708609239,97.90855575991405,59400,Weekday,Monday,Medium_Load
04/01/2026 16:45,18.811967424553576,8.4643466983901,1.4508046537267394,0.008465385341049108,92.26422373376906,97.46449661827465,60300,Weekday,Monday,Medium_Load
04/01/2026 17:00,21.020574960173178,9.132105288766459,2.008597714376576,0.00945925873207793,87.26217430009365,98.97042873999095,61200,Weekday,Monday,Medium_Load
04/01/2026 17:15,19.234461958138002,8.082315846125947,1.2984786390936707,0.008655507881162101,89.11847963832176,95.28006873646646,62100,Weekday,Monday,Medium_Load
04/01/2026 17:30,18.58963813757402,8.068941513329298,1.3744448861318888,0.008365337161908308,90.42924637292694,98.76779725165314,63000,Weekday,Monday,Medium_Load
04/01/2026 17:45,19.46171157651487,8.840807463586625,1.4943599663784388,0.00875777020943169,90.47663809174868,98.11720257065365,63900,Weekday,Monday,Medium_Load
