采集时间,UNIT_LOAD,总煤量(t/h),一次风流量,二次风流量,锅炉给水,主汽压(MPa),MAIN_STEAM_TEMP,主汽流量,炉膛负压(Pa),空预器入口氧量[%],厂商状态字
2026-01-01 00:00:00,613.710655394129,296.61042046477746,629392.0254305116,950578.1626784548,623.4037755526177,24.129244871641795,569.1026792389218,1775.3993582391086,-84.60248919175882,3.1236460348448354,3
2026-01-01 00:00:30,622.8572871624724,297.7936273990006,629349.3515423221,958475.4406010604,630.4614947489707,24.07085824033461,566.8714022153778,1806.93359718035,-80.74258479173173,3.133268863112453,2
2026-01-01 00:01:00,621.6174161061257,299.5896483257807,623270.2225604117,965007.1428240873,634.7006026913308,24.166058766685886,569.4245747604065,1806.339661865255,-94.8262178954767,3.233330143719087,2
2026-01-01 00:01:30,623.9276775428825,296.98761653445496,631311.0762791669,956892.7863445039,630.5099391850672,24.223378105179986,568.5110074620651,1816.900300123055,-85.0756912362351,3.2318356145035128,0
2026-01-01 00:02:00,621.0371052011045,297.5705826623312,620338.453258639,952081.2515772948,637.7889030428115,24.229612111410198,568.0672080447671,1793.675379833504,-98.50329779942359,3.1777519466144923,1
2026-01-01 00:02:30,623.2755776047738,300.1457947323571,630021.587654366,960346.3899275872,646.1154849972314,24.07542830627612,569.079063442652,1806.456007020039,-84.68126482447386,3.076595513247049,2
2026-01-01 00:03:00,626.3024525870094,295.5547162915094,616251.9686101038,949723.3362939256,635.9809011927333,24.292738799595902,569.7337450605648,1819.4161646937487,-90.03230242853395,3.0747655044588207,3
2026-01-01 00:03:30,625.8356261834034,299.12220669960885,625549.7791419708,948545.3159262737,639.4778134598502,24.150045499208925,567.9174058076071,1810.2034643844327,-80.80893246990772,3.2410027249252793,1
2026-01-01 00:04:00,631.7147737752092,306.03406565293164,645489.3733802318,981538.8089085234,652.6288920634,24.162681853979485,568.6157810186153,1827.1378389172294,-80.86221116070631,3.28270386819518,2
2026-01-01 00:04:30,628.7954267755241,299.93261673890595,627436.6976326654,966712.0602805762,633.0649912704681,24.084604355456477,568.3962359766389,1826.300214405719,-87.57850555300297,2.9535119409567177,3
2026-01-01 00:05:00,628.1562773731235,302.3070941999926,629821.4417844426,970024.9701247687,637.1869356304159,24.16173610379618,568.5504429760912,1832.190854315834,-91.97802250060052,3.1804967110659192,1
2026-01-01 00:05:30,625.1725715272296,300.4798191115459,627410.8489669083,961003.9386782792,634.7456077633167,24.281771148933082,568.2214281707226,1797.1171839132196,-72.196913092627,2.979520990723626,2
2026-01-01 00:06:00,627.4600936459092,303.1834008815643,637322.5506218709,975488.7685127459,636.9542573911579,24.09027693020399,565.8761943314926,1811.4542106935942,-81.24075927031714,3.25367612464021,0
2026-01-01 00:06:30,629.6952027150621,303.01894024244655,633080.5006793019,974184.4429918055,643.3521062879757,24.208209913325714,567.2961992675413,1819.0251333565432,-81.59170218096722,3.3905724805646344,2
2026-01-01 00:07:00,631.5991254143627,304.81258927512806,632747.8690010553,977457.452798141,642.3888935096201,24.36630489565372,566.2491444114999,1817.3786728789007,-87.05869498743527,3.1816723622849374,3
2026-01-01 00:07:30,628.9844130915491,301.24910598869354,642329.3812795308,972121.449287855,640.1505984052844,24.222224529303862,568.8864635129021,1814.2632226199596,-89.47363334706063,3.2254526802171695,1
2026-01-01 00:08:00,632.187595098266,302.54060242157203,635221.9332129457,960591.1684153607,648.5284792236084,24.256885525948608,567.9590334435834,1828.4292147303063,-84.93215115493723,3.378275366147522,2
2026-01-01 00:08:30,636.6918930670521,304.9889541608148,642763.1429860652,977840.825368845,650.7082354113107,24.269111893686006,569.5073233642851,1832.8277064881372,-82.58623066261785,3.2075368077277235,0
2026-01-01 00:09:00,633.0541145168852,304.8846825549032,628564.4006571827,980209.6087838918,652.940553345563,24.385056689208312,569.3071624298234,1838.0891275545243,-71.62953882779993,3.121280564631176,1
2026-01-01 00:09:30,631.6047724345179,300.97257734816077,640591.8156324743,954777.9107412515,645.5780860398521,24.11531003614569,569.2515101633421,1830.2170914270932,-87.46064130863628,3.3612904845675486,0
2026-01-01 00:10:00,632.7286285096998,304.0727227291562,632423.5052291098,971560.5207967046,645.6235854725309,24.08006532638244,569.0026219204501,1831.2739494444481,-86.74422351955774,3.104403946486492,1
2026-01-01 00:10:30,640.1786680977225,307.0446213914709,643146.1084176773,983981.4074022218,656.5099457560833,24.31598947874325,569.2293724406636,1856.9502586992028,-87.39831410425963,3.1020289426957377,2
2026-01-01 00:11:00,642.6698817731033,308.93960125975383,656723.1152978925,987128.4461791173,661.7734513828682,24.352498923323434,567.7389751097571,1862.2811197053,-87.98281350554439,3.144183129973504,0
2026-01-01 00:11:30,634.4424514816983,302.8718811789233,642205.074659251,967341.6188203227,648.4481828839189,24.239638168722458,567.04216108024,1833.7075754468647,-76.97810281564918,3.3662085795128216,0
2026-01-01 00:12:00,642.137034516421,303.5272676835645,639928.9120082422,979606.8439500859,656.4873509554675,24.225088300423806,568.1501049110208,1855.5379988560499,-82.65959837860458,3.0740666740212856,2
2026-01-01 00:12:30,638.9108057762503,309.3404768573981,644916.9731912534,992272.4816112302,656.4404524526493,24.268528990078018,567.899852665023,1844.3704135591997,-80.62624272377525,3.2153302361181906,1
2026-01-01 00:13:00,638.7375375098773,307.2252382192461,636426.3154284286,988306.5163368105,650.7147979456128,24.22048624753476,566.8565868013256,1862.2067597044233,-88.84721408545781,3.0594554500612876,1
2026-01-01 00:13:30,639.82878378824,308.9735063534507,644980.1884583249,989767.9248070435,652.2538941827319,24.366431036700515,568.7146070964277,1858.706611996642,-82.44873907656785,3.5637296358620865,2
2026-01-01 00:14:00,638.5544474967818,302.93246706128605,639790.819791285,972759.1903023773,648.035256096661,24.21500152972089,568.3135751988018,1855.8656904703344,-84.57614036848132,3.4061824617674916,0
2026-01-01 00:14:30,644.9454123072522,309.52020855134924,657442.0647516274,1003461.4801349349,657.8575912523047,24.238206922878522,567.6688794255342,1862.9569387727481,-83.18406800786472,3.0979204571745385,2
2026-01-01 00:15:00,647.8804283846507,309.88233808482664,652986.8598329142,987409.8838581069,662.0351344255281,24.110720593600444,567.0457333185587,1885.7091824260913,-89.24562737796442,3.3575211868141204,3
2026-01-01 00:15:30,644.8685546168551,308.9475608206535,642294.8252748809,987116.6659979003,654.5305578629551,24.25194632004765,568.7175014048021,1873.0288010255658,-77.39728192102729,3.185095513338244,0
2026-01-01 00:16:00,638.4147208586701,306.02458190724224,639697.3422033724,980751.8172746206,650.961888490605,24.314035213303253,566.2661383432142,1858.7323200844735,-84.45723804889515,3.297197129645655,3
2026-01-01 00:16:30,646.2798826727048,312.1962234392751,666005.9830402235,994295.5720355961,657.2076285650178,24.158104469002694,568.7084843725523,1864.9171617753068,-79.87643880968562,3.467807992465471,3
2026-01-01 00:17:00,644.889254412124,305.2007111302744,638297.0749191758,978859.3168840789,654.1831867792142,24.205418985730617,568.7097729304517,1878.097521961694,-77.3381436065457,3.097360844513754,2
2026-01-01 00:17:30,646.5237068504225,310.1063713757313,656330.3906841102,1008717.371295504,660.8282314198764,24.13139579101013,566.8989462198291,1879.616802101763,-80.63412476590217,3.2107561907865962,2
2026-01-01 00:18:00,647.024977575703,312.5696347278634,655881.2252581704,992202.9662411875,663.4019944614014,24.21199981508035,567.5175308565742,1888.3795449816703,-93.15665705338583,3.0707118067051105,0
2026-01-01 00:18:30,647.481763845055,312.54925072958366,657446.7623054018,1010533.6441843283,660.5185469504654,24.22768326108593,567.1394983244805,1875.0463693599381,-83.54763251697526,3.0754703384077975,2
2026-01-01 00:19:00,643.8025389089063,304.5098670647016,642592.9208403081,972709.010952163,655.0521879974453,24.121380066672536,568.0133694271963,1871.8015587974276,-92.74886222594094,3.317614487518036,0
2026-01-01 00:19:30,648.0021236195973,308.95203370965635,648977.7418013122,987014.0170207534,668.6920121085798,24.183582579196372,568.2985465409632,1882.3108132749828,-85.30568877854245,3.4193091752513483,2
2026-01-01 00:20:00,647.4675477216383,308.44738780060203,655161.7310306372,974701.392186569,662.2906271004866,24.161878511792754,571.0276934872587,1883.211702437438,-76.35477383093168,3.361439818608086,1
2026-01-01 00:20:30,650.7347881639984,311.3288681986615,654357.1205688275,1000002.8442584213,660.9552857996265,24.152853594815188,567.5817842525763,1892.6184890116417,-81.98882613332744,3.348405385981531,2
2026-01-01 00:21:00,659.0085159710602,313.38669749156304,651494.475424526,999744.8089407802,674.3876585004525,24.117834730356375,566.1101919294393,1909.3394294447758,-88.62740540365827,3.106047340705959,2
2026-01-01 00:21:30,648.1888318048012,311.50606234064054,653029.7484519951,1000441.304022174,664.5719724977923,24.214741953950117,568.2760303801795,1870.1883182777356,-77.92480601439995,3.220595125240226,1
2026-01-01 00:22:00,654.7236602884054,315.22493720927025,666546.9158040966,1014716.1862440977,668.4355483031137,24.148576650914887,567.8075280287985,1894.4185164872704,-79.02033232507733,3.0406780163165226,2
2026-01-01 00:22:30,660.2580799428499,316.6006334611697,674442.9578115693,1008701.5179994174,677.6417643817007,24.22322246270588,567.6305765420799,1908.2369309955752,-84.84319448720844,3.166073427104826,0
2026-01-01 00:23:00,652.822700785178,310.38959182639627,656754.579164143,989569.723729327,664.9476723315926,24.237362056451932,569.2059124407818,1888.0398581949976,-91.9262797058449,3.1564864764413767,2
2026-01-01 00:23:30,652.2212998826058,315.6166016590541,663486.7604113762,1020053.5735559264,662.1011264679593,24.203653534954725,568.9245310593404,1890.6528208788404,-81.10369432873352,3.190605150710855,3
2026-01-01 00:24:00,655.5029228190484,313.5462216223168,658358.9083968168,1008428.4954776632,677.04274418018,24.089049938727946,567.1141792917194,1904.5677929141573,-87.91326427557479,3.1647833509816583,3
2026-01-01 00:24:30,656.8419384093521,315.32773407366915,654621.7956532454,1007041.8912054561,672.1608908799118,24.242073049630733,568.2030722152417,1915.7662210912079,-86.84646803211179,3.3084655571094626,3
2026-01-01 00:25:00,657.8856757282832,317.31916475031034,657057.8735953299,1017552.2077261398,674.4399272477407,24.23801515098995,567.5217609077044,1905.8094119212265,-94.04627432396866,3.0707569655292892,1
2026-01-01 00:25:30,654.6487933141486,314.8638748464963,666475.5706215944,1020206.6257076603,668.6801771986808,24.19129626579702,569.4563640701543,1910.2351192221763,-87.17441178009884,3.143452498555365,0
2026-01-01 00:26:00,654.1722441263131,315.0200472167621,659544.4913835257,992803.6648220351,664.2195002240297,24.16451594618903,569.4041206923596,1901.3164444201198,-77.24273585116075,2.905362295067315,2
2026-01-01 00:26:30,655.3805213115819,318.92151829269307,667686.2432182715,1019479.6316542142,671.2942371281337,24.1761711394694,568.3075503726587,1899.1944995949573,-80.25856590143968,3.1340287487255063,0
2026-01-01 00:27:00,654.2759694125549,312.5420574752583,660940.4060376477,989400.5098286261,662.6327234782342,24.116219856196548,567.3183710356395,1900.2481540261601,-90.33985770384372,3.270219609025943,2
2026-01-01 00:27:30,659.0160425537408,315.77803990618884,660742.4551316787,1014044.5500818691,669.1247917009664,24.216840762205155,569.1796570619026,1915.4756689647743,-86.5656705467469,3.24437924358071,3
2026-01-01 00:28:00,654.2871816009856,313.32094738187345,657825.6826078375,1012431.4050962981,667.7577474766837,24.20665639342804,569.4650157342659,1888.3469090144465,-80.50280054931592,3.154762090968001,3
2026-01-01 00:28:30,659.862070151323,316.9988910817643,663869.6737673064,1011802.5426844214,680.7887364159166,24.218896401824328,569.3363243485315,1909.5052821236761,-84.32326651848417,3.083123071880964,0
2026-01-01 00:29:00,658.4174124601419,314.6413672376719,666436.0630884134,1003925.432382907,672.0035524022462,24.226014462137563,568.1582218598711,1907.0862784022304,-82.50589867408388,3.574947555583388,0
2026-01-01 00:29:30,657.9941063367141,317.68866134061517,672948.8875517607,1002137.1381304952,670.9527091552026,24.239511182079223,568.0727973644413,1910.9265240743641,-89.94666300136501,3.2029003076904816,1
2026-01-01 00:30:00,654.5128414767452,317.03538357020057,668589.1870391824,1015606.2906017095,666.2189221809678,24.173617675657912,567.5728742982233,1901.1817184079237,-91.88170589362794,3.146321210677717,1
2026-01-01 00:30:30,663.0422990671545,318.1799495826855,669862.8148054567,1022805.239847795,681.3592165358141,24.14377931389263,567.8861151924569,1918.7630850873998,-89.23318835440551,3.259925800266331,3
2026-01-01 00:31:00,657.7893772176702,315.4746062096956,655816.6793104395,1000995.7233597739,661.9828632914554,24.17562326167258,568.5286903223789,1906.8835570353087,-86.25206308478774,3.40979376477423,0
2026-01-01 00:31:30,656.8357943075085,316.85793535687003,664663.5636105903,1019555.7533347243,668.855630330784,24.35618180896593,568.4788249830154,1918.2450943904018,-90.6841619008068,2.810268382656044,0
2026-01-01 00:32:00,660.3396954746804,317.85074521840164,664449.5236567128,1013542.426608722,674.8995097298464,24.221344734353654,568.6410250635155,1914.6383008838923,-85.56698982828694,3.0838630653478845,0
2026-01-01 00:32:30,664.6810227711087,318.65366830583196,656953.9823541469,1016111.5884021339,676.780114671645,24.100179535451367,567.5093341115033,1912.0231601494575,-76.72763877933653,3.003843268095857,0
2026-01-01 00:33:00,662.4808491508895,317.13697041349815,666042.4231762794,1012058.4851805588,678.58656335407,24.283473751694522,567.6703545189208,1915.6939101719038,-89.58147820470118,3.332575906345076,2
2026-01-01 00:33:30,660.2065678413345,319.9662030367963,675249.8757094292,1030812.6547892501,680.9967870856063,24.142514786523368,569.2960057365563,1913.3040565924355,-87.1929183023206,3.1494926870494884,3
2026-01-01 00:34:00,655.4224368083906,314.0281006545728,667890.4479935464,1014155.4083666925,665.2592793097187,24.15019820755523,567.9332436899921,1900.4683385162257,-88.61141142233468,3.1531226510656527,3
2026-01-01 00:34:30,666.5215449947036,318.73881116849395,671148.4457032026,1027866.9412760842,679.1998300087836,24.014068147944695,567.2470408883094,1937.9569181063275,-88.23897130479874,3.321202775626933,1
2026-01-01 00:35:00,665.3407097878799,318.65172175229804,664616.5953568819,1020197.7681498757,679.5115095997943,24.095374061780312,568.7090716252974,1935.3265084798097,-88.3556752423785,3.210194169803649,0
2026-01-01 00:35:30,661.128452777944,318.82534709787075,666555.0822662608,1010664.8167539058,675.5156437707143,24.31792015620962,568.3456558127559,1919.1683713644345,-83.06970760333493,3.0552743043715367,2
2026-01-01 00:36:00,664.0072812536932,317.1856575301302,662754.5472839791,1015998.0055308128,677.5350979664412,24.072938582753753,568.5507385457323,1927.396011726253,-84.75233413275669,3.0884054489432047,0
2026-01-01 00:36:30,663.8215522487485,320.1932512311181,671720.6315102892,1000601.731039464,674.4404462165031,24.242220906984357,567.7193108580537,1919.0804056292461,-91.77241223300986,3.1756287539276276,0
2026-01-01 00:37:00,669.940793230908,320.73944600558553,668829.6905586085,1024620.3741426422,683.4931794504681,24.299011194467205,569.3734268975563,1930.499795705098,-89.96756228167472,3.2328833041769762,0
2026-01-01 00:37:30,663.1491742164516,315.61896524672164,662091.0635237365,1008021.3701644342,672.1173974994819,24.224917181761928,568.8344645840385,1924.4258831196091,-89.20578052300785,3.436360509595186,3
2026-01-01 00:38:00,666.3274402136234,319.67392800601175,665556.8015280048,1001177.9341162055,681.5171258585063,24.101840560622268,568.4168056296935,1913.2801491415296,-81.09321160796847,3.1798844647975484,2
2026-01-01 00:38:30,663.8857394786513,320.9495609667399,670635.7694465988,1022052.4770811191,673.4459531970142,24.199253814331485,567.8856761461263,1922.576866339024,-86.90889390051943,3.118237187829797,1
2026-01-01 00:39:00,660.9980814229795,317.0007543124635,659288.2141645799,1006007.577706432,677.5160476079868,24.18145146056201,568.4123341652372,1915.7561275261967,-84.72109467568824,3.348703277815189,2
2026-01-01 00:39:30,664.8414217668184,321.090742788678,672174.696987316,1032072.583521083,677.9350833168071,24.201295334361525,567.9670574640561,1939.6090329467584,-81.65053058598788,3.276050471875689,1
2026-01-01 00:40:00,666.4786369943072,318.1728776896172,660202.0417988924,1016086.5453880461,671.2156165405775,24.278484557679885,569.098112121549,1943.756891109106,-85.52436222493452,3.3440092354446693,1
2026-01-01 00:40:30,667.8135614932343,323.3763889378449,676120.0009984262,1026041.9548320192,683.149450312798,24.345311439428784,569.0415092545837,1940.9884141365615,-76.95034171798208,3.178746062256662,1
2026-01-01 00:41:00,659.0906316402462,317.7751831448329,663684.5172491594,1025112.0390371835,675.4032583823629,24.270847113741137,568.7619463490798,1926.2525424682226,-85.03824889124414,3.0937245915415295,3
2026-01-01 00:41:30,667.1614468802579,319.7498687219873,669014.4568042852,1023006.9293257056,679.1940282975365,24.150501025082193,568.1782193400742,1928.5589120855968,-83.47405854115856,3.170490326905689,3
2026-01-01 00:42:00,668.3428820675971,324.2280738047004,679786.0022554571,1034717.0494120611,679.5344316135917,24.060278789499563,567.5400668313673,1936.5794757667745,-84.26500416286623,3.235997708387329,1
2026-01-01 00:42:30,663.1649455560689,321.13559914095066,679511.9057755077,1037545.980413142,676.3401309920571,24.226775579709845,566.3850334170472,1921.901394130471,-81.92468779313634,3.390486705878133,3
2026-01-01 00:43:00,664.2340686722016,314.951791520217,661394.8750113433,1019214.0230476642,681.589374801316,24.083881550193414,568.607216656208,1929.0464493288289,-78.41754758074336,3.1387418854065907,2
2026-01-01 00:43:30,664.1672207306065,317.9116372884036,669668.3896047727,1018487.6973071443,683.3125611706485,24.20574463528544,568.3925066738426,1927.5944183282002,-87.49436099189342,3.2320380605496335,0
2026-01-01 00:44:00,668.6094050209149,322.38487906777556,671144.0644922657,1031007.9640522918,678.2045374971616,24.1863914036177,567.4511059662486,1940.3013935753106,-87.90690562347649,3.2535821811763985,3
2026-01-01 00:44:30,666.9123465948072,319.88755206366676,677298.5899483485,1006423.6734323882,684.565514920693,24.21706928388217,570.2689386860991,1940.3926872567736,-85.67845061326364,3.2495419745311556,1
2026-01-01 00:45:00,668.9819677382865,324.4121380138585,677859.9406613901,1032173.6800982608,682.4891560363968,24.328812099650147,566.4668860557816,1920.4608136122365,-80.07154037590648,2.9172176622057373,1
2026-01-01 00:45:30,663.7424377111328,315.9146529271739,670905.0756487068,1008310.1017851868,677.8452384948214,24.273747648448303,568.8471615383055,1908.3515403045403,-78.95144375583813,3.3361769442230025,0
2026-01-01 00:46:00,665.0545612508516,320.09986869101294,667519.6453419119,1020614.5148404065,680.679850173854,24.197537552753797,567.0446345526667,1932.7714768035316,-90.90114561280815,3.1412991119056017,2
2026-01-01 00:46:30,666.1293674137374,316.107899500278,666691.0147870487,1007506.324703163,675.4870496550208,24.141478509322816,568.9159411935282,1926.642324453293,-89.00258262807934,3.2811518144169827,3
2026-01-01 00:47:00,662.6626824055905,319.32658214867,679261.6470051998,1028256.1042533928,670.8045744001158,24.22478097285895,568.4304085391516,1931.8135168458712,-90.7148447499029,3.1155550025630983,1
2026-01-01 00:47:30,660.5214571586168,318.69060105060026,672257.5796321896,1037047.1396417043,665.6263503345523,24.02220224790972,567.8268300589547,1909.4769343197672,-82.66092443694065,2.9353391123609613,2
2026-01-01 00:48:00,665.1681863110825,319.44594800119813,661068.4597228215,1028101.4299678295,681.7182148808092,24.282815262057024,568.7237415346913,1938.7174790781173,-89.48121219055766,3.2918747268441746,1
2026-01-01 00:48:30,667.1907742009553,320.1971803552876,668721.2211072433,1031789.7727423385,679.1309296731107,24.243869142385545,567.0889480587757,1926.7515625216793,-85.73136280051828,3.039016393796885,3
2026-01-01 00:49:00,663.913572433035,318.2112955090459,660443.400031411,1032560.9674228178,672.8135778218976,24.175293849524223,568.0850770816637,1927.6604874225857,-82.38415626227226,3.139482837565893,2
2026-01-01 00:49:30,662.5530344321684,317.79726479659627,656610.5443971915,1025724.1224889229,670.242792514942,24.33387577811842,568.8309832765469,1919.5861219043236,-83.03588707812784,3.0950377380164498,3
2026-01-01 00:50:00,664.721018975479,317.7203797117243,676710.1707892683,1030993.3418105703,671.2247787521301,24.097903608804806,567.4505491490694,1935.0378748940393,-85.23590158884697,3.088189080059187,0
2026-01-01 00:50:30,664.640896471463,319.1903565050523,667989.2107676729,1021157.3527869537,676.9816505028004,24.186135500017183,568.8756209231495,1932.7179888501557,-94.10340812733651,3.218993929668522,0
2026-01-01 00:51:00,661.3015293911802,317.837164089808,665223.4614461535,1022825.9461279238,669.8583720274692,24.194990272636545,568.333274887297,1903.1313140159766,-85.84396741145873,3.0441614981515284,0
2026-01-01 00:51:30,671.1131309854015,320.79546388943135,674413.8374783547,1038950.6356848029,682.3318655723799,24.267538918455863,569.7000812647199,1939.0812550027833,-91.93875722347549,3.106607335168337,0
2026-01-01 00:52:00,661.1312131959079,317.0871432606491,665481.2455940248,1001555.6389639138,669.3513275343204,24.231404160558878,566.2959042366169,1920.866370645137,-78.48518877706067,3.1330643753848513,2
2026-01-01 00:52:30,660.7908334969352,321.5290282855678,674370.1059645645,1025725.0485288069,672.1167086748947,24.333832930162952,568.3662902989148,1902.4295801805229,-85.42973276974011,3.275899562993592,1
2026-01-01 00:53:00,665.0252486443645,316.08127852283866,664145.0823582074,1016819.5225675589,677.5698693516225,24.259271048012764,567.8082267476954,1929.854032286798,-91.08962051073264,3.075375653896649,3
2026-01-01 00:53:30,662.5124799010924,318.27160227404966,665474.5657775804,1016171.1571999167,679.9392334964718,24.18967335281299,568.0977887847505,1925.6113335263835,-90.64411912237128,3.433983975549378,2
2026-01-01 00:54:00,665.851840331014,322.59787292435095,674536.670852182,1025391.6298729117,680.9496284131801,24.17170094873937,566.8774213582369,1933.6179700392277,-83.99333259216256,2.998072901359413,0
2026-01-01 00:54:30,655.8956329102419,316.1290536225655,669092.6811819156,1016488.2458383706,673.1635103073993,24.20456007441632,565.7795945788155,1898.2258121119446,-79.61220590226603,2.9985061501137347,3
2026-01-01 00:55:00,660.8866240542125,321.71375702353697,666095.6741019355,1025785.737225169,680.7718205203886,24.196176373405454,568.2985534990625,1907.0831848435853,-85.18989502328797,3.1477292669269947,0
2026-01-01 00:55:30,657.5817293739228,314.1941326954653,651950.6132120327,995865.4540732036,663.1452513006953,24.085795354831674,565.891893218569,1914.7698102128436,-89.90155979760279,3.3438650206909992,2
2026-01-01 00:56:00,661.4175571197811,318.65948971821973,669939.0580203383,1014975.2114342834,664.1807311359146,24.09202204128613,568.0117744626175,1903.7439012312304,-90.61132465320016,3.3418951501384155,2
2026-01-01 00:56:30,655.6784040751085,312.0619754865241,654573.8681624938,992815.3676635126,667.3006620448424,24.427443434146205,568.778207207955,1895.1409871133117,-83.67749911522168,3.0953865911115637,2
2026-01-01 00:57:00,660.9928695251011,318.3892784908479,666954.3368628435,1030669.4169065646,674.0187259960238,24.17337371804019,566.1371564945393,1919.4210455750274,-84.2894003699143,3.1559733555123266,0
2026-01-01 00:57:30,655.7346041995787,311.82732526805734,648076.5326245239,997868.0421144019,667.266971975443,24.35740260542108,569.5389962353629,1901.6747992328046,-89.7743445266363,3.124440308303654,2
2026-01-01 00:58:00,659.9943930144395,318.7863045456441,665728.7781159206,1023672.3124270953,672.1626624955632,24.273413012725896,569.3089468150062,1915.8355866817242,-85.53748106071107,3.2369661934436165,2
2026-01-01 00:58:30,654.8880083651884,314.63438021323975,664838.4072502824,1005123.5000648809,667.6996075973381,24.12578545211707,568.512334559691,1902.2737716225977,-81.45300165977284,3.4367463172022505,0
2026-01-01 00:59:00,656.8662487469051,316.8489755140084,661597.1734219424,1001556.219100976,673.4660583291193,24.163006845330962,569.4454072715408,1902.0593166813508,-93.18239737530277,2.922753555445265,2
2026-01-01 00:59:30,658.4625614624653,316.1409103286883,658567.2447157444,1004200.6529947374,672.0873423675744,24.078939543348067,569.2042701363362,1915.255910926572,-85.11458953120855,3.115287557773654,3
2026-01-01 01:00:00,658.0204741286428,315.7187264451816,666633.7662760895,999237.2869612743,668.3568572357,24.250716547961837,565.1329383371084,1916.0715116390797,-85.50543156220994,3.108591185954076,0
2026-01-01 01:00:30,656.3537515445315,317.18056079804916,663611.8075926789,1016932.5244295867,674.9340761702387,24.270983247393087,567.9981430130216,1895.7057722577626,-87.60429533022001,3.3399304123279387,1
2026-01-01 01:01:00,653.2658854840842,313.3081125915098,659200.4473204261,1013180.6422690111,666.0454371855235,24.097718759455393,569.2016222993605,1895.2156256731926,-85.23577920030536,3.202749547191043,3
2026-01-01 01:01:30,656.6900774100163,315.8657607080509,660779.5684709406,1012138.4280568297,663.3387956962085,24.18574201957605,565.985280023987,1898.6822581569354,-82.72895642474339,3.2864594580258433,1
2026-01-01 01:02:00,647.0183304597899,311.9984434602816,662308.521043127,1002327.5788928244,655.6816821459448,24.19010379076844,568.1999790123518,1871.4027104284605,-91.38815639552735,3.248719297790528,1
2026-01-01 01:02:30,657.6084874368819,315.1802168368233,656517.67787041,999611.6583482638,673.4975588587154,24.18459563267489,568.1629036708943,1894.6300746486336,-89.78241555267137,3.230265083967741,2
2026-01-01 01:03:00,654.7609750423226,311.40651397743477,654230.6631619512,988404.8509332079,669.8454634768207,24.200063026686866,568.7926107899624,1898.2448873928304,-82.04537965858034,3.1945703426495338,3
2026-01-01 01:03:30,654.506120434659,313.8766102510995,655912.3096317453,1005961.4250246666,663.6617737730046,24.130325432861504,567.8733138700097,1907.4645801733802,-88.94736418814773,3.187018340635341,0
2026-01-01 01:04:00,650.0903586347151,312.7269446012791,653864.1257662358,1011999.8196509697,650.7199236541803,24.249002314041032,569.9554472457235,1883.6910024584427,-87.11983838631998,3.2286030739161546,1
2026-01-01 01:04:30,653.0263618838003,311.1936115710905,652981.4391320397,985530.2283960005,658.8953433446671,24.290761750611733,567.0609964524289,1890.692045484253,-75.1245321308979,3.0892341306579643,3
2026-01-01 01:05:00,650.8096397056058,310.3084883713211,645433.2949991557,1002106.3529503342,667.1697464643822,24.188454269643277,567.6705647527408,1892.5088508845147,-82.51260264480607,3.1260354429192856,0
2026-01-01 01:05:30,646.9676091674892,310.80833362069006,654480.850283048,996818.7903255377,662.3399006528508,24.20835178211659,569.0806503635101,1877.231694677008,-87.09776066889945,3.321442642074351,2
2026-01-01 01:06:00,648.4176658088232,310.62215803139037,653265.4314745012,1025131.3184095162,667.5720987202645,24.15394307791964,568.4068330661069,1869.6401000781677,-82.9051588196258,3.2992909349766784,3
2026-01-01 01:06:30,650.9772585665368,312.48571259177305,656293.9944202662,986573.7242223736,662.7294101535296,24.098682588285566,567.2744547186823,1885.8221276290394,-86.20581169454415,3.1401198647713833,2
2026-01-01 01:07:00,646.8246957987079,307.5111722356494,645446.8723789492,972038.9330230068,662.8643343625605,24.048581591001486,566.9454802048508,1870.4402271503923,-89.85566130785381,3.351703409069993,2
2026-01-01 01:07:30,653.0602814038033,312.92127722029375,662951.8334474232,1002020.904015381,669.8576926352484,24.355396278221196,567.7695897868081,1913.6872656661678,-82.42673886596648,3.2834935145036614,3
2026-01-01 01:08:00,645.2702007239666,309.8235618970607,653411.3317813069,987247.3598951392,660.6401957674148,24.133540662685903,567.1942038707764,1885.201536829762,-84.87794214069851,3.1254366188554252,3
2026-01-01 01:08:30,644.1218774959425,307.4504792110797,645272.3094936128,980339.839772505,664.7590066178128,24.314496307867962,568.6289195444376,1856.4358913171764,-85.07507111431151,3.1871556621218478,1
2026-01-01 01:09:00,650.1960194336046,311.492972298887,655385.7592614874,994175.8687428968,666.6241991213734,24.23898358653479,568.0778319201324,1886.441634685393,-86.07762545064625,3.1752916489117817,3
2026-01-01 01:09:30,648.8103402909708,312.1052219430615,652690.0252419409,997246.235373005,660.1576729534422,24.28350027062765,566.9023335916607,1882.9147010751499,-89.2757997448906,3.138469031943741,2
2026-01-01 01:10:00,647.6028608429893,313.6302218525759,656770.5891217387,1006853.8175156737,664.5841807279332,24.26781615743112,570.2254980449296,1874.484536318171,-92.32518566309668,3.084019345339486,3
2026-01-01 01:10:30,645.0467916622708,313.9543735627417,672859.9126405165,1002136.0996414296,653.2887705732524,24.285679769302075,568.1901012219095,1873.7686678532043,-89.9490704911127,3.3421256171212512,2
2026-01-01 01:11:00,644.3349720336328,307.38500992033516,645977.6728660465,987705.2059237652,653.33306084479,23.966442908905186,567.3021867753238,1866.028321621762,-101.42218147784394,3.1098647023066515,0
2026-01-01 01:11:30,640.133178680561,308.0750133583277,658631.0025814951,989446.9982028649,656.5768540381619,24.283682303480816,568.8567494521427,1867.299127455945,-85.7788429686848,3.182919924606276,1
2026-01-01 01:12:00,637.8091786503913,304.2181397214477,634537.4553362308,977314.1703238437,648.5875632063778,24.222692250227794,567.21925871196,1841.6087998257924,-83.47543962667187,3.138066239996692,2
2026-01-01 01:12:30,643.6348274956541,309.0267400771636,646941.9589601216,991011.9168585632,658.9888401011418,24.10644982009153,569.3522118602249,1853.0093120634513,-85.44478995375957,3.130607035025085,0
2026-01-01 01:13:00,641.1808391880144,308.5820680848991,644973.373447354,998176.2369081585,661.0318101731201,24.15709786392197,570.6606722897296,1857.3267046725398,-77.93578369989037,3.286271450505733,3
2026-01-01 01:13:30,641.1346026088116,308.8850098349514,648718.248544267,991124.2834729807,658.670793194715,24.30866165414515,568.3783310988662,1860.1535429861922,-83.98975203073665,3.0955855944335147,1
2026-01-01 01:14:00,637.0390987585514,304.0936944620434,638695.3936477263,975405.3087944497,647.1220579374279,24.230448941733417,567.0900210553348,1835.88896025161,-86.69217449537784,3.011871655373942,3
2026-01-01 01:14:30,639.6561896566194,305.1451382148766,647206.4293591647,978455.0880202259,657.2869019218574,24.274230131786044,567.6040934213889,1836.3156575995417,-84.96969305863126,3.3442674218732713,3
2026-01-01 01:15:00,642.9232207685734,312.02291470147634,660818.320943089,989625.4349766939,659.0707918865304,24.119068396240156,566.6670970212969,1866.5313305928685,-85.96789217956938,3.051573659107516,0
2026-01-01 01:15:30,639.1990116620865,308.2937056206593,653895.5444710336,986713.0874308532,650.9931434836934,24.15945867136161,567.9830194204458,1855.807446646874,-77.43940559647673,3.1419564246660365,2
2026-01-01 01:16:00,636.2056587948568,305.41825449867184,643784.8935406908,980063.0921769824,652.0292290323131,24.135229719020813,566.7129563341458,1839.6637162087923,-89.77150410591969,3.2308218798737824,1
2026-01-01 01:16:30,630.20039756511,303.620829903408,636100.8786398413,976083.8231291276,643.8959449418186,24.10551958415464,568.3753643673617,1812.126679973178,-85.92227642668962,3.152712798561647,3
2026-01-01 01:17:00,631.8811996527788,300.38311490167274,628351.1910871629,956798.9594241007,646.5539422210642,24.24249270605555,567.3951220657706,1836.6550931462903,-74.68144661706887,3.204654774232431,2
2026-01-01 01:17:30,632.8905071742042,303.01496513005463,642702.6551862871,968038.547969113,640.3650893628363,24.274443117477375,568.9117897250233,1841.9655274421,-83.89880069004556,3.3038982553118275,2
2026-01-01 01:18:00,636.6414050434794,304.4936430327494,639220.1468680409,979296.4711490917,646.648909790922,24.117911904000174,566.3940371822997,1842.029150941938,-90.90019830541374,3.116478546400608,3
2026-01-01 01:18:30,634.7491257245334,303.20937509723746,637997.150289444,962900.9946151859,646.1297930646894,24.16121978895437,568.5643688909403,1832.7363425023007,-81.69353048566363,3.228341852195041,1
2026-01-01 01:19:00,631.5527540295166,303.78859622963284,641727.2312896287,971290.385200619,645.5896080518003,24.167816549729057,568.5179913650479,1826.5624511663323,-85.70677860086644,3.1145925906860636,3
2026-01-01 01:19:30,637.1817469013498,303.8763656536972,639377.3474421712,975940.0528814691,650.6383777280644,24.30240971289015,568.8562074596811,1850.7752578606858,-76.8055832188746,3.224422192899843,0
2026-01-01 01:20:00,631.8177445116024,302.15746702288817,636218.8463247315,965680.4511995193,639.7136134480634,24.08081698792181,568.0297171197391,1840.7585747521198,-80.1177948832286,3.3927284153606667,1
2026-01-01 01:20:30,628.6837966023903,300.93577258728874,627355.901551334,971859.312751876,638.6774070111692,24.09363736925991,569.3295360374613,1828.879462614284,-77.38485660954856,3.034473552825064,2
2026-01-01 01:21:00,630.2285087871783,301.40609351598573,637496.1476308496,961566.8309071803,642.882085091831,24.144673905557514,567.6360977231532,1819.3654772670136,-84.15097955968733,3.2596731606174543,1
2026-01-01 01:21:30,624.6170987800613,303.4117775766542,641720.0187613956,958457.6768983637,638.9425247294181,24.10060778752359,568.6059161860234,1814.3503467817027,-91.2289961993646,3.209010927915485,2
2026-01-01 01:22:00,627.9714502311623,299.5449689337046,634541.1148576111,979180.2402880583,647.3302156063437,24.238447753296324,566.4077018142509,1814.449596865643,-86.16738031203387,3.1152057550631658,2
2026-01-01 01:22:30,622.9301489170214,299.0637880777558,635962.9510926107,950771.9296705994,638.5072763409795,24.199033936245883,568.9593551481817,1812.6432722003708,-82.90646490579505,3.164697469848859,1
2026-01-01 01:23:00,623.8132442220385,299.066807767525,630971.5115662941,972308.1474227658,632.992689019609,24.116889742928166,569.2069619661357,1804.1181348166851,-85.58998646546713,3.085519994227091,2
2026-01-01 01:23:30,623.267522608422,296.750667155397,621928.0401346829,969594.892517825,647.9175208677204,24.249206380122132,567.0645896565039,1799.815045313851,-90.86002906483938,3.3050445090682046,0
2026-01-01 01:24:00,622.958141594348,300.5391192543333,631148.5243120795,952975.8314796841,637.8029944239169,24.34545459980249,566.5895062618246,1810.3115433239188,-82.46602872250685,3.222760506113741,1
2026-01-01 01:24:30,618.5093284718143,298.41174799974215,623934.6014395539,949516.7994338354,630.0517101570773,24.276911365376314,566.4220225007211,1791.9349124504497,-76.2926443758464,3.061258859313829,0
2026-01-01 01:25:00,628.2526610908437,300.58685776396106,627418.9869751362,966839.8638288429,639.0262949786332,24.164719152957254,566.4751383460328,1827.0139278153358,-81.61557273291046,3.0032231919805645,1
2026-01-01 01:25:30,616.8894340870904,295.2870563869643,616785.1561879826,944493.0910869532,628.7673121092773,24.173004038845523,567.9921198359982,1786.4404737691784,-81.39147582503053,3.052769191327858,2
2026-01-01 01:26:00,617.5227788181797,294.6105399063857,610381.8382161048,950823.2469346995,629.1917619902109,24.11479889240123,567.5963220492165,1790.57174655535,-85.85029960316812,3.29044585263379,0
2026-01-01 01:26:30,625.1159167783568,300.67605367167914,631348.0956397227,972342.5988977122,641.18626536284,24.219349139340068,568.6860777423307,1804.2406343271794,-90.64969245831941,3.0732169853676465,3
2026-01-01 01:27:00,621.6158255592597,301.7129273897244,628242.9582198921,955985.5627123655,639.8963385341325,24.174880846907193,568.1498604604312,1792.2894343949397,-79.47255940477795,2.8934373413491246,3
2026-01-01 01:27:30,615.6122103764051,295.7220142460387,621555.2628850248,941853.1898887636,626.9346275795327,24.099000571024575,567.4114925210357,1797.3589800781542,-88.14134554253593,3.1958375279421314,2
2026-01-01 01:28:00,619.6104919138972,299.4180986610908,619538.3379405953,948984.1925664373,630.440808022507,24.29969218425,568.7640559513891,1805.6963128708294,-77.7379949591865,2.968837813000075,0
2026-01-01 01:28:30,615.8793091372052,296.89285352945564,625358.6695282618,963731.6486971603,624.6918653828598,23.99439444250588,568.1918792414191,1783.8932951234817,-83.07799476693894,3.131327663223386,2
2026-01-01 01:29:00,613.0366930230939,295.074147239443,619715.5061452198,949519.9537592581,619.9385976437826,24.168578334442337,567.4468104222053,1764.499026007157,-83.0244301234713,3.3282772472078723,2
2026-01-01 01:29:30,615.7350330924334,297.24854100886154,623525.2550886979,949937.1269484904,633.4153731758421,24.277061143609945,567.7252456827306,1779.4049320291,-83.04486034862371,3.337814729881847,1
2026-01-01 01:30:00,615.7421557776171,295.87127586701394,618803.1472558143,954288.5673032531,630.6685366032248,24.228717869619818,568.3062883665377,1789.5790923006925,-83.83993763392508,3.2669390563696292,3
2026-01-01 01:30:30,607.8959996842543,288.4152068714694,601764.2062715006,916235.9422678697,616.9405252913195,24.264886965363857,568.6846546507813,1763.8998675425973,-87.06440211874151,3.189632786639034,0
2026-01-01 01:31:00,610.0278538093189,294.2525445468764,614357.2087482346,946837.2356349909,622.6095018719479,24.26137683785185,568.2191566160925,1752.5209986545901,-81.31061562456306,3.191507017381279,1
2026-01-01 01:31:30,614.0762288864738,295.58343157165297,623007.216440978,951471.1079514736,619.4327057364553,24.273586390384676,566.4433204532853,1786.3108691094492,-85.40179599480595,3.1538651369281134,0
2026-01-01 01:32:00,608.2498054820348,289.86408477366535,611485.3242147509,928571.1497725178,627.1384463125223,24.189351082710974,569.2221322096798,1765.321745392723,-80.4375819563177,3.1431925051412293,2
2026-01-01 01:32:30,611.5133193090315,290.9709104415318,617885.1647535937,947615.074388662,616.5444900894234,24.19790877911558,569.690916051843,1771.935554925228,-93.35027353009394,3.1899784817657038,3
2026-01-01 01:33:00,605.7494341577557,293.61120242409186,610112.9087437401,930361.8832128405,611.9444698864991,24.25034641155492,566.7315859644045,1747.0892139690163,-87.68261793399002,3.1609251789574824,0
2026-01-01 01:33:30,607.7073379506393,290.0348888722512,612954.8862905869,935782.691533123,616.5263804608269,24.311197134679137,568.9850487024686,1761.0717992315347,-95.18629517039373,3.2563775483230892,3
2026-01-01 01:34:00,609.1547885689431,294.3894418084545,619308.8431965369,955803.6707538095,619.3708918400711,24.218615348849973,569.5421626114597,1763.6074141815882,-86.23154780564163,3.3501372607596274,3
2026-01-01 01:34:30,608.0522704554095,289.671438001995,599733.3076749581,924198.6748127654,626.6473162721472,24.23411155618799,566.0693636939751,1771.7865394285834,-82.00727521097193,3.267098983472701,2
2026-01-01 01:35:00,609.0395867371993,290.93545480659856,608632.8975964385,929615.081681101,623.3592731793432,24.395482494680945,567.5856383867288,1770.7205501132335,-88.09260539741229,3.3118553689825396,1
2026-01-01 01:35:30,597.9881901499282,285.5976974119126,600264.8222416638,912612.9474174267,610.7626069504668,24.129071507868915,568.8242468377689,1733.1686405024977,-89.05598587635586,3.2174183556244307,2
2026-01-01 01:36:00,607.369878377242,289.35099576515285,595003.2627997202,930134.0197772391,619.1354782339992,24.08918411610022,568.4235371865358,1764.6285621675945,-82.19488146362274,3.25539558527968,1
2026-01-01 01:36:30,604.7667383016974,291.44475768806,609842.2098567757,917716.0643462946,611.565961740093,24.217605566749942,566.7837940913109,1744.1279500667838,-82.63158001450728,3.097485436905464,3
2026-01-01 01:37:00,608.1658959113244,287.4310550403003,596901.6743084511,916137.6404152826,617.2806815946044,24.230543819671666,567.136993309339,1767.3244318605853,-89.2487399067742,3.045081199329316,2
2026-01-01 01:37:30,601.0787304996461,288.78362994672915,608506.3824299439,924814.085304866,606.9689848461129,24.25448665660017,568.7819328915277,1741.23468041627,-76.82620213670192,3.0360432674896654,3
2026-01-01 01:38:00,600.5005590279842,288.6889784864151,608067.5376403056,938157.927736653,605.5250288293959,24.186903278631217,569.4506650793649,1757.634666522296,-83.8840814304038,3.250015328448336,2
2026-01-01 01:38:30,602.8698597202888,287.42316904977673,609762.1660256856,913922.1795169879,611.8149539501668,24.174277512923517,567.9752717438862,1759.8632126581088,-86.03699735171817,3.1230060118611442,1
2026-01-01 01:39:00,598.7241546838549,291.7378097590922,614911.8277230865,931306.4501995931,612.1567183291487,24.261767394476877,569.1776360329691,1747.4787736317296,-88.68629872676192,3.190091657157339,0
2026-01-01 01:39:30,600.205988887508,288.9579862554862,610914.2657528073,920710.5633841465,606.5095800100125,24.166427302001438,566.6297252251185,1743.437019865778,-84.13433465299548,3.097159487845133,2
2026-01-01 01:40:00,599.8697521206672,287.24860651189454,609743.4028018855,912990.5572638719,612.8003208151772,24.180897163510192,568.8360229868218,1727.7720647262877,-82.82855756390369,3.3250004127165687,1
2026-01-01 01:40:30,595.3082064268284,286.08997824041955,605463.7626168126,917176.9458592942,603.1165747495392,24.33048181428018,568.3571697992943,1732.0969018608562,-89.35647629652189,3.181658020804339,2
2026-01-01 01:41:00,592.8750497530777,284.2124918202811,597355.3178328406,908961.5201661582,604.8030823794809,24.142430576833682,565.9507885837209,1714.8194897997323,-86.59059740237186,3.3024365436585805,1
2026-01-01 01:41:30,592.9726418642716,286.4995043211027,603143.8515460254,921693.2592566849,599.5514852615822,24.140041299310177,568.1601045008545,1728.575808321965,-87.94230900471963,3.090497079898147,1
2026-01-01 01:42:00,592.8677066947781,283.0063786389362,593023.5681789595,904321.1118741366,595.8645444167096,24.182488548540434,567.1096863769553,1728.6691662970231,-84.31814190880033,3.370441200081348,1
2026-01-01 01:42:30,592.259721824955,287.24761489950015,601225.7539324969,921243.5605941131,608.0254872565694,24.20243795880154,568.1375997727133,1710.557994444297,-88.21100814379108,3.0277694588605666,2
2026-01-01 01:43:00,591.5154667566825,278.59355772795095,583672.4004660296,885887.5957788156,601.2202707823511,24.197423721138346,569.4648399632836,1708.4276030916208,-89.6917943944228,3.218110413397874,0
2026-01-01 01:43:30,593.9569109231439,289.15172495413725,599065.638430027,911612.7148954783,601.7209299457463,24.40070750195408,568.6588915968765,1716.2017762000287,-79.88204288859981,3.3993497381556392,3
2026-01-01 01:44:00,591.6958258800593,283.77675524247604,604926.4476126417,919006.835327356,599.2670278113328,24.246142261724746,566.7644594678841,1721.4666708191082,-89.41895892440937,3.1814087121880252,2
2026-01-01 01:44:30,588.7843499541499,284.35399782058437,601608.0751529887,910946.233220592,601.5633645150322,24.193618004470316,567.104110212697,1704.7215757041288,-86.33039666734568,3.1503672618700604,3
2026-01-01 01:45:00,593.1518903287804,285.10160380486906,598986.5256122395,911512.9543165716,605.7042026112356,24.155242276705714,569.8882223568696,1720.3217883524278,-77.15625408263726,3.307910111455781,3
2026-01-01 01:45:30,595.1113637568458,285.7206444380495,603465.5735614725,904510.9075434781,606.5394652711848,24.107611486241016,568.755228263216,1722.7391996856863,-84.1860107887975,3.1709537733911337,3
2026-01-01 01:46:00,587.566653078367,278.4866191581384,584933.9432276585,893766.1401011779,605.1813725725123,24.201126610281637,568.0359696321215,1690.6697747839892,-81.93540161368558,3.279859266179483,2
2026-01-01 01:46:30,591.7672027258819,284.8048188476639,606075.8038113109,926033.9017914912,602.3100715305823,24.102984337898167,568.1204918916262,1714.3738912355557,-81.99224013030435,3.2837293970319625,3
2026-01-01 01:47:00,592.1126176420458,287.56366089158,595617.7731665121,927689.1064806074,610.6905814978986,24.288493447477084,568.8739417573092,1716.2738455297408,-87.8780782737994,3.170124337266593,0
2026-01-01 01:47:30,585.8892705071519,280.01329802147063,595151.4833349513,902956.2109690981,601.9872664044772,24.269766438649274,570.0443437626005,1711.968974475134,-88.19652812703015,3.3082532032115073,3
2026-01-01 01:48:00,586.3624220091725,282.09624563064165,591731.7169507657,900866.4213631551,593.595730357793,24.101056738871506,569.1513913737753,1692.41108071115,-89.88470732497021,3.1887952069936416,1
2026-01-01 01:48:30,589.0603555784029,279.64466249231714,586022.5723796826,888692.7956859546,596.1029705841476,24.076038717210146,566.9315408265722,1703.7581101407159,-87.13224740254712,3.2786088719813256,2
2026-01-01 01:49:00,588.4680298451441,279.0432849046557,595961.9373407656,899451.5612468829,598.4850117813213,24.17648596756125,567.9077983236613,1697.7282513563507,-87.98329574838544,3.154148344975124,1
2026-01-01 01:49:30,585.9460035297341,279.0044250987765,586761.9412843657,899152.9270860868,594.3913399191302,24.231376859372187,568.688039398423,1700.516048484007,-86.30053575442736,3.14040560601371,3
2026-01-01 01:50:00,583.4975754137427,276.6753887524874,574398.6124670102,877442.1361448669,595.9284855616855,24.320885472187804,566.3373752226263,1683.522991085801,-77.82776913008665,3.2278227437164846,3
2026-01-01 01:50:30,586.5225696631484,280.0773404883632,594243.9500300221,896780.0362512526,601.5800514746218,24.085793982162695,567.8694892495197,1695.6083531220456,-85.13345769184106,3.1241933703932294,3
2026-01-01 01:51:00,590.0064000703969,278.58563955255994,581272.6636130319,887841.6957634535,599.9376843257786,24.189758198102787,567.5030552748176,1711.286045566634,-87.28700933360479,2.7295827419155927,0
2026-01-01 01:51:30,585.6919055452688,278.05208893874004,586692.7312856117,904017.296245242,598.8727269272335,24.26264404998437,568.0817035563613,1703.0773919785433,-86.17865919917341,3.228144828017191,0
2026-01-01 01:52:00,581.2239893829421,277.30340961726955,594741.1570869092,879791.4654582469,594.8175461657548,24.157873855602897,568.4841617610333,1683.0391594773866,-90.7653363960512,3.0943846925154745,0
2026-01-01 01:52:30,584.2749674292344,278.53959250674615,583525.9668344442,880312.0008352625,596.4432627793773,24.122562734948804,568.7004993003853,1681.199107972541,-90.2666405073726,3.2544428362997633,2
2026-01-01 01:53:00,585.9897443855234,280.4841626069167,584491.9732037843,882588.6298040557,599.0177215082588,24.10713333183338,568.5652004989098,1693.7096184749,-76.91639821761042,2.9357327510602382,1
2026-01-01 01:53:30,587.3916271342949,280.07751423818496,587519.8157136173,879435.6912099718,595.6809354525149,24.14896048424103,566.4826185241868,1712.065817507089,-86.18597668005374,3.329976224372098,1
2026-01-01 01:54:00,575.7188298783735,276.9431627579599,582237.9512960877,891117.292276755,586.1146334878007,24.128758027260808,568.3288186799329,1666.3792894913697,-84.5767826250951,3.3122884901228398,3
2026-01-01 01:54:30,587.4545617863939,280.9833279151394,590390.0092511866,893879.2578242286,596.9234470716876,24.232193300185028,564.7923903054223,1699.4335330211022,-77.01902101172806,3.2381758399137324,0
2026-01-01 01:55:00,580.1777445919255,277.6104424034606,591653.0546010344,884653.5542665748,593.1063066925262,24.117263777480304,566.5755643464602,1683.4880592570032,-84.33426471063991,3.188357891455883,3
2026-01-01 01:55:30,581.7570366215152,278.8326200618709,582928.9546976956,888462.4054399077,591.2304527504596,24.35720630487979,567.3913714523242,1684.9420266394993,-88.94064160369477,3.1698766531455544,0
2026-01-01 01:56:00,582.2282281299263,279.1294171644597,586713.8616091975,897899.5535255518,595.8505937231831,24.25297730845148,570.433686444032,1692.854823964822,-84.4915520921081,2.9364523446445876,0
2026-01-01 01:56:30,577.7713974156338,278.9079407419845,591278.8911604168,900410.8062881841,587.1633869445352,24.127699825850524,567.1935676001966,1683.7823081215477,-81.40077130320273,3.024263229856727,3
2026-01-01 01:57:00,579.3387005969655,279.5500216344543,586799.1928369019,896988.9941584107,583.7663421598053,24.221421474524163,569.2704012645883,1681.787980945725,-85.28501747459214,3.2384961961144665,3
2026-01-01 01:57:30,580.132015023113,273.28182361702625,570699.7058281922,877445.0846675306,595.1147420458582,24.199252739123075,568.5706447042589,1694.427478662111,-81.57600251246517,2.831040258487732,3
2026-01-01 01:58:00,576.1039656832438,275.6774820065167,579207.5622295636,876567.8130581821,590.6474713604523,24.1247545620384,569.3188448337685,1671.2766388886962,-83.28552523725914,3.1355053511583795,2
2026-01-01 01:58:30,580.903393871541,279.28546021684286,582725.044643524,880383.7320574789,593.1121436392895,24.145552357246444,568.956258655913,1702.1341281215557,-83.87588389496777,3.382585485330625,1
2026-01-01 01:59:00,586.5823802470212,282.08097337253673,601356.8613982763,914806.7000054577,597.7768041540099,24.15451758352943,568.0630149118778,1706.9517353043766,-86.96571568267055,3.4136865862805648,3
2026-01-01 01:59:30,577.3933157201437,276.78440308865396,580913.0657040017,897713.6277634286,590.7761633880426,24.285929177888274,569.3210984678153,1680.8078765541386,-88.04658842121964,3.222497715173463,0
2026-01-01 02:00:00,577.6935061200643,278.5662922047611,580258.5514488533,894496.4775292081,591.4890712407368,24.203856723651118,566.4708539898706,1681.4135128187402,-79.35089044832245,3.3510214114949566,2
2026-01-01 02:00:30,569.4529511070217,272.081625094777,567798.4367722621,867396.888224807,589.0717798387959,24.300677862045738,567.6953333628583,1649.7671214047837,-86.47624266489902,3.5304330019338073,3
2026-01-01 02:01:00,578.0031963073109,276.16652412121476,583266.4808155664,880436.6734629323,593.0125437737923,24.093384192434108,568.4842712183488,1686.559634269902,-84.81228161790423,3.1576510801741864,2
2026-01-01 02:01:30,575.4756317982657,272.14616099697946,574540.3896841378,876171.0495378579,584.8072777534904,24.15355304673769,568.5051900532048,1675.5880555199342,-85.87716703839511,3.2118332648379906,1
2026-01-01 02:02:00,578.3624766661625,278.7270392228105,581665.0695932832,910928.2089555009,589.6804405315662,24.308204462263518,565.9347091611884,1682.0689595030499,-80.95058227016244,3.192025093134634,0
2026-01-01 02:02:30,580.3402571283614,282.72988031276225,593124.9008252226,909151.4992230969,591.7677690179117,24.056210147361003,568.9056929175766,1685.301109116587,-89.30062085913426,3.1930976869219565,2
2026-01-01 02:03:00,572.8306700176901,276.7978001070543,580644.1795054458,873427.0027551159,586.0605222446595,24.119142461749558,569.4895937283641,1660.299863748605,-88.51376035843697,3.1760759522744992,2
2026-01-01 02:03:30,576.8155294101266,275.48698093250334,582185.4357858096,885783.7272020694,579.17281925272,24.141315134053578,568.4794805164328,1677.0102323816384,-79.12713018678551,3.3708202591335104,3
2026-01-01 02:04:00,571.8375542671273,277.96510983808577,577721.412376646,888655.0584692026,582.370961903024,24.291630545472138,569.8710491312482,1643.3731480214485,-80.63661644699444,3.1303274240501526,3
2026-01-01 02:04:30,570.8239762676916,276.0059464246615,584994.0127162285,887412.4460156369,580.0597837823166,24.095487342412685,566.8056276454241,1650.5158385276204,-87.32636721745197,3.2454087430073444,0
2026-01-01 02:05:00,574.2344317412992,278.10831791009684,580452.1741925437,900936.9624227186,587.1015630853418,24.329594276723917,567.4859129218715,1667.0393036563855,-87.53882457273471,3.2947414097700447,0
2026-01-01 02:05:30,576.1477433388166,274.41764167156,575677.8447401512,878988.2196591197,595.2349198828315,24.31987813658055,566.9416494649432,1657.0188378083003,-88.86887106229669,3.1017314946290324,2
2026-01-01 02:06:00,574.3322817173695,274.81305950242705,584424.1137615251,866029.6177695859,587.4316864921459,24.127751785824664,568.2433093370859,1664.1569231294723,-82.22799139820623,2.99796947126387,3
2026-01-01 02:06:30,573.5413290976128,275.1862472478962,573622.8006954932,878644.639449881,588.3435002080647,24.15612114485017,566.4513536800522,1661.5341360686284,-87.81240990484724,3.24616329228218,3
2026-01-01 02:07:00,571.7812804711692,274.62961254438926,578601.3097102271,871696.2961564085,584.1397693835441,24.122249489948267,569.9781301975994,1651.775663292699,-78.23832743378529,3.1331886309767425,2
2026-01-01 02:07:30,580.0486602118413,279.2593347041804,583311.1926648788,885244.2758070227,600.2706213898931,24.231252042629045,567.1519568452211,1679.227154439439,-90.4535032482225,3.133364107884947,3
2026-01-01 02:08:00,572.7816803887875,275.11817793606195,582049.9451997945,890355.5784174348,583.9898952180872,24.229430111208874,566.8963287723006,1654.9471875281965,-81.77175480793527,3.3724880148691256,2
2026-01-01 02:08:30,580.6660674937405,279.47857893520603,582052.2439535168,887798.0178516431,593.2303366447221,24.24265517217202,569.2943212978737,1673.4213295514958,-82.1096332620502,3.0943545541870514,1
2026-01-01 02:09:00,571.3749218812985,272.44471515546957,578184.3889361317,872612.0441235653,581.6864261282503,24.194708878987115,569.0227059648057,1661.8634779843053,-84.3061077835098,3.258967343313843,3
2026-01-01 02:09:30,570.3180439984549,273.7247779840009,573035.6869146533,885675.4996588908,581.4332904363749,24.331304381061305,567.8972206762994,1653.4258121663515,-86.06705820326175,3.1693802706323875,1
2026-01-01 02:10:00,572.8933255983761,272.75143413326236,558987.4656295307,860515.2756129295,578.2628775850374,24.131463225454407,568.7159837474796,1660.9399794170536,-94.31076351179384,3.279346209718068,2
2026-01-01 02:10:30,570.8142504443786,271.98812713440304,574227.130210474,883088.2229724933,575.6227971349304,24.165861005486544,568.897203036963,1652.3858107575008,-83.32943078711196,3.0009501029587264,0
2026-01-01 02:11:00,570.9537040510737,273.82296176817783,570045.8252336617,891631.7776916542,581.2327133570816,24.285275831429765,567.1945925943827,1650.8369098163053,-81.94505166157705,3.041643449849655,1
2026-01-01 02:11:30,572.924068782974,275.20461285202003,587050.8407939193,876389.8045233481,589.385990472045,24.114265491546792,569.6847983423527,1664.5873156517837,-79.58471579201257,3.225989848893377,1
2026-01-01 02:12:00,573.0572897318734,277.34037042367834,578567.6962313304,899224.8463960275,586.5965335043155,24.169811561414043,568.6891975903952,1666.8553192277484,-93.72772110213631,3.2144671553608553,2
2026-01-01 02:12:30,577.5200233206506,276.2663095833684,583542.786184531,889110.9480045893,588.4110347977861,24.113359867992703,568.2297270606513,1671.1887472693124,-88.10916899615756,3.286372167764792,0
2026-01-01 02:13:00,577.4306915025071,279.55883544766283,595621.6998118748,898078.955378308,583.9119303870033,24.160561015275874,568.3174125232064,1684.385948467516,-76.29882077350125,3.0173579916229873,3
2026-01-01 02:13:30,574.7536372174972,274.9281468508711,576942.8950110305,881673.8945352313,577.1504384430383,24.223610139876783,566.3862471427825,1677.698531446263,-76.66089146395427,3.224630675255025,1
2026-01-01 02:14:00,569.4464674423726,273.9137150802148,580698.1497108917,888261.2333609465,580.8750402675312,24.206583396862264,568.463673987881,1645.4838105367141,-87.85321757830141,3.1627582263311456,3
2026-01-01 02:14:30,576.0432529634953,275.88211551367664,579575.795580538,891620.9321279469,586.6484662516625,24.07105239507005,569.3366396104157,1655.2483694346558,-88.62409211698849,3.1948888330274787,0
2026-01-01 02:15:00,571.2989941644447,272.91473523430875,582421.7725944803,867197.1472659211,581.7247796788881,24.01839977653544,568.1770213689161,1647.7788272257562,-89.31377565669806,3.2278606572885424,1
2026-01-01 02:15:30,571.2124167460448,276.3684100551652,580442.253024114,886299.0257461936,587.2289794842397,24.187346761636604,568.2085680177333,1646.6619953251559,-81.61889756126769,3.1745974578922844,3
2026-01-01 02:16:00,575.4893282535701,282.03689834494065,600223.2607369293,905173.245109438,591.1151801996787,24.31775268093873,565.6548226034175,1671.1402122208453,-84.57085146596476,3.233532272430595,2
2026-01-01 02:16:30,577.5042901819263,274.97049033700495,579722.2909427271,873233.8659204583,588.5938490600485,24.222688666343377,567.8170445342288,1672.211051592449,-84.14083822810744,3.2854947465075073,2
2026-01-01 02:17:00,582.2883299253162,281.26850535086425,591226.3804047192,889639.6726861246,595.3417953612151,24.181015919247407,566.7533374407412,1687.7433394076595,-83.11255527883678,3.2248005749955144,0
2026-01-01 02:17:30,571.7516404872281,274.36992818499937,584305.1886705761,871360.9220287986,591.0454581480602,24.044217384823312,569.5639353015878,1669.518142412965,-93.77271219739299,3.2269894845602387,2
2026-01-01 02:18:00,576.3656033473951,277.7322717765524,585251.2412851517,875053.0016054236,583.1566095294612,24.088569319999014,566.9071981374177,1672.6948677295995,-80.64483015767826,3.025250029039433,2
2026-01-01 02:18:30,579.8094242515579,280.7756013829799,586495.8629428565,891550.8874710572,586.357005810065,24.261406888855355,568.9365438601544,1685.3548559358676,-84.90719395590885,3.345602517520406,3
2026-01-01 02:19:00,576.1281446057772,277.4370883136788,573849.7945612393,857933.0506489176,580.4302161581148,24.245425976772527,568.6442853119544,1682.1839748612551,-90.5348174437031,3.0178501158834212,0
2026-01-01 02:19:30,576.8161375365098,279.2572430835461,584810.5737925892,900771.9255700768,585.8981537628218,24.19796529044994,567.5435456907632,1680.9398243801968,-90.28403050614921,2.9868709681730934,0
2026-01-01 02:20:00,571.4220064295502,275.7851887374336,578623.5890062923,877761.9779992634,581.8924515549431,24.142263128860932,566.3675071139972,1661.0138456589907,-83.4857041685493,3.2340611622861335,3
2026-01-01 02:20:30,572.7110984831612,274.7848300122736,576439.1313587861,874457.0323523886,578.684079496844,24.158019356072547,566.6633926830372,1646.2591636991303,-82.43124063156026,3.3059077529431704,2
2026-01-01 02:21:00,576.2715821799836,274.14009638475824,575155.3731844844,874817.6616676236,584.6463486641628,24.243740728741106,566.7742420174819,1689.0607587235895,-83.87856734387432,3.1745953559506095,0
2026-01-01 02:21:30,580.732742847534,277.6768761653467,580744.1436516482,894392.7226583867,596.3295358340914,24.139834654157344,568.4225114874034,1673.2239966067145,-93.8307384870909,3.239326172806996,1
2026-01-01 02:22:00,577.597292414768,277.49600554201066,589838.801665441,886276.0199094678,585.6084160841352,24.293487765591916,568.362958020282,1684.1800291005513,-86.04380161811035,3.0087355665401985,1
2026-01-01 02:22:30,576.3120231770886,275.69327855290237,594920.6110992612,881746.787031818,596.2355343011842,24.14080190267941,568.3597758201745,1676.2078294554437,-80.9641760198983,3.2109210893215256,3
2026-01-01 02:23:00,584.6186499980349,279.3939670748024,575570.138987895,887191.317872775,596.2408861390164,24.266200454748155,569.1726133615839,1693.8782097591757,-86.9955852695723,3.2282023481232667,0
2026-01-01 02:23:30,578.8720578247503,276.69879717964466,585762.6849529807,878834.3208519322,591.8540829626703,24.087934211258272,566.3698462760269,1685.3678612861027,-84.17584803665059,3.26185495785404,3
2026-01-01 02:24:00,585.2472988177002,280.96672258420887,581450.6285492702,889711.4240716896,585.9666775015406,24.232148610675356,569.1539615841874,1704.7280289684106,-80.20950268362488,3.1290472126917313,3
2026-01-01 02:24:30,583.8019279633477,276.45986068178905,583136.1675814741,891488.5249186966,594.3851699324847,24.111975545247834,567.5942310658161,1675.4448663386788,-90.18134602095576,3.105918778824398,3
2026-01-01 02:25:00,581.0631258001744,279.5306814457798,582245.6520162035,893111.0374705377,592.8298359882975,24.258978488310582,568.4196478057664,1676.9885418209556,-94.52993285957817,3.2665083855878216,1
2026-01-01 02:25:30,585.2459178363083,283.3387835347765,599275.370372541,907732.8751123128,595.7829929048482,24.093042365000695,568.9375966604837,1702.0215563845563,-77.2224108046716,3.3299079613686873,3
2026-01-01 02:26:00,582.8346868428114,280.0347506636242,588265.825014504,903235.760360545,598.0736444902752,24.063087028137776,568.4524830504874,1695.2964746010086,-83.11268538756438,2.9772392788477107,2
2026-01-01 02:26:30,579.9082783734272,280.16632553284865,591012.4075134563,889067.743882071,589.7769506316683,24.264988455802328,567.4822529955551,1675.8831901028182,-85.19609121480413,3.1303804970625273,0
2026-01-01 02:27:00,584.6598349612227,276.77523137450305,590770.4561946195,885062.915716968,595.8944969688511,24.210064299827614,566.8906329412802,1699.0398432559955,-79.50232170474894,3.1145182555696613,1
2026-01-01 02:27:30,583.5202724692798,279.4878875448104,584229.8754629855,898402.5837918695,587.7802840513898,24.29655557794479,566.7174093508469,1696.326729359497,-82.13002149093187,3.231784234244186,0
2026-01-01 02:28:00,582.2551407474499,283.29101164661995,595526.4738466368,916641.1460550278,589.9422288718628,24.22596558205894,568.2653892544749,1700.7657252583754,-92.75583483507384,3.28701143593815,2
2026-01-01 02:28:30,584.2239268668537,275.9078801782437,566043.5019196961,876485.3901672261,588.6747446324378,24.329749871015128,567.0978717885656,1704.7183586469494,-78.917035601226,2.928520909881795,1
2026-01-01 02:29:00,587.0424126600566,282.87891722443123,586546.3055653105,907906.3758912473,602.9138523076213,24.22962802193662,569.7388169739878,1712.1245104071932,-91.99690145846773,3.3040927199808006,0
2026-01-01 02:29:30,586.4503834278685,280.51415935730734,593309.7642391351,898952.7858450048,601.5459325275542,24.077301881824617,567.6144493245152,1711.885739675576,-89.36112444712624,3.1782372912479158,0
2026-01-01 02:30:00,582.3387833512286,275.9764379572407,575782.1447172748,890527.718806374,594.5497527058162,24.30450423608875,568.5202740432351,1684.7480674394171,-89.91116699935799,2.8651016643405995,1
2026-01-01 02:30:30,589.9387057701251,284.22445566897073,593050.4812646962,904332.566107955,597.200859269533,24.249135646994457,569.4043663206738,1725.2697600236197,-92.23334496905593,3.216094746204515,2
2026-01-01 02:31:00,585.5893034988459,279.4982646815838,581292.0746864126,893613.6028846469,595.0524627541482,24.195537477002475,568.3095753662667,1694.8428654107624,-85.61043565383864,3.1657315673204725,3
2026-01-01 02:31:30,592.6810810478785,281.7265488792166,584913.715955537,902124.3640264982,605.2274263516542,24.277963836015743,570.480280230367,1720.3226467694599,-86.5971270204949,3.5146694456831127,0
2026-01-01 02:32:00,585.1919297612893,279.0359990359038,585866.7713300016,894940.4121562754,590.9198265337866,24.119560770027313,567.110359402272,1702.9476021587393,-87.04093573345133,3.2723056761652334,0
2026-01-01 02:32:30,586.6329069274768,283.966115226904,599121.3854215706,906375.846301447,597.371267945814,24.309188872942066,568.5989482009516,1696.3566448844388,-87.18329044040684,3.395134794638686,2
2026-01-01 02:33:00,588.0452937705669,284.55508696609087,585217.2722152816,907991.8800873843,601.4013637506484,24.28425443044419,565.6925585457012,1690.210615390688,-81.33392840030609,3.034872962813882,3
2026-01-01 02:33:30,594.4043668638005,284.14725196276015,588515.6131817432,904055.3317376561,609.029503839581,24.288760295802646,568.0459777432235,1737.3821471775752,-85.22756542651521,3.3272505566271375,1
2026-01-01 02:34:00,588.9036943851579,283.1116129137175,590267.2267492906,919028.8033718255,602.3956746137443,24.16389785407958,567.3504993561666,1712.0559848938792,-86.86888749519083,3.213570614731729,1
2026-01-01 02:34:30,591.0967734710381,285.1218051585155,599220.8619071222,912678.308916452,605.7523504637303,24.392774449440346,568.0951460906376,1720.668913926421,-82.19852148991852,3.2660564942487005,3
2026-01-01 02:35:00,596.2189801347355,284.0934099286149,590277.1552303246,919523.4333893214,611.4121189964799,24.244676352563896,568.9553000990015,1720.724962022223,-85.83185247064573,3.3341141453779666,0
2026-01-01 02:35:30,596.0355708353607,283.7645578452026,588188.3894247832,910980.3528843551,606.467522411504,24.296670881983925,568.1648453938442,1721.899570987355,-88.83050107811033,3.146057841979382,2
2026-01-01 02:36:00,593.8165273384594,281.29443150246965,589155.1891262631,895628.8644389346,609.5753304165366,24.250968773839688,568.4565348014288,1720.8427572936616,-83.1531847482967,3.3338344817321337,2
2026-01-01 02:36:30,589.9036521226608,280.1558075351536,586677.9284047711,892720.9370173232,598.6598256289949,24.221702259987154,567.4626163315097,1706.4446080465889,-83.92316460970194,3.1143193602533605,3
2026-01-01 02:37:00,595.6460138315725,283.2855620120552,597818.7081531034,904134.8298108712,607.7743278075563,24.16268362757984,567.5726473912613,1724.0411621322855,-90.32031196491448,3.1706920378787324,2
2026-01-01 02:37:30,600.567848827953,285.86612549725174,598749.6910352876,913920.4968824644,614.8450317566134,24.077550267761787,566.3943508676682,1737.4151574172756,-83.3540925499571,3.33977494541774,0
2026-01-01 02:38:00,597.7319061439921,286.2879680120924,592368.0321981466,919042.8996473355,607.941013456204,24.17604776636428,567.3742127047595,1733.7855937698234,-90.27656268312163,3.100043557045018,2
2026-01-01 02:38:30,594.885844855595,286.92491273852005,603140.0808374628,914558.2639594596,607.7495662296323,24.24477615428572,567.9384553408453,1731.945894537223,-86.30774221936265,3.0426666560985476,2
2026-01-01 02:39:00,589.64450504048,281.14484680884993,592768.8172939279,902265.8253608731,607.1027252689158,24.377210689071294,569.0104436633719,1692.6218846100492,-75.3409134119733,3.0654197425205885,0
2026-01-01 02:39:30,601.217940326355,285.17427715918876,603280.8279829334,917519.6149614104,620.2011329509968,24.208204974835663,568.5280720944993,1739.4834186861794,-81.42579529543745,3.0621772148694357,3
2026-01-01 02:40:00,604.5984447250744,290.095185572219,605410.4792565897,937225.9297589782,619.122808506857,24.138220525866966,564.788151092949,1748.3832252663476,-82.17487126153202,3.2298252942340486,3
2026-01-01 02:40:30,603.5104125793529,287.33225286484685,611537.8603871199,912034.0375804332,617.6958701384539,24.163556571375214,568.478751141454,1762.5359172891183,-77.61738665511153,3.249549006541271,2
2026-01-01 02:41:00,605.0995513605318,290.5007100526983,619330.2909772419,941648.5095339236,615.0059747256281,24.144334405920844,566.8907293227871,1755.2347823969292,-89.70122788959752,3.3280031068929627,3
2026-01-01 02:41:30,601.4959432186082,288.1102370930512,601565.1416659554,920280.0754961425,611.3289243432594,24.269833643505255,568.7947711729735,1750.6142013525218,-85.13729648579307,3.1595857040108615,3
2026-01-01 02:42:00,604.5276250445166,292.3555246374999,604954.6707292434,928843.2646583214,612.7933413942691,24.170848631612138,566.9654228870091,1761.05648145817,-81.97043236977018,3.2991553302958456,1
2026-01-01 02:42:30,603.8613664606322,286.44832850434904,601845.6398343955,909774.9379596903,611.8228800198168,24.280195773766064,568.4297902701957,1756.9744112153635,-77.25545324864211,3.0285104897789403,0
2026-01-01 02:43:00,602.8845549991345,288.41641278635643,602786.029628906,917560.8571122817,618.0744235065617,24.078894148326935,565.9339999051449,1743.446362991684,-89.45281162500946,3.347140587838622,1
2026-01-01 02:43:30,608.06747282057,292.5531447018816,614071.6914483014,942173.3364563392,621.0770997503552,24.080211690040553,568.3269444030869,1765.9733395820315,-84.54215139858978,3.240815661312581,1
2026-01-01 02:44:00,603.7993641131649,289.0120603593282,609130.007076881,928758.4900971702,616.7268940834996,24.047928571703086,569.1380584697102,1741.3940210814976,-86.08882734246993,3.2863455908349906,1
2026-01-01 02:44:30,604.7471307483178,294.2689791885829,618546.5591274999,934082.5096003759,617.1053032515193,24.08648457195641,571.174296438766,1747.7368664301282,-82.17931332790496,2.990376602231983,1
2026-01-01 02:45:00,604.9545871597309,291.9004505015052,609934.7048671121,939274.6063885628,615.3657542860882,24.07916555787259,567.7790145372643,1771.318778061301,-79.86518610480037,3.281569785331521,1
2026-01-01 02:45:30,612.0885126669917,291.02391223488,610020.1426565602,929238.3523249482,624.8161282915667,24.05397926716398,569.5667458307383,1780.4437407478733,-76.81585423962439,3.3039690372626946,0
2026-01-01 02:46:00,609.7101011854206,296.7121124135833,622393.0362148611,953881.8202984935,634.8945694313649,24.26424774591325,566.1976864195464,1765.97990782964,-80.40550305765544,3.092378604516264,2
2026-01-01 02:46:30,610.3365630440203,291.7173765066866,618722.2325777188,934834.0158186395,622.561828335085,24.164413710782796,568.8549031591775,1769.8400322403043,-88.82246789014135,2.9624484261734207,2
2026-01-01 02:47:00,613.6576106761877,293.3424340064369,611087.3801219855,940214.678200562,635.34632293312,24.260600433791332,569.4834921453262,1758.9271410236586,-84.11186296113996,3.4047447218494593,1
2026-01-01 02:47:30,614.9379146431612,295.73310397601654,617916.8452686977,944357.256238362,624.0730327891989,24.131596776375876,569.0736049422013,1786.256127213494,-83.00655531171503,3.281220932045913,1
2026-01-01 02:48:00,609.2369177854687,295.6166732013075,621831.0679209437,966144.6009568648,625.2468741520071,24.295413673021926,567.0476147854342,1758.0841479104897,-87.2275427535753,3.129506672562171,2
2026-01-01 02:48:30,614.3740290366516,293.7098529745568,614891.7773161513,936613.6502063756,626.794960368005,24.204739524918217,568.7752542583376,1795.7589453150815,-83.37978670840444,3.179739191594241,2
2026-01-01 02:49:00,616.299459731795,294.6854632466556,619309.9386008481,952778.6235502348,634.2962810190505,24.076351008757094,567.4495397543627,1788.3559296341605,-86.39654223239322,3.129930580195259,1
2026-01-01 02:49:30,612.9378947100221,293.26817540516635,612048.9240857898,943228.8266650031,620.9988144089904,24.17049005408218,567.9303969347392,1752.9285245877986,-96.72613978641678,3.1042895001711774,2
2026-01-01 02:50:00,613.1174050336765,291.97986434151375,613434.3098835368,925909.1683436837,627.9929218718322,24.16654751846295,569.0745373872206,1771.1545250610616,-88.77922652767049,3.137991429283191,1
2026-01-01 02:50:30,620.9530697361607,296.98874439613314,627455.3599481528,939969.6749209133,636.80418714139,24.158524793894717,569.2150488252177,1792.209321460189,-88.928011582339,3.2100405919030126,1
2026-01-01 02:51:00,617.845453324108,296.3514581278444,625042.0902491047,952745.0361246882,630.1533748733208,24.063009441578625,570.07069050499,1781.7972779571749,-90.65285000202692,3.200552227583906,2
2026-01-01 02:51:30,616.3791227092116,295.4264003265101,613455.2081039859,955632.2169956849,630.703176016635,24.099302274845204,567.7870885838669,1794.1770426648334,-76.79837770179904,2.9525432182074853,1
2026-01-01 02:52:00,620.6314200122849,297.2294647861712,627157.4397881171,946785.0574512503,628.8289068081522,24.1072946842041,569.8334988575931,1791.560152883986,-89.00870202379397,3.3399861815245164,0
2026-01-01 02:52:30,620.1902208917227,298.87334309898915,626961.504626911,936476.8447461386,632.8897138667298,24.2482062960187,567.7673229432305,1790.3569118747723,-84.75145439704379,2.9879292603947327,0
2026-01-01 02:53:00,621.3604260522517,296.73893384707696,624406.4747035096,954295.3768474302,638.384943637346,24.27946597374111,565.8878759254953,1810.3648811296073,-86.75932791640949,3.07609521425533,0
2026-01-01 02:53:30,623.3329266620412,300.54414505417054,628593.2834262503,974338.2578077827,634.652163294914,24.160232375838497,566.5941946538292,1809.7441346768196,-73.47072208618758,3.199902652675233,3
2026-01-01 02:54:00,626.2650988390076,301.04279293475844,629704.521819425,949359.6184197986,634.9228709160504,24.299873582507292,568.8807839592948,1810.4678468705447,-90.92322158897615,3.277123555845969,1
2026-01-01 02:54:30,622.1171385431566,300.45780055837383,637516.4735364035,969186.8985942001,635.1785466139481,24.30643820356045,568.2196475268986,1814.0151694693432,-83.45342426602649,3.304970461569562,2
2026-01-01 02:55:00,619.7005049886349,293.2946691234664,623231.064715641,940756.9386574164,638.3236399601436,24.35799944329121,569.3923029262996,1791.9078681635688,-81.65009940863895,3.144906084464034,3
2026-01-01 02:55:30,622.8671813936216,296.58808751521497,620877.4284560696,946774.8818377948,636.028535107464,24.195375129280347,566.6922784475005,1778.5170554228312,-88.45514574924941,3.272592989633195,0
2026-01-01 02:56:00,628.2595164508373,301.5014760870517,627297.474147545,966710.2283700956,647.401697404432,24.110003523636152,568.7570993247325,1822.072302303003,-94.10108621736322,3.232927431367381,1
2026-01-01 02:56:30,626.3414398846865,301.0826721683485,633027.663757868,980457.6562795294,632.9238317568528,24.180791695260776,568.5191738446438,1803.0665006557365,-80.95116646668495,3.140723508740064,3
2026-01-01 02:57:00,632.8623239448343,302.2242651595469,638911.7714561435,964238.3168549197,645.1537934633872,24.318973045162352,566.2247852711143,1833.5539338682354,-87.62595107229721,3.06121883853915,3
2026-01-01 02:57:30,625.2689170479653,300.12492561238724,628457.2524447617,961456.6568947154,635.6322818620231,24.176756524655513,565.3873476111679,1808.7494761841435,-93.00463230841677,3.0832846159454723,1
2026-01-01 02:58:00,632.2205449714173,302.1572478130344,645428.6109927963,947951.8902020848,648.7466708308095,24.298950217564993,569.8108707859599,1828.4862685300707,-88.68411219766293,3.1399886157472423,0
2026-01-01 02:58:30,629.1739346049262,299.71072047021994,621383.2357355496,947548.2240579908,630.8776882428906,24.305541163094784,568.9814501931816,1834.7211840795774,-76.63595604606078,3.2054154812169027,0
2026-01-01 02:59:00,628.9683693696086,300.71923470309605,627752.8540473672,956018.536541615,644.6189257636132,24.17311370065742,568.7482884096862,1820.7296212275921,-77.45113016905219,3.121024669108215,0
2026-01-01 02:59:30,632.5421366268366,303.9523745975013,636214.0879966611,966554.151078999,645.6617896419879,24.127102073299543,567.9847958397486,1833.5402750553408,-83.57822090268185,3.2856194840904616,3
