时间,IN_FLOW,进水化学需氧量,进水NH3-N,鼓风量,BLOWER_FREQ,曝气池DO[mg/L],MLSS,PH值,池温(℃),OUT_COD,EFFLUENT_NH3N,RAS_FLOW,班组备注
2026-01-01 00:00:00,4137.10655394129,322.1758352535731,40.60405698179156,18417.346845626405,42.48378141012122,1.9938673074626942,3673.511949261456,7.17274035997584,24.015900432329648,29.727433914080585,2.933623546031462,1820.693895721583,A班
2026-01-01 00:05:00,4224.083666265204,302.9327773660833,39.593093601768345,18539.896060249517,42.02941236864977,1.9062873605019155,3524.7601476918485,7.204046652557376,24.17029660833073,29.88781438520754,2.6058605580187555,1785.9785223051324,A班
2026-01-01 00:10:00,4207.197580984704,317.27973156904227,35.65278443050893,18539.84232941313,43.13016765261653,2.0490881500288287,3694.9716506937666,7.2228072197343165,23.606951284180933,31.555502395318115,2.5266977525061485,1791.1670955182324,A班
2026-01-01 00:15:00,4225.816481233019,295.013987883228,41.054832622724575,18556.057738376832,41.82074161826541,2.1350671577699782,3634.0671641376757,7.2469377203043495,23.996972350550596,31.530593575058546,2.8892784801118543,1787.4782028120048,A班
2026-01-01 00:20:00,4192.432532874896,306.83663299480656,36.17609186709737,18432.533578879953,43.86621114753698,2.1444181671152966,3604.480536317809,7.15417359218938,23.459868088023057,30.629199110241537,2.7943038755823704,1809.351835739751,A班
2026-01-01 00:25:00,4210.346347670682,315.8411048923942,37.88616748656645,18445.440145130146,45.07487916807242,1.9131424594141806,3671.93756284347,7.193480199788718,24.012749407021047,28.943258554117484,2.5365217865382816,1786.563583190515,A班
2026-01-01 00:30:00,4236.153327725757,279.57723429846953,36.23482575917366,18524.530991824464,42.430479910796755,2.2391081993938555,3715.583004037659,7.219619076196385,23.79870790285864,28.91275840764701,2.7028837109184267,1781.0697566942656,A班
2026-01-01 00:35:00,4227.034253739158,302.32663678945164,36.95725802911686,18329.23779493029,43.22509495055575,2.0250682488133913,3594.493720507141,7.170500927828518,24.167642701203693,31.683378748754656,2.943372424678806,1824.1704676268419,A班
2026-01-01 00:40:00,4281.387695751972,326.86584544498743,39.12713420363015,18530.418369313513,44.65596456253732,2.044022780969227,3641.052067907684,7.1697812185570164,24.165511553571747,32.378397803252994,2.9418354202070702,1808.9841627479227,A班
2026-01-01 00:45:00,4247.770779327114,298.66487131992653,37.031280992385135,18577.354846270136,41.33873119188669,1.9269065331847188,3626.4157317759214,7.21745922972937,23.896859777879882,26.89186568261196,2.856986000504098,1808.7793011258252,A班
2026-01-01 00:50:00,4236.972232307379,314.75248636535997,35.99061758578328,18505.51459288705,42.293506541965954,2.042604155694274,3636.696198406077,7.265860312086098,23.720879099975978,30.674945184431984,2.526926576847668,1790.7675385565426,A班
2026-01-01 00:55:00,4202.74631408478,312.3819086708543,36.561291533064754,18433.95018267933,42.41391696110851,2.222656723399622,3614.7618780481725,7.1007295405265864,24.51212347629492,27.325349845393767,3.168419991777638,1790.2452052345532,A班
2026-01-01 01:00:00,4221.252661708401,322.01533558916736,38.254963508234376,18534.405148571983,42.3889923744661,1.935415395305988,3458.4129554328406,7.14887461950286,24.150369629187313,31.894602077336835,2.7688595580876845,1797.9060821217224,A班
2026-01-01 01:05:00,4239.256650500593,314.59145763530057,36.69629046806568,18535.337168590064,43.21259990372249,2.1123148699885697,3553.0799511694167,7.155681534267894,24.13633191276131,34.17620800941057,2.6460796485234903,1856.8143239694436,A班
2026-01-01 01:10:00,4253.972324545408,319.8700544574037,35.05657260931449,18508.638133947756,42.631557117394024,2.34945734348058,3483.2762940999874,7.110882557357806,23.91765220050259,30.694539371415626,2.7707157341236237,1822.7036479098017,A班
2026-01-01 01:15:00,4223.526965763439,306.0195262284999,41.88250348130979,18578.33352789494,42.71729941038089,2.133336793955796,3659.0975675268073,7.13880265409042,23.821054666117575,31.424211336952823,2.4041733278975537,1735.5670573014884,A班
2026-01-01 01:20:00,4251.287626605363,304.5433406464264,37.95466725105777,18362.819948618708,43.73942644467544,2.185328288922913,3597.2688962388934,7.1692824309083445,24.002713953802512,33.971256102458696,3.1079661017545077,1805.7926136888893,A班
2026-01-01 01:25:00,4292.088272160363,306.2610729317787,38.91453569934169,18532.60437132582,43.25650089658353,2.2036678405290115,3700.4882242856734,7.115132603710539,24.096550773495284,31.12561346212872,3.023997983088797,1808.8009427757793,A班
2026-01-01 01:30:00,4251.498715553756,316.11224552078994,33.322626916754395,18544.72847001065,44.44507130766801,2.37758503381247,3687.1441619882276,7.213951221597233,24.534818446888004,29.688009410519598,2.326285642716715,1774.4999390266396,A班
2026-01-01 01:35:00,4232.825813106428,296.81371947755315,41.419761280534665,18337.963017581555,43.268243631328765,1.9729650542185346,3683.434010889475,7.191020321043695,23.90157434765455,33.68817474279247,3.0976567756596505,1731.553483027771,A班
2026-01-01 01:40:00,4239.918896037244,312.1778862670021,35.54831499915266,18445.86034817714,43.04807687852742,1.9200979895736567,3666.8414613633413,7.177255792289493,23.93023105921769,29.406732441441527,2.813357312424946,1778.5442179613085,A班
2026-01-01 01:45:00,4310.309519443062,308.55316422738485,37.340961398235386,18538.79594785287,43.705540859281264,2.2739842181148777,3681.958162710905,7.202700757598798,23.904067435829614,29.367149044928958,3.224522635458144,1809.9791282892563,A班
2026-01-01 01:50:00,4331.149277194691,312.7483480519859,41.179981060963776,18509.63032625486,44.25003439486055,2.328748384985151,3582.5983406504743,7.190865391020629,23.880687459778223,30.069718832891727,2.419510424206121,1772.394806912304,A班
2026-01-01 01:55:00,4244.841662822,300.0370268062484,40.46964967340487,18443.66314969192,43.263376474517315,2.159457253083688,3536.1440720160035,7.161402913437122,24.320875887374033,33.77014299188036,2.4109458801354497,1752.7904351878508,A班
2026-01-01 02:00:00,4317.7949086400795,281.8089466940946,39.008659949102714,18647.25024648825,43.30151514974362,2.137632450635712,3610.0069940680532,7.158378742240183,24.093616064855816,28.90111123368809,2.621357160245795,1854.0018390595399,A班
2026-01-01 02:05:00,4281.582407713625,325.9797405087877,36.12078871628699,18532.852020412884,43.95028611217481,2.2027934851170294,3593.3235110015294,7.147056730050463,24.17495029104899,31.25550393530317,2.9634521363936197,1837.8110701061923,A班
2026-01-01 02:10:00,4275.943510673164,313.78732128702995,34.50132606720472,18570.94676799956,42.8405019371076,2.1307293713021433,3523.7724534217064,7.261674380786121,23.846111436581687,28.65759083435479,2.7515965728731544,1821.1577352254576,A班
2026-01-01 02:15:00,4282.995369825908,321.134140810573,36.45433004643132,18513.887326018154,42.92570694374543,2.3496465550507732,3647.6404730951836,7.2200196188171635,24.102050436937287,37.06216059770144,2.872837806941078,1797.0967390705653,A班
2026-01-01 02:20:00,4266.438608469771,288.55799357698487,39.45305558503372,18537.136461522772,42.341943929988695,2.1225022945813388,3620.9050132534535,7.2253612045604205,24.016954385260746,34.43637436279152,2.8698554713438904,1760.7301013988993,A班
2026-01-01 02:25:00,4326.5836400089875,309.6784638632093,40.979850717517586,18723.56073956555,43.00265413978148,2.1573103843177863,3577.925295035614,7.153845269260731,24.07263727968541,29.2986742862423,2.6201634064517005,1757.3093023857618,A班
2026-01-01 02:30:00,4352.219524427525,303.3983947611657,38.893579941911284,18483.349696899193,43.23941949463688,1.9660808904006677,3536.382221237246,7.242849625691276,23.830174904881424,33.62535311356867,2.626025916289184,1797.8578037647464,A班
2026-01-01 02:35:00,4318.438389995951,306.46392762737815,35.401979020603434,18500.1739435743,42.35292643075257,2.177919480071475,3647.8334269868037,7.218187453979287,24.304108723158908,30.751591888970726,2.79520879314398,1799.5349789867805,A班
2026-01-01 02:40:00,4250.291055129296,307.51309537048354,36.81828807926548,18497.30106616219,42.95577464295231,2.271052819954882,3484.4092228809463,7.245810184964564,24.021710478044195,32.61995216076091,2.802562717188355,1775.529383699009,A班
2026-01-01 02:45:00,4325.388575220233,321.89127853826085,42.157565527098285,18456.7868581029,42.600429647771755,2.0371567035040448,3647.2322915034906,7.141909387652892,24.204942447612574,35.46346654109117,2.98308541915702,1827.354811243335,A班
2026-01-01 02:50:00,4307.984572898202,283.92321407472906,36.950232618239866,18548.844820036757,42.279229455769546,2.1081284785959276,3647.318195363447,7.249491776040839,24.306474255738173,29.289347408562566,2.728228339523991,1789.511949738965,A班
2026-01-01 02:55:00,4320.889213766212,308.64995252517116,40.04280431802974,18770.277193033806,43.274810086489076,1.9970936865152,3526.5964146552715,7.22936282647211,24.174635009363914,31.179269846443265,2.78024725183275,1755.9848163896108,A班
2026-01-01 03:00:00,4322.521309790311,321.98587294915563,37.79399693186293,18405.466943533585,43.68730346683686,2.117999722620526,3567.8353904382807,7.275044437575822,23.673733717864568,28.8451967784185,2.2544873627395,1813.5467413294425,A班
2026-01-01 03:05:00,4323.769247297872,320.54802450374376,38.43733430931046,18682.27910085342,43.017429565701875,2.1415248916288943,3542.633221632037,7.183432838807993,24.05809469932099,28.924505640129958,2.63164478941639,1759.6319482372521,A班
2026-01-01 03:10:00,4283.719149683671,282.9078903305596,39.248880001773855,18472.764949955337,42.674719662072185,1.9820701000088061,3600.89129514642,7.229838724759997,23.690045510962364,32.96024145863393,2.310833758392797,1816.1597083369568,A班
2026-01-01 03:15:00,4322.520592966378,297.46608623349755,38.071388404413554,18501.277052324258,44.545969203318094,2.07537386879456,3619.9031027308843,7.219404092363442,23.9877724488583,34.655152920855805,2.6405246972314433,1788.4454170228087,A班
2026-01-01 03:20:00,4314.045218170319,295.9777893652938,40.968886659749174,18334.87792108886,43.3747456848831,2.0428177676891304,3801.846232483911,7.234723837779294,24.34580904676273,33.6906636434681,2.8999337373485665,1835.0402366417363,A班
2026-01-01 03:25:00,4343.654113936148,303.85701927965374,38.226598940655364,18596.81487009587,42.441160374469625,2.0292803922227804,3572.1189501717568,7.234297520850291,24.120446954666903,33.47342309969218,3.0718457507270482,1759.4192657749172,A班
2026-01-01 03:30:00,4423.3952847269675,292.3756589527248,35.35296427689744,18549.987353825556,43.439794441994216,1.9767520955345608,3474.012795295955,7.188842082054383,23.85490378385367,29.43412234509931,2.6012723463133396,1795.1205133754008,A班
2026-01-01 03:35:00,4312.271005955667,312.2525384460157,37.54680701465996,18572.918272150833,43.68387281137901,2.1221129309251765,3618.402025345297,7.140254412773825,24.283007759424002,31.3432520873371,3.062635812815992,1749.9855283776224,A班
2026-01-01 03:40:00,4374.761766735752,315.745481625014,39.82981906585162,18652.279044331517,43.123482961788035,2.0228649763723325,3587.168535253232,7.173249385318091,24.239186706996907,28.344633605275376,3.0842319416779715,1796.5146750304289,A班
2026-01-01 03:45:00,4427.319568771208,308.0605305316104,41.832651017245176,18532.81606199496,43.83570456799876,2.134833694058824,3575.3717694719935,7.1593031197581904,24.00627222051166,30.434557118413764,2.777233099096048,1825.5537633631845,A班
2026-01-01 03:50:00,4350.251701872755,292.20817269706515,39.97457453148429,18490.021639583814,42.813703506142204,2.156043084677901,3680.39416271879,7.1678376619873845,23.722948811766205,30.274774607356278,2.7758474512867224,1752.50590301185,A班
2026-01-01 03:55:00,4341.597099042093,325.30226629241986,38.27675877094505,18690.324693033766,42.367080117540254,2.1054803024320874,3661.6354039560315,7.195069070120524,24.15585222685066,30.843419178514246,2.6827395496974615,1846.726242646673,A班
2026-01-01 04:00:00,4371.84735069018,303.4289120150413,37.96473719598061,18636.501939776866,44.685952580950115,1.93357490809192,3540.945286114628,7.2225582296182305,23.88346942897701,30.413055849694302,2.6258297902932566,1746.526971683385,A班
2026-01-01 04:05:00,4382.747251342564,310.2616218230807,34.9734216394161,18537.820208485515,43.43642274047451,2.163109574446099,3613.5381476827843,7.268278748150543,23.92614127871553,32.80775928515771,2.730938293894855,1786.8977436989653,A班
2026-01-01 04:10:00,4390.7711695024445,319.2042424044064,34.2750510478713,18605.503026528913,43.679307600978355,2.157022726484922,3568.1173938469606,7.187130951932532,23.638149027041255,28.84594942548815,3.049564948846337,1778.1654331632608,A班
2026-01-01 04:15:00,4356.066739270347,313.7947243342296,40.10457337758091,18738.880110472328,43.18768160364982,2.0869443986955307,3697.0909380102885,7.273460116319659,23.913023528796046,30.057541642589413,2.6198772469532345,1784.2605735923753,A班
2026-01-01 04:20:00,4349.044509513252,316.1042202167912,37.200956891330094,18315.42386258522,42.39276224303808,2.0467739192835483,3693.6080461573056,7.226355852836323,24.31029056595357,26.089371584455243,3.12810500201277,1791.6339493955538,A班
2026-01-01 04:25:00,4358.95040113296,336.0332083788027,37.180421921446474,18535.22687755702,43.56122107806402,2.0642567092040984,3620.5033581772477,7.191193673696061,24.189657363942413,29.9004791454251,2.947293767495903,1795.7921516698807,A班
2026-01-01 04:30:00,4345.808818764953,300.93755294339167,39.84083413584212,18381.05506175246,42.05424693548563,1.9743297842948222,3554.5580690426345,7.217799017060944,23.78640569184625,32.170326817099046,2.9821506892989906,1774.4607037952196,A班
2026-01-01 04:35:00,4391.195232265738,306.7020368823596,37.04342853147286,18627.158998316987,42.38568565923014,2.125261143307732,3678.6438041268393,7.227057159743287,23.937373178130123,31.739654059678497,2.5736592931762736,1780.6302504089156,A班
2026-01-01 04:40:00,4341.974947944365,305.5786012804023,37.940677242361275,18686.4480656756,43.07696444873569,2.1099845901420613,3697.667715617725,7.143213014822428,24.179887978027363,30.246034849466678,3.2214140295956275,1822.6448691279954,A班
2026-01-01 04:45:00,4395.875668109354,311.59058445477586,37.26880099824053,18538.20433601818,44.54588497231341,2.1283446027364925,3689.0882899021008,7.174407991780248,24.027069339260635,29.052051198016066,3.171154558274787,1809.4331944587086,A班
2026-01-01 04:50:00,4379.665270000053,301.6060555408224,40.27567675572096,18521.86154733539,43.083558338580296,2.1390216932063457,3610.5481239914043,7.185473639173868,24.099764053036644,37.2491259263898,2.8772644802907514,1803.6798288072243,A班
2026-01-01 04:55:00,4373.7535344130565,321.1089417939544,40.32107949458753,18344.62880169704,42.95974413835084,2.1592667731188335,3604.853157629416,7.217147598111832,23.8021334799454,31.048338461508028,2.5504709021656438,1763.654272060222,A班
2026-01-01 05:00:00,4337.348128710363,327.21531796817715,39.12595261670448,18552.53963775327,42.72316477493753,2.060426513486872,3571.5249532148823,7.219340488283517,23.724731764254884,30.105353511295284,2.520384633665938,1807.6246876483428,A班
2026-01-01 05:05:00,4421.136602561517,309.5178761827077,38.67396827272686,18664.236639541083,44.0112142974633,2.0156689708389455,3592.4076794971256,7.174627611204073,23.83067246582378,31.998763337772175,2.7552417118697243,1811.8764230443253,A班
2026-01-01 05:10:00,4367.188641965645,308.41423087128345,35.32800250803149,18429.18680170717,41.20753970588634,2.063434892508871,3635.2460214919306,7.195589769400408,23.94991747660849,34.49656274623716,2.70015355164055,1789.949848423404,A班
2026-01-01 05:15:00,4356.322102436238,319.4605245355957,37.7047597444653,18633.580874596468,42.77662402742506,2.3342727134488936,3631.921665534366,7.2838830681164195,23.772633523967727,24.504473044267396,2.82450378024788,1787.9632739044907,A班
2026-01-01 05:20:00,4390.119073624184,315.32614834333054,36.78518347922776,18519.38398018448,43.270604069134464,2.132017101530482,3642.735004234367,7.197832400045746,23.97732040686852,29.064384422464737,2.586747954594599,1836.5211532518276,A班
2026-01-01 05:25:00,4432.379580610989,307.6406642541988,33.11251156475989,18548.963453779765,42.76109428902282,1.950269303177051,3567.2889407668877,7.102801213207765,24.330894448826538,27.730721134930942,2.533778330363757,1794.8819163830126,A班
2026-01-01 05:30:00,4409.314923545634,304.87697692642695,38.02191412317335,18544.823144342416,43.571219444032515,2.2252106275417844,3578.0236345947196,7.165621547714526,23.81674087181195,33.2095984390846,3.007550334810939,1760.4425555163245,A班
2026-01-01 05:35:00,4385.59957112151,328.40230283773434,39.32833973286279,18673.731775857585,44.517217577489035,2.01377217978505,3686.400382437087,7.191906311578535,23.912283267907174,30.15821145082481,3.1584650735353383,1816.4736481658003,A班
2026-01-01 05:40:00,4336.876605009494,306.5519859192721,41.37257464757737,18674.795917587537,42.34567875303207,2.0252973113328476,3595.549579332808,7.198395448574334,23.855543543106613,30.218710851094208,2.628485267391295,1835.555714064417,A班
2026-01-01 05:45:00,4447.077382029906,302.85081742621753,38.71877689974611,18731.495350474488,42.86957082283719,1.8211022219170407,3549.802725887289,7.231527735135544,23.87044114780805,33.02004626044888,2.686648560143791,1819.117254548764,A班
2026-01-01 05:50:00,4434.570508638983,305.7290863246945,36.17919187082241,18611.883234185116,43.17279712323136,1.9430610926704686,3647.2714416864906,7.23649031309349,23.86577299030486,31.169902830060813,3.0094702694488618,1791.4480405648587,A班
2026-01-01 05:55:00,4391.841598319901,318.90213858674605,36.80874134429289,18430.64470943472,43.23292438744229,2.27688023431443,3623.0437208503918,7.211849114427482,24.077211695866602,28.587905072858938,2.783261326320797,1813.3293326248445,A班
2026-01-01 06:00:00,4420.116086375449,300.77297517014483,36.66586658828232,18609.13978197876,43.04953421753481,1.9094078741306322,3636.7159030488206,7.211093100565892,24.009906634689735,29.140090815720075,2.5337550221702765,1774.3566513845994,A班
2026-01-01 06:05:00,4417.8378702303935,319.3534369103129,37.72592156997645,18232.236415659565,42.46849258455593,2.163331360476538,3581.287390536918,7.162486900674221,23.729103510679604,30.593812565460453,2.5047940638429345,1821.4543514807613,A班
2026-01-01 06:10:00,4478.702516179668,305.0071915284983,36.11074157875156,18608.903965197296,43.03071407098839,2.2485167917008084,3691.5617931704255,7.1229468458466565,23.80129750873301,31.548055069616264,2.9389982508090426,1823.977767697721,A班
2026-01-01 06:15:00,4410.551980398945,293.8441697369494,37.71649460224844,18557.996606903136,42.14104795974023,2.13737577264289,3655.630972269237,7.2080829868243725,23.831768779079685,34.93934182658643,2.474231586777758,1813.055842389997,A班
2026-01-01 06:20:00,4442.193933259867,309.02054022083513,35.69662108615203,18282.856220736427,43.372627368122075,1.952760840933405,3627.787041979566,7.080816078262637,24.156271535681263,30.66474107995914,2.6684423671725366,1759.931698293214,A班
2026-01-01 06:25:00,4417.730041783625,323.70643610192377,36.65667656657802,18517.61925906181,42.25649978575798,2.0988807214972285,3592.3784097417542,7.183176386568345,23.923644243979222,29.63728646382995,2.5958364811510393,1796.5862741633252,A班
2026-01-01 06:30:00,4388.900548619657,308.3300513766005,35.43465204336259,18446.307842631988,43.659600911309546,2.072177190843012,3627.488944349151,7.192885571247228,24.01115621297247,33.47838796358648,2.2742556768195996,1765.8402343356565,A班
2026-01-01 06:35:00,4427.475123500562,321.8011620436311,37.15365485243685,18667.965685410094,42.95936662293047,2.101943001542287,3597.803830937074,7.272305686393659,24.133978776560486,32.26750786459481,2.6936105301607016,1775.4913072013217,A班
2026-01-01 06:40:00,4444.0826077262,299.5787915940985,34.815599460278484,18579.857877127404,41.281481361276825,2.2177268365198275,3673.2074747699357,7.268555273910095,23.979025511002618,33.40015392407782,2.7483841921149335,1753.9027444315905,A班
2026-01-01 06:45:00,4457.761385506489,326.95527652655494,36.8118336915808,18488.99562331827,43.395923517939806,2.3179671591431794,3669.4339503055808,7.227056786288639,24.321986331280716,30.645767704277695,3.366316194271246,1785.8839851628768,A班
2026-01-01 06:50:00,4370.955824772196,318.4700797450887,36.5426530580041,18683.140871946307,43.62616282186234,2.206270670611707,3650.796423271987,7.293060691946929,23.998470044350235,29.22874319235882,2.9109632625640063,1832.3911044967074,A班
2026-01-01 06:55:00,4452.181887940902,307.074245316781,37.01589299524471,18613.637562788826,42.73787049593469,2.0257515376232877,3611.88128933828,7.161191975830305,24.06103765835366,30.508172115094816,2.9013083669941664,1773.4204201205728,A班
2026-01-01 07:00:00,4464.608255313458,330.5409424735228,37.562818906234526,18583.03397727472,42.56493838092851,1.8904181842493464,3569.3377887578213,7.189906986067145,24.02939983348535,31.599961806455482,2.6213909951946577,1808.672137156427,A班
2026-01-01 07:05:00,4413.53490597282,326.89855164422573,40.05085903180449,18738.155381612472,42.98237730497335,2.1401633695647697,3492.3355611364823,7.192019075111696,24.123012488274547,34.17477843130221,2.359564643913078,1802.4333427458766,A班
2026-01-01 07:10:00,4425.026012527876,286.71663134536124,37.99844512755501,18768.042561514063,43.814124951134076,1.9258223252901199,3640.481110413869,7.217297813621526,24.263298096770267,29.979031423443175,2.710647147647404,1820.2841973317813,A班
2026-01-01 07:15:00,4425.251091291602,304.66822802627496,38.821580519650034,18615.232633667914,44.172399205085995,2.108616952928164,3626.1671115895074,7.20943423880901,23.900225560324262,31.53396767582722,2.5371681776311603,1789.7062845637056,A班
2026-01-01 07:20:00,4470.6599621881405,318.71418794641863,35.654327379974795,18620.10723906285,42.24458887516569,2.0795871054265516,3563.407064416576,7.2083382438416095,23.88372377506094,31.893036352939973,2.719172113017064,1808.8000136166177,A班
2026-01-01 07:25:00,4454.769626674006,308.617754188956,40.21389224585934,18360.09134110162,43.86298427879792,2.125603925823258,3751.2625790732704,7.239668013323954,23.972861975469453,31.82569957551926,2.784927178228367,1778.8828843301394,A班
2026-01-01 07:30:00,4476.639022524861,329.8047609968861,36.6377803329149,18544.469892576104,43.02550978866892,2.293218149475222,3497.7924037187736,7.077581919820037,24.19713838496374,26.286961036762282,2.9039646508077688,1815.268976352967,A班
2026-01-01 07:35:00,4425.509521307273,293.90969695498126,40.99372180065661,18558.604851188542,43.16559040589317,2.210621472672455,3656.4774358870354,7.096865443389097,24.241942249766474,33.26961573705004,2.9474330819818717,1736.8466559936148,A班
2026-01-01 07:40:00,4439.988813508493,315.242075743625,36.12396843631387,18552.41619489342,43.464839539597065,2.0963063291306985,3536.3089701777835,7.225707807350388,23.763954175487676,30.02165186509336,2.959296314689112,1768.780977612525,A班
2026-01-01 07:45:00,4452.186797050521,288.19481885010407,39.145770334585954,18555.946452469467,42.20701897860171,2.012217763984223,3661.0627462352095,7.167919743459091,23.839896694876828,32.35253024028304,3.0319738209015292,1794.6926905618825,A班
2026-01-01 07:50:00,4419.061305713732,317.49096756391936,41.47032979719711,18689.508534664343,41.977727669282686,2.137171459288426,3628.6939026101077,7.2630733616853655,23.771406210003885,29.592583376051635,2.5078111090131245,1770.7321258227487,A班
2026-01-01 07:55:00,4399.281385035377,319.8418096867851,39.202926970371585,18838.055213721516,41.378892806552614,1.8333033718645828,3588.455337263644,7.162279428498616,24.093563022522375,26.588985206016016,2.795287661414605,1815.227911582434,A班
2026-01-01 08:00:00,4447.471482248623,310.99131143127136,34.09278756812215,18701.34598303397,43.649332968701025,2.2242228930855403,3648.2494356460884,7.260810867349862,23.820751512377694,32.53124544740291,2.57834622179229,1792.9317241782912,A班
2026-01-01 08:05:00,4469.510106374384,309.6736524329746,36.52285694445573,18736.03900854334,42.719267997627256,2.165803713578321,3539.263203918384,7.149364483368182,23.97074548797927,28.31693989661475,2.9903049883414656,1751.834643445312,A班
2026-01-01 08:10:00,4438.640204060962,307.19668444713443,34.879871784965815,18821.32046975074,42.124346788040384,2.062940774286336,3605.6718054442504,7.214444546042402,24.10463374950911,29.99138062609822,3.1954765874842357,1789.2853275971004,A班
2026-01-01 08:15:00,4427.025705297349,308.63084961493297,33.694515329735744,18730.511120805364,41.88773947882606,2.3008136671776285,3655.398885103131,7.1886395128189715,24.078564516874888,29.250628966940823,2.8432123918830787,1777.749734212365,A班
2026-01-01 08:20:00,4450.784558929484,301.92574362096644,41.7989493578589,18829.871092246427,41.641867879428304,1.9468554132072091,3563.369943271289,7.245918249157189,23.990563936446122,29.136484667653114,3.1840793249414383,1836.6797809395082,A班
2026-01-01 08:25:00,4452.1497956578605,310.97635719250053,37.07578484282523,18612.728036522298,42.80958722038164,2.079203250025778,3658.3747282099675,7.232871181768207,23.63586367490654,31.316565494475363,3.0099381677109225,1837.121478792384,A班
2026-01-01 08:30:00,4421.009332568766,312.4745798922493,37.10616674302263,18680.91184840621,42.06616240969306,2.0924854089548184,3622.2183258197947,7.108480492384714,23.96624130354165,28.4026916358588,2.780161906001814,1795.3249222853026,A班
2026-01-01 08:35:00,4521.464560537651,301.96696609863164,38.29734532421954,18851.102460955695,42.55929439345407,2.2013083776837936,3713.3387509813256,7.155332344656993,23.72244971106098,29.44345558613895,2.6108329443367237,1822.549118092082,A班
2026-01-01 08:40:00,4424.069823586515,308.4649655596801,37.839297898664654,18400.00058445811,41.99949801489885,2.1471062408383177,3486.3936157744592,7.222411577356278,24.260592448917574,29.884406256414184,2.6792093637642265,1798.3605288429287,A班
2026-01-01 08:45:00,4423.174887555186,336.0965692422332,37.66365862594885,18548.704791513475,42.62201170160415,2.3007493952444276,3624.4193532609834,7.113351018996317,23.982810689210396,32.26499271655987,2.571121335427812,1842.0610067855023,A班
2026-01-01 08:50:00,4468.111477862386,291.2149550412624,38.14975898409849,18708.0695039208,42.848823146874125,2.1889065720191483,3587.215116513023,7.208005070113382,23.756415179570695,28.92292756494415,2.760709902514662,1782.1204786920416,A班
2026-01-01 08:55:00,4445.658932040842,311.5936715291517,36.84168040083044,18577.491701272957,43.83530079947152,2.084510029219486,3606.5192523166975,7.227032136332599,23.77423523510515,34.89973292582297,2.7987382760329687,1758.727067228547,A班
2026-01-01 09:00:00,4481.809472970688,327.93393739278554,36.83245508441797,18533.44317880431,43.356150255109156,2.0575514231090577,3525.161423882462,7.216547706745544,24.0402666963135,27.634548355990216,3.1966059401591753,1831.780559435969,A班
2026-01-01 09:05:00,4385.085190297276,317.79489895389605,40.08866742981121,18642.68874690051,43.8299929477905,2.106840111624485,3451.9729719210322,7.175802979201519,24.215511763909358,27.64176916856224,2.6726721395778807,1786.0437033491507,A班
2026-01-01 09:10:00,4437.912776019823,336.92906486509025,34.198713741003104,18551.064664461635,44.33349279701839,2.094264560108182,3619.9035666041627,7.140699844289808,23.99240419906848,30.12882111544991,3.1292915139410575,1756.2359480766706,A班
2026-01-01 09:15:00,4407.860382383207,301.3294155758941,34.8571738206222,18442.165709383964,41.482377467858804,1.9286930322475133,3459.4595479045993,7.2486424689279225,23.80393760809589,33.39775034484999,2.5120392175332773,1788.7098894365115,A班
2026-01-01 09:20:00,4449.293056657628,317.0743738043489,38.30165184483075,18543.477804700044,40.906964574747576,1.9380330619291921,3600.784964174503,7.110206159899159,23.775547013871993,33.36491916897359,2.7680939653834353,1783.3799106185334,A班
2026-01-01 09:25:00,4395.052700426432,294.01804918283227,37.69748785631726,18489.792581898033,42.70173797764634,2.4411651512193115,3651.880480530333,7.160460095596858,24.052900035391133,29.256443185192722,2.850116958679538,1851.8068000486612,A班
2026-01-01 09:30:00,4451.424209640005,316.6762067127966,37.33474081282515,18793.352832785775,42.96119981608413,2.060060577060286,3475.8104329692906,7.215885774701463,24.02842398520343,30.26622259187211,3.293361824813706,1801.5076040736794,A班
2026-01-01 09:35:00,4402.142964418945,292.44829151355754,35.29565982464139,18581.80909394254,42.68353513837454,2.3361039081316193,3702.5997490241907,7.200277794087666,23.809026218934548,29.7406718050609,2.6144006734343987,1825.3966906775715,A班
2026-01-01 09:40:00,4448.115656855523,321.9339753922787,36.51101542802718,18667.023028014377,42.793676324166974,2.210119519088844,3687.263121000408,7.2115740433740605,23.978500757571556,31.616103224060268,2.85438127353825,1799.3093601879375,A班
2026-01-01 09:45:00,4400.49882434702,311.7288171876959,39.642483520991526,18554.75142778062,42.94276781296916,1.9886781781756098,3634.155637312736,7.219365921022197,24.141879933609086,34.94577195337084,2.9631257201198267,1815.6803861074004,A班
2026-01-01 09:50:00,4423.799236204436,319.3190566929636,36.48572993700995,18411.25192718534,43.692496921455216,2.044510267996446,3696.360484769386,7.182169970720788,23.67270410498789,26.37922592408775,2.469463941596006,1834.610478156939,A班
2026-01-01 09:55:00,4443.350121154585,310.47328496022976,35.86853321019961,18498.591183952234,43.09110593517196,1.9184093150221035,3680.2846757557472,7.235715516783893,23.99541641875166,29.588125962894225,2.699542251621296,1839.4289393510753,A班
2026-01-01 10:00:00,4442.585482831698,309.21339318059796,39.449776296483265,18443.87027303259,42.43519472489687,2.176074821942754,3408.862555807226,7.2488258541625985,23.979782737511602,29.47651976590126,2.968398330319665,1793.8998387238703,A班
2026-01-01 10:05:00,4429.64166890278,322.7845603400441,37.01305196671028,18630.070116369385,44.0906499189633,2.20647487108963,3599.87620086811,7.151749329866385,23.8958281867912,33.33217353879898,3.1666352124932358,1811.4389809082395,A班
2026-01-01 10:10:00,4402.552269444552,308.44292535489666,38.501364351302215,18740.706818253882,42.94284679835153,1.9465781391830914,3680.1081532906946,7.204653486058429,23.990568831987787,31.045825786517376,2.319836674580443,1846.9697786022073,A班
2026-01-01 10:15:00,4440.647944544284,313.92714130745844,36.984588393613485,18628.973468047,41.702983347598355,2.0786130293640777,3465.6853349324642,7.1642564604243,24.090841743010266,32.440990967097385,2.7490247532760135,1766.8175326380695,A班
2026-01-01 10:20:00,4347.847344631531,318.5778690374944,40.8447159106143,18602.48153854092,42.14459701539181,2.0851556861526603,3613.331934156787,7.169059700594186,23.744473744178904,31.811988296508797,2.9180871603501077,1837.2623204082895,A班
2026-01-01 10:25:00,4457.727490872635,307.1688572027202,35.855689005232406,18485.933710667283,43.547380334619184,2.0768934490123336,3610.86024472628,7.122284131760476,23.808703377893146,31.504418066129013,2.6188451201825433,1812.335338231679,A班
2026-01-01 10:30:00,4433.29121797771,292.72747574271966,38.11079352373527,18481.86394566565,43.397853786730316,2.100094540030302,3652.8407193308253,7.196487873563093,24.118184813656786,30.90950571082556,2.657300384423749,1860.3295431699723,A班
2026-01-01 10:35:00,4434.840340301468,308.2820346547794,36.70857124177456,18627.73232152825,42.21310618593047,1.9954881492922554,3591.5542580006513,7.258730193205432,23.842105432474092,30.783639010589017,2.7005644259558585,1813.0877204147803,A班
2026-01-01 10:40:00,4394.837726401426,314.1014347396953,36.855016841419854,18745.490362384146,40.52555156935418,2.1735034710615495,3730.363149714896,7.1901810151110555,23.9152064645472,31.476717898602573,3.031662174384267,1825.7024793333424,A班
2026-01-01 10:45:00,4428.408593139872,296.44574720119834,37.789941933099826,18445.54608572557,41.56169084463815,2.236142625917598,3537.3997634952607,7.1807224751327015,24.395018714764085,29.153902177632734,2.7552535792111192,1813.5478362179367,A班
2026-01-01 10:50:00,4410.506506831763,297.5191678757817,35.514187767752524,18724.142407213832,43.66878279293284,2.0826814044649176,3578.03765018272,7.2322555983641115,24.099495894207756,29.76725738198809,3.081540217608868,1806.548356429032,A班
2026-01-01 10:55:00,4376.404086395393,311.5832873217716,38.713339871839516,18596.964701566718,43.48658786040236,2.112527673174889,3672.043357567342,7.206410175570558,23.916089573244022,33.02404403457251,2.6712886944384184,1810.6218155163067,A班
2026-01-01 11:00:00,4395.273713182428,306.29007065893126,38.38355984343253,19043.797789863704,44.237215919052964,2.030914616879459,3627.122204407125,7.132680432703627,24.083793647214968,32.65484891627797,2.6425985737815383,1745.6124821804815,A班
2026-01-01 11:05:00,4425.28828078834,310.09977087901234,38.02959919101711,18396.993455482338,42.746521283132424,1.948023882428352,3551.630314578814,7.187425486163018,23.951767532218234,30.00199774618972,2.569276019447735,1776.1714016833093,A班
2026-01-01 11:10:00,4388.22925585173,292.2119095136173,37.86936427363419,18391.80820713014,43.620628929575666,1.8728723865022328,3529.6986803233854,7.166553808338371,23.80577354768585,33.52839015116655,2.555220777959006,1812.0792596362535,A班
2026-01-01 11:15:00,4455.098039818209,306.7140528788092,40.32686051392251,18628.66088152936,43.74724112067381,2.3330944173317962,3584.6393191205398,7.3238278099696155,24.10293044536134,32.391558575061026,2.766290642801244,1785.5099691108228,A班
2026-01-01 11:20:00,4381.754828552714,310.5631932973406,39.11274071899177,18504.407807355074,43.492918205793764,2.0003109940288524,3546.280258051759,7.2869872170641194,24.00488231437206,29.75727698092375,2.840839026015855,1787.4357117413488,A班
2026-01-01 11:25:00,4374.872182435908,299.63186807816396,37.850521260138194,18509.885122160882,44.55093831439029,2.2717444618019424,3641.927969629174,7.128015291118396,23.99699715542754,30.785927702030794,2.915495800199583,1846.273491773429,A班
2026-01-01 11:30:00,4440.255482784154,306.39329782454075,38.500206973529835,18569.154198745782,43.684851859819325,2.1584753798021836,3605.1887946754973,7.2054573645496225,23.95689498197415,30.58819414852969,2.794753744777803,1826.8736049893237,A班
2026-01-01 11:35:00,4431.0801530816625,314.0575516203732,36.90762366460471,18579.398984485284,42.67422517133041,2.2252504059414715,3526.822239444049,7.208529463945843,23.828968010204377,29.97448386572902,2.932682703054396,1756.6142647685601,A班
2026-01-01 11:40:00,4423.724669397491,326.68509188764614,37.25884929253172,18645.163882389705,43.80585253361683,2.2017242361466836,3748.3665363286404,7.177726499209387,23.706992573476132,29.06698908899143,2.9357640650357713,1822.564007905794,A班
2026-01-01 11:45:00,4402.919388768867,335.9914813891104,43.42229126350357,18544.27513574805,42.06820861554721,2.2285196539531125,3612.673414793964,7.219581075203868,23.80203718035549,33.368760285354185,2.7409412196008356,1744.6035393102654,A班
2026-01-01 11:50:00,4400.590938969358,298.62534006514863,38.187660813337104,18641.51126995894,42.222277874096896,1.7496643633577782,3553.47911835492,7.184105642026418,23.34311274088624,29.497745038444187,2.677574241636257,1828.3198454757708,A班
2026-01-01 11:55:00,4363.395306402653,314.86652554995067,42.66938981160282,18608.4810463251,43.72820235679794,2.225523455221227,3657.116630142846,7.2682056830144885,23.96884628125261,30.71533207677127,2.889814548970428,1818.3384339194274,A班
2026-01-01 12:00:00,4345.008365589811,298.41840381555903,36.27174476847626,18598.747704141035,42.604440196595725,2.134038375341695,3547.950580797339,7.14976363587286,24.060982414933125,29.967770666611536,2.9144233271076017,1763.629701618796,A班
2026-01-01 12:05:00,4408.146861624175,310.49213727549756,37.19432191923119,18617.59803231152,43.4962632111149,1.9596747301372952,3690.147457348323,7.11542695203784,23.98220840184962,29.843450583751412,3.063166436602063,1886.1629345969434,A班
2026-01-01 12:10:00,4388.516109958025,314.89159164791346,36.780412187626375,18732.66556251784,44.405470840269096,2.0356467958829567,3777.3781526486405,7.186889193920614,24.282568652004386,32.437857508428884,3.143166177282783,1837.7235592915802,A班
2026-01-01 12:15:00,4392.988161960843,316.8424034963309,38.023891156347645,18615.475493389633,43.94269970674544,2.2629924812177267,3625.2220732577425,7.20539497137899,24.040409918770536,29.259759907225238,2.8916749811646194,1786.157349386519,A班
2026-01-01 12:20:00,4356.990977672421,299.8895623476324,38.03945411097407,18584.475982109358,42.46843544074111,2.145673412600127,3539.3347370223146,7.127972336573818,23.932313020184885,27.864527589565697,2.3441295373726976,1782.346676205442,A班
2026-01-01 12:25:00,4388.141315463329,298.6610030781958,40.56065564316947,18601.55860681364,43.96751769442111,2.2113451976790652,3573.6062280925976,7.08320442247091,24.001212277654748,33.404457031221185,2.835841606353224,1805.3171880713105,A班
2026-01-01 12:30:00,4425.81075697606,330.5186123953667,40.22808002799543,18465.349148862788,43.6578213405171,1.9786025943602328,3511.139801419789,7.2128374397750346,23.961284312817224,28.52622765179193,3.082249216655578,1847.5259196022178,A班
2026-01-01 12:35:00,4393.585614357338,318.8690801371465,40.59150506705962,18578.108371721286,42.80203031767303,2.0391880070424153,3598.867961363053,7.2133144551676445,24.30242377614093,30.032607077767274,2.537880968993766,1778.2001697568357,A班
2026-01-01 12:40:00,4368.68495881452,310.2372296628437,38.96262363739197,18598.94963788865,43.6198914123118,2.0028445785312217,3514.1970889430568,7.166670660648172,23.80913983576321,31.513697997896372,2.4004047854077415,1852.5048435658737,A班
2026-01-01 12:45:00,4313.679241802112,316.74783443293086,37.39885433707382,18587.03298083481,43.218307885081245,1.9582793762319577,3625.024291157445,7.1034095439647436,23.963108942932415,30.211879976027447,2.6022736324615168,1786.9659168420865,A班
2026-01-01 12:50:00,4335.546269119006,292.4808344100333,37.01865991746008,18468.477264464524,43.40702371504595,2.1637390590833263,3559.6748043847024,7.226247588457699,24.412742135317245,31.077579570540514,2.903428511268072,1759.742921171588,A班
2026-01-01 12:55:00,4350.708543144641,305.36513011861973,40.54849136526897,18521.355873495322,41.96335440902959,2.2116646762160626,3660.7859816682153,7.241144103980674,24.04404797239818,32.73163758853046,3.050412290702686,1813.9109506026418,A班
2026-01-01 13:00:00,4393.294987145056,303.4346116712757,37.91339859970689,18649.05869266594,42.45493532931459,1.976867856000262,3492.935812153312,7.17355672697405,23.76399206778345,29.607975773343465,2.7146496206551665,1822.7666042184717,A班
2026-01-01 13:05:00,4379.455993489577,301.17876849676855,38.50298503409816,18455.084110003096,42.737136965133054,2.041829683431557,3637.6245927293494,7.149774236882212,24.132258780573455,31.47236420325068,3.1236044886405168,1748.8984303662003,A班
2026-01-01 13:10:00,4352.58047233348,313.8596457727894,39.5084716829599,18534.309489620344,43.28115978833866,2.0517248245935873,3634.532757669858,7.169121653004589,23.971728855965342,29.576543178101055,2.8286104937354373,1772.360226455872,A班
2026-01-01 13:15:00,4413.961050145059,298.1747628462959,38.494791827762825,18642.807976946115,43.14259917773753,2.253614569335224,3657.08049731207,7.21842619904232,24.327776671245015,31.407036548330712,3.051483201999163,1762.6723037877366,A班
2026-01-01 13:20:00,4365.41218138844,303.3096979439139,38.67526623066655,18537.436877866065,42.05190280924579,1.9212254818827186,3601.981141315938,7.2530444729279555,24.195288204670856,34.21214025601111,2.9350388630449826,1857.3433612709562,A班
2026-01-01 13:25:00,4339.162412648853,305.00530130884835,36.15631164721105,18670.386295942477,42.48398689534623,1.940456053889865,3688.635735830749,7.235602827920951,24.304605735618058,28.241225880417737,2.8828714532978506,1744.3550039015777,A班
2026-01-01 13:30:00,4359.69584634895,303.378455788841,39.81734049891184,18507.797067284653,43.00980122578182,2.0170108583362745,3575.73984821021,7.14814251115123,24.033960817612506,31.994552676957568,3.069239153833177,1709.9386373714262,A班
2026-01-01 13:35:00,4308.662703751631,331.5734209733487,39.82211434016873,18329.163722422196,43.366616794751124,1.9509116812853837,3640.39441240156,7.218504751997032,23.750840152025415,31.150182131924748,2.6310269754402382,1795.2699272173497,A班
2026-01-01 13:40:00,4347.279864025547,298.7120369364801,40.19867203873259,18852.641000320935,44.35986727411163,2.1576716299444887,3493.846787616724,7.158327444970452,23.953304787518647,29.58676258438609,2.94261474458391,1769.5964836401072,A班
2026-01-01 13:45:00,4301.931226861767,310.34389958551327,41.17159845172938,18417.86897612995,43.623704889123545,2.0985509043688277,3663.9570098787744,7.238411502131306,24.083741403768197,30.411624497480975,2.5608921935372604,1733.1045964986538,A班
2026-01-01 13:50:00,4315.815328001959,307.81870324567944,39.17248610179665,18750.48616810166,42.34063598262593,1.9753346143922492,3680.464131075717,7.169123291079835,23.976400541381313,29.091999903784846,2.7256081760653434,1817.4379638698124,A班
2026-01-01 13:55:00,4315.398074652374,295.4935378201269,37.50065564333964,18820.670016564978,45.436929561425984,2.173809570183199,3537.6393104335966,7.15212018593392,23.765598837406426,32.75074181780341,2.5335981862455426,1862.2505323339747,A班
2026-01-01 14:00:00,4317.3290859804265,319.1152677342777,38.006549551191846,18390.89010817356,43.477137999536374,2.3181818997037356,3505.967084121639,7.223330829376935,24.101358851099725,31.379341768562348,2.577269979490031,1769.2992947081016,A班
2026-01-01 14:05:00,4277.8486810084705,319.1636219996273,36.907972256038136,18413.48216422584,42.83443902316534,2.215367048064474,3494.8015000480727,7.189111624263676,24.348294224966143,28.68764765523048,3.206351221708443,1741.1348390500705,A班
2026-01-01 14:10:00,4380.270687171031,304.1534826421363,36.47463426832722,18640.618265782236,42.64171613319452,2.0470787294358814,3498.342556402188,7.2317575665743075,24.13537709068358,27.720386533009407,2.7456623688930777,1775.759538553371,A班
2026-01-01 14:15:00,4271.606103305814,305.0807681509655,36.67293511014308,18483.74193204408,42.908017868089004,2.0595060582682834,3599.4746557332155,7.1841319682288525,24.14434096699878,28.54615318879763,2.8306641943450384,1843.9643136035609,A班
2026-01-01 14:20:00,4282.884299731525,299.197636441957,34.6798817650779,18619.061798326045,42.86370551913352,1.9721983386018436,3573.0881366144317,7.19847304989143,23.965988015873275,32.50743087722982,2.9560385251439847,1763.9519277460524,A班
2026-01-01 14:25:00,4363.735553107996,313.7224817084075,37.97135317167857,18707.30329440068,43.71360604978323,2.1290237090101027,3645.738516155376,7.146277972937155,23.774012301667224,28.886949756127436,2.8349154032751644,1746.79965279302,A班
2026-01-01 14:30:00,4333.627706756538,330.02398672767856,35.85832428058834,18391.102320708287,44.16963929273753,2.0623212703607896,3609.99069736208,7.135022126706791,24.22109762380888,25.890622355818742,2.577196633923932,1777.934665173669,A班
2026-01-01 14:35:00,4278.455886636128,311.368919592186,38.215613187337375,18428.060285166885,42.80203459911991,1.9485008565368624,3560.766168069046,7.275522312416122,23.874346178298563,30.93062546570219,2.28605641680094,1826.1465689529011,A班
2026-01-01 14:40:00,4323.272380500317,322.030375254521,34.30413230092186,18388.984819114423,42.68762125406636,2.249538276375001,3650.9370634259412,7.255161789503297,24.29048020163254,27.14729688333458,2.9612289383321615,1765.145615317269,A班
2026-01-01 14:45:00,4290.761666733003,317.624710861583,38.75347084656193,18708.650927756637,42.29899401258211,1.7915916637588176,3612.79194942794,7.1865206164099185,24.076880209322443,29.855461053723097,2.5114914911986785,1824.0652951403351,A班
2026-01-01 14:50:00,4267.102152353752,314.89920753014746,38.02391877695578,18566.211745543234,41.92823415204536,2.0528675016635076,3563.120694813689,7.116828851501154,24.07902279506115,33.137954120131205,2.559105117411178,1801.0744282285027,A班
2026-01-01 14:55:00,4298.815839049556,320.17435074696147,37.721327588035464,18490.298023136693,44.07312788431202,2.2155917154149174,3581.683045515373,7.161083350381522,24.078205586055052,33.29691216469744,3.272226185941107,1837.6657141830835,A班
2026-01-01 15:00:00,4303.579107550214,311.8902465625465,36.989387174034036,18625.012643217276,43.52230754201107,2.1430768044297253,3620.419224435852,7.224542753410019,24.046402494642997,32.11565093949382,2.534505412883058,1802.4992082723395,A班
2026-01-01 15:05:00,4229.769470943595,289.7507621381642,36.43690873656591,18360.44783384803,42.377321122676015,2.1973304480457876,3645.64364338542,7.2062591778641245,23.91742391525034,30.827213110650565,2.6313459130962222,1817.6111017742096,A班
2026-01-01 15:10:00,4255.697957552496,318.6350483104199,36.570746079917654,18557.424966561543,43.076218197288526,2.1920652567777736,3614.61044107283,7.096501391297284,24.147575375017478,30.858450289687987,2.869260741129764,1792.4743566858074,A班
2026-01-01 15:15:00,4300.747825079916,314.9610502368732,38.912804056202695,18594.5853813887,41.61499045445042,2.2103795855770128,3496.2213635523512,7.234311283366719,23.98392816020776,30.231085615468555,2.962795865516104,1761.5051324385124,A班
2026-01-01 15:20:00,4247.004042257245,297.4250688537318,39.108298476021474,18487.994007031903,44.34472894416935,2.084026624066465,3681.4754806453157,7.208733184342637,24.18249672174729,30.053208419020482,3.047618307304988,1820.0522006827234,A班
2026-01-01 15:25:00,4284.112142669599,294.6671030391801,40.73850113055077,18746.500914505123,41.560180878842246,2.096863168673369,3712.7277367895326,7.190918305806479,23.665989058796242,30.832974696095057,2.934539701471339,1794.7222429960561,A班
2026-01-01 15:30:00,4230.896954742052,327.1088441702146,35.411753461258876,18323.718400155634,41.81600940911763,2.1755196173323763,3515.439064293636,7.140099093197032,23.8926952826404,30.348752982624706,2.759445634805706,1720.9554767089564,A班
2026-01-01 15:35:00,4254.848562964872,300.01219993566633,39.55264786354374,18593.459701204196,42.332979150234976,2.266795702018709,3665.6699134979062,7.192003244841756,23.59254819318425,31.93962580538482,3.0200347362432787,1840.5965450560116,A班
2026-01-01 15:40:00,4273.642766832364,321.97085977217085,38.43640615951299,18697.911791283983,42.606601499949825,2.12792302327496,3702.810840763982,7.181615795822834,23.950738087774337,33.50228767932712,2.967019331648295,1809.8021369280957,A班
2026-01-01 15:45:00,4266.8826475366195,296.83808910039085,34.56931514830746,18445.568951371355,44.286800081525925,2.1511673342819875,3471.2909129316736,7.252718469424351,24.119708991561122,32.11831639121168,2.7808482876239475,1753.3713021072213,A班
2026-01-01 15:50:00,4280.964489859097,301.5787190364573,37.06737700103261,18475.999537401152,43.427778941479964,2.3932237420214166,3572.3758924485874,7.228160928595972,23.876295784103508,32.86425614970899,2.3502284164825165,1782.8562036783894,A班
2026-01-01 15:55:00,4174.601092067996,301.3801968396821,38.20386307065898,18402.725499937194,43.16293059950799,1.9936072618033707,3654.9497891845967,7.193768056673163,23.837760564945764,31.290305927073838,2.8808688918062524,1743.6412342329559,A班
2026-01-01 16:00:00,4272.508719965552,296.8807248644602,32.94646867715969,18553.918603907136,42.92364045784245,1.9337761741503297,3628.23581243572,7.220349467959955,24.11220474145509,31.92325975466133,2.7518587026613135,1772.7942285929273,A班
2026-01-01 16:05:00,4250.506550042684,316.9403398194714,37.12328748473985,18251.747181197417,41.940777734472334,2.1264083501249154,3518.919606087394,7.139402556199134,24.09473679941971,29.2914239484244,2.8071258156070433,1816.0503427212134,A班
2026-01-01 16:10:00,4288.464169184543,283.0685500171875,35.31858348952823,18447.298882724004,42.3902935530107,2.1458157295074995,3542.4662206226,7.222770835735905,23.830050403729032,28.41801998882193,2.888032778521958,1784.037947883581,A班
2026-01-01 16:15:00,4221.493717304471,311.595035841394,38.82430381672506,18465.64264424312,41.77373594729477,2.1817299849002594,3652.128859435184,7.188164762295602,24.32695191453192,28.26738779149442,2.46948506576504,1783.4508537915494,A班
2026-01-01 16:20:00,4219.546731594435,312.69226091789614,38.72827312753353,18668.980660817975,41.6028917241704,2.0803549179468255,3696.7110052909925,7.301144033382136,24.044636742783847,31.833588807472264,2.585995501594333,1739.6347319429415,A班
2026-01-01 16:25:00,4247.006383094086,298.27381830422854,40.46940440846177,18385.425046531396,42.37753940709445,2.061416269385277,3598.351449592412,7.272128871682946,23.958520105931274,29.7167668643524,2.76864575489601,1792.176400624001,A班
2026-01-01 16:30:00,4209.246303511848,336.10129306505155,38.904970891597145,18412.654297015764,43.29161611032334,2.192651091715314,3678.509068864607,7.269867031553441,23.852548050929524,30.83486095262231,2.6431156940420917,1777.7438720270854,A班
2026-01-01 16:35:00,4227.69037561365,315.1546695368943,39.640997846514495,18400.058373428412,41.859894268950875,2.049640953002158,3508.648348341232,7.217747825575029,24.03462661388018,29.285991464085548,2.681593092607409,1793.2777978102583,A班
2026-01-01 16:40:00,4227.880953413133,305.86675296384595,40.60853165076279,18366.441913776336,43.186634730419335,2.0713457452652904,3655.7348657881257,7.125936147352207,24.086857697443854,33.083340211942804,2.3039713878060577,1847.197689957292,A班
2026-01-01 16:45:00,4185.744137098592,312.0522349332518,39.869923324772635,18455.356128318286,42.180440838834826,2.295722721420272,3623.811319952955,7.235644395144088,23.825740948139124,30.69430034673898,3.0892621260297957,1744.3810525677302,A班
2026-01-01 16:50:00,4164.815410112473,307.794807632823,38.203634004100074,18407.59398219761,43.01410632626833,2.013645865250524,3463.385905581388,7.171761534473794,23.936376103905125,32.707275727643,2.7970304137339244,1809.5398901100468,A班
2026-01-01 16:55:00,4169.116898869633,321.23581735751407,38.597956988683904,18491.80451064609,41.94387811200504,2.0100619489652654,3610.6736333902936,7.25596966822236,23.882307639811216,29.174951331635775,2.7300045823150683,1829.6591598338623,A班
2026-01-01 17:00:00,4171.314396843085,300.5792765526564,37.48406921487741,18400.43058123327,41.227896717607166,2.073732822810653,3540.6457584636887,7.258455105513542,24.027274323647987,33.840686668022464,2.5654773883435618,1851.8877706825542,A班
2026-01-01 17:05:00,4168.4012598887475,327.7776905411305,37.202305057418606,18448.648775657814,43.78411419902304,2.10365693820231,3609.173318180888,7.156280007199547,23.871559674248356,28.129490981009443,2.876693915585837,1764.493388994383,A班
2026-01-01 17:10:00,4164.043889552214,277.9968021084604,37.450371694933075,18330.65388842714,42.574898938107,2.096135581707518,3697.655997552237,7.15645468435776,23.812328224223087,31.301840223297894,3.141340088953732,1808.0925943674172,A班
2026-01-01 17:15:00,4191.460613709241,334.31444626616917,34.73880641053548,18228.930355230055,42.17697616082789,2.401061252931124,3643.9261064584357,7.1607920907681955,24.204718284456007,34.32249563592732,3.0191704442386014,1820.2856001633359,A班
2026-01-01 17:20:00,4171.767809011826,308.5765529202857,41.59810464137681,18584.055744579768,42.147457082734476,2.1692133925871184,3517.63063119227,7.234679848543353,23.823241643023625,30.69014520313375,2.6872632804310226,1815.771548198914,A班
2026-01-01 17:25:00,4145.485547897453,320.4250590555544,39.78587189190458,18417.04148644905,43.20066551235984,2.0904270067054744,3540.274014179803,7.182793505231839,23.946784133306174,30.172787697834337,2.551731741807289,1826.1197479512994,A班
2026-01-01 17:30:00,4191.9066199607705,312.33217868232686,38.10926304880581,18422.1519660874,43.137854895175934,2.0328634150585696,3725.881490457978,7.20113316499353,24.31374983669451,32.79850185759636,2.689673130920479,1824.0302832226635,A班
2026-01-01 17:35:00,4214.158939588205,310.403139008581,39.3808880966274,18302.983937837536,42.9051748478404,1.9614172293615253,3650.3485508810677,7.18072652994271,24.0325595684481,30.51589622318556,2.8509372424258785,1827.889206325692,A班
2026-01-01 17:40:00,4141.280111629938,288.7277540831336,38.04481719822714,18438.030460067977,44.17267728651558,2.101689915422455,3602.3979754747647,7.11704050535453,24.122583935452578,32.330987769658044,2.637267075197876,1790.427892428571,A班
2026-01-01 17:45:00,4185.763386939951,314.53936923544336,41.19427369248668,18649.911593042463,42.74150495003653,1.9544765068472523,3608.0327927750805,7.189056270815613,24.120310394787825,32.395489950532706,3.028908140064933,1779.9222104684488,A班
2026-01-01 17:50:00,4191.603652028089,330.0976265403882,34.69363411767761,18546.403430832932,44.347142300602385,2.232740171215629,3658.262783820615,7.194670339798799,23.884876869048025,30.502072287776546,2.9544850738389097,1803.9536185639574,A班
2026-01-01 17:55:00,4131.663501801056,302.71868906822664,40.849422995945226,18495.869310766622,43.87604209743646,2.20464965797391,3736.28958417337,7.28056306252746,23.872138874918793,32.80422005352512,2.6934883318638256,1853.8989896489452,A班
2026-01-01 18:00:00,4138.594442718232,313.8536983974331,37.73184045056729,18369.392640079288,42.10121198168741,1.951585108307261,3676.759424918351,7.149750355528435,23.804611707001193,30.813253449894024,2.4973806459652996,1791.9346495062807,A班
2026-01-01 18:05:00,4167.678240582876,291.37415088810246,37.507512458326644,18324.82290406611,42.05228157883532,1.9140580758152212,3528.769388438148,7.171769243520922,23.914710103898116,32.31014786635542,2.600305523246168,1763.8903146221658,A班
2026-01-01 18:10:00,4163.763445552989,289.4717834739196,41.988415616395486,18512.33015516686,42.64952426785488,2.064728951341871,3593.85322157742,7.144818530033956,23.88066817006458,30.235805749585403,3.114601827338017,1784.4429346137342,A班
2026-01-01 18:15:00,4140.454641464721,296.5020604270251,38.341059430774024,18493.399750575336,42.345283263760294,2.147065289058283,3645.8692932282015,7.207953989048613,23.947978569822904,30.0067601002285,2.9810935938732737,1798.2486130697357,A班
2026-01-01 18:20:00,4117.78384595635,289.57931532334584,35.35211843471468,18263.662074223055,43.15219172793361,2.281328208281707,3489.1583481750836,7.146125139912172,24.286889234796533,31.46371239527474,2.622003422930192,1807.291480039218,A班
2026-01-01 18:25:00,4149.748364100827,301.2790423003119,40.43261400178377,18412.812055197934,43.66540608364207,1.928690973244042,3591.2992833013113,7.166830631868222,23.994661692326357,29.73655617322049,2.925350852012361,1827.9996182931243,A班
2026-01-01 18:30:00,4186.201431215749,282.29540511261644,36.497128221062376,18375.855739779952,42.62623125079473,2.0846372971541802,3566.8703516545033,7.2016717835155175,23.90851962665581,23.159712365259875,2.7561565566931594,1850.774297739479,A班
2026-01-01 18:35:00,4144.570568149901,291.519845662066,39.11333780570305,18614.95857232404,43.29339665421186,2.1939660749765553,3605.446903757419,7.2285679118579,23.952853632033065,31.469080466953187,2.839522812815316,1765.6281478050378,A班
2026-01-01 18:40:00,4101.303974330053,299.89536828074415,42.961598756257246,18257.221102275806,43.39381539903077,2.036810783404349,3632.277450735557,7.184309939167841,23.769386544157953,29.239744875257905,2.6506193522029493,1870.5671509157012,A班
2026-01-01 18:45:00,4133.124009767742,298.5256488442818,37.4371290281109,18227.966379042544,43.096559200311646,1.9838441024232103,3646.6999533590197,7.117510640173508,23.789334379705096,31.90738060499605,2.579911382948624,1825.6997398310245,A班
2026-01-01 18:50:00,4151.478958450879,305.2545118111928,36.19009269170369,18181.624912844447,43.26163644700499,1.9606999977500745,3637.680033260651,7.1646209984805145,24.323344071295583,26.595545851003966,2.8858508981089805,1744.6349434749127,A班
2026-01-01 18:55:00,4166.601161929532,298.77719928234035,37.74281432537155,18164.435498067374,42.30829515510679,2.0234407263615455,3498.841234945785,7.25393811761021,23.95256093279785,33.16627040620163,2.451610934568514,1812.9025826492743,A班
2026-01-01 19:00:00,4050.872071026345,313.58874649804363,38.26292380174876,18409.09802148769,42.776285402371954,1.9931370408912126,3621.92124532886,7.179966767775541,24.016928694996196,32.87147483538066,3.1979752104380066,1770.1462112753966,A班
2026-01-01 19:05:00,4169.123122596996,304.03082954602223,38.13000825175755,18339.375313254637,42.54395880991317,2.1482899502775448,3386.159353694814,7.1738456490035,24.319239159530877,31.636263998562203,3.607494160778176,1841.065186592342,A班
2026-01-01 19:10:00,4097.142915814762,304.7507499960182,41.468450221506885,18312.502119702847,43.26500144175244,1.975895666220459,3505.0376230973447,7.20607874962762,24.026629411574405,30.805964857598052,2.783794994738576,1837.0811293692916,A班
2026-01-01 19:15:00,4113.61745273166,307.5354549012618,36.95218102710667,18322.50253554097,42.5676550793028,2.3358094573196855,3559.424763488276,7.186541377731907,23.84237433585221,30.497944219092567,2.915755132774384,1791.3011880248716,A班
2026-01-01 19:20:00,4118.9040918988785,307.95920597257066,38.21683422553285,18453.514143318425,43.39556020613165,2.179465962677223,3762.2457629354676,7.227456014925225,24.020337916315675,26.60753907740979,2.860258782157991,1835.3702941207762,A班
2026-01-01 19:25:00,4074.803109777001,319.4660198948816,40.22888624089976,18470.943115551407,42.56731231611773,1.9915497387757861,3546.2378400131065,7.25153284760131,24.14396914787189,28.071053830945445,2.485135401611953,1818.8577939513882,A班
2026-01-01 19:30:00,4090.835598739758,318.8046720874653,37.897658961819104,18400.018793040184,41.5681735101801,2.132132211786244,3684.6934176392183,7.2106609325907804,23.988599301016315,31.641603268574436,2.6208878684654904,1790.0532182394072,A班
2026-01-01 19:35:00,4099.019901413518,278.9107384355921,36.723150492974845,18413.46266738516,43.67601734445657,2.0988791086846144,3638.0429802839312,7.275278969344272,24.136959899501395,24.85067097479553,2.415527329029878,1830.265263828562,A班
2026-01-01 19:40:00,4058.881874984686,304.88547087135834,38.11394000635141,18257.21537204921,43.60428527270871,1.987131843057605,3687.9229889179023,7.203594615045557,24.068578990509636,29.925089185972993,2.164673326399418,1820.4363507464493,A班
2026-01-01 19:45:00,4106.90957805322,312.7109869510192,36.49023127526158,18174.89059509098,43.11813637806353,2.0183285358696677,3663.7505770608645,7.309464286838043,24.04496464420129,34.043091422177085,2.7280286353313223,1755.622431116616,A班
2026-01-01 19:50:00,4163.623501420661,313.12858512379955,41.59472692637965,18596.750229194564,42.892555260409665,2.031776375294144,3604.2009941251818,7.236642703675095,23.92137137269318,34.56144310467607,2.580513792245242,1852.8089808149841,A班
2026-01-01 19:55:00,4071.5472771327363,307.8136692579097,37.86632768713132,18530.136162188955,43.3669962706992,2.228893766832411,3688.073231187691,7.239795381035761,23.878136463151215,31.37496191955771,2.785943854753208,1804.8866663033618,A班
2026-01-01 20:00:00,4074.253725315011,317.64045560278146,36.107735127541964,18398.242744830095,43.44833899965424,2.1057850854766778,3498.056932658041,7.2381396566909615,24.2259643820671,33.51702352491594,2.5688376027995226,1840.0613816543453,A班
2026-01-01 20:05:00,3991.442643446363,302.46525138043944,36.57080962929218,18245.04516923526,44.64595394192674,2.251016793068609,3579.688890857215,7.1897097699651304,23.94095029340404,36.507216698896784,2.847355671859915,1787.1014579598295,A班
2026-01-01 20:10:00,4076.4293278447926,302.3499393622334,39.32671206440616,18304.05747361703,43.68985670806706,1.9400762886511635,3632.284747889919,7.2646897811168785,24.00750873528383,30.29418466956977,2.7445374705895293,1773.6981343882196,A班
2026-01-01 20:15:00,4050.5275586397,285.5071464028719,39.21338063619235,18414.919306260646,42.564426663851904,2.0303295701065385,3633.679336880326,7.241929520656023,23.964913318464195,31.197221080633174,2.444098508897297,1792.4152966282131,A班
2026-01-01 20:20:00,4078.659445459715,316.6783025383151,36.53531489015246,18640.08686345941,42.9501428664161,2.2623066933952756,3462.313944079226,7.230111107319867,24.161976709193503,30.867084885577228,2.9722770076441143,1785.6280958734446,A班
2026-01-01 20:25:00,4097.590208749177,334.99934134689266,37.75686086736876,18434.551379458288,42.96414134939663,1.8843152210415073,3660.3795278384387,7.214464771527119,23.82797516563463,30.88496144869927,2.594807921614872,1811.5384535053545,A班
2026-01-01 20:30:00,4021.536814693273,321.0344709913786,37.747519712252675,18130.18640647342,43.354647765323136,1.978713692624339,3699.306248557607,7.19431825435815,23.85944958566252,30.60126587124165,2.7219741804689632,1841.9934829673018,A班
2026-01-01 20:35:00,4060.3174415623475,301.69316089385535,39.465110331021066,18405.60303236452,41.16419585087818,2.0119727010803676,3631.9653677621864,7.2265324818266965,24.23491479252858,33.84700431889184,3.426008095507165,1765.194574129986,A班
2026-01-01 20:40:00,4009.359356188827,330.89850273918813,35.59787268666636,18294.0521541421,42.81933131011083,2.237445818208208,3724.736608749879,7.106526504042372,24.174535342120222,29.838790400835876,2.5184927771406604,1737.4074763143617,A班
2026-01-01 20:45:00,3997.9349923276222,322.06262689701737,40.152610089775756,18361.455756480136,42.563865597854246,1.9432310136190303,3520.3751763616115,7.169539420945718,23.90694531130192,31.756812383455735,2.6679259747963187,1778.5697264059359,A班
2026-01-01 20:50:00,4030.640870011345,324.8547440456394,36.569882632536164,18486.303785664073,43.27648854184334,2.2943914150858737,3565.727528124773,7.2109965725413625,23.89844701709061,32.57902349616741,2.6649423210590997,1815.3915955594005,A班
2026-01-01 20:55:00,4048.265412271275,297.20034921356824,37.7603188919501,18346.56228324181,44.51284433544772,2.2798172048708265,3529.4432976628814,7.113689888285827,23.84524515750813,29.362191577150536,2.8339356409463314,1773.7260861301809,A班
2026-01-01 21:00:00,4028.4925619840496,304.8013856685381,40.926675522571315,18119.362203816123,43.3225518280858,1.991627678736999,3616.2206224723886,7.191208163431879,24.110880344071752,27.632824521064492,2.627408427348452,1809.350655502073,A班
2026-01-01 21:05:00,4018.855417428338,309.31845568625243,36.2926725899645,18283.928516049036,43.66626890569995,2.034181717275258,3496.7569120034827,7.189151760534696,23.88750360380611,31.76938820470299,3.09486184273676,1804.9122670192937,A班
2026-01-01 21:10:00,3999.418244329247,311.047587509368,38.75164934680383,18192.815811245913,43.18457266059032,1.9833742349224006,3731.8753465066256,7.1600621870394265,24.27046690264859,29.886477182945708,2.8830075203546377,1839.9242124016473,A班
2026-01-01 21:15:00,4080.146641926457,315.01586681497963,36.74663591443997,18230.3187206532,44.72419759476299,2.1468780639435656,3543.4637896814047,7.181787748906871,23.7818598700711,29.889401798082446,2.6830064124030066,1752.1260552765928,A班
2026-01-01 21:20:00,4005.42312604803,311.0978280966637,39.72070861362579,18453.45732356417,42.95051624430477,2.144145166813312,3526.421918153376,7.161751965004454,24.129129807682588,33.874800247818754,2.772412000048985,1709.173255312815,A班
2026-01-01 21:25:00,4082.10539631066,314.5531992292637,36.058891275833695,18259.47225630222,43.19018956022136,2.163982758258036,3686.2880865249135,7.134310836372803,24.115614669517992,29.23924256978419,2.8316523363275414,1808.6674784169434,A班
2026-01-01 21:30:00,3986.924930436683,299.1085159146776,40.42019484385825,18302.68178569662,42.77680116186517,2.0920633184806747,3668.1803976537126,7.230476278303373,24.027755688659607,31.982789055230715,3.1082237659250933,1838.2763972351802,A班
2026-01-01 21:35:00,3973.9802464495183,309.8327011884555,37.285461259300526,18428.129324165977,42.94177711159018,2.29695657159196,3593.1480450866266,7.1968967785677025,23.95731767186953,30.489671177206457,2.886628445572742,1810.9237855656131,A班
2026-01-01 21:40:00,3997.2508146976634,296.5758270762511,32.48378157987189,18113.735866085713,41.78233709493876,1.9971948381816131,3647.732249831978,7.197183344886018,23.627569459528246,32.322436828634466,2.5016774846731673,1776.0417162236627,A班
2026-01-01 21:45:00,3973.8720647667615,297.9837215266082,39.22082529129105,18472.603687472783,41.678452336332846,2.04879150822982,3659.8135357975348,7.18140302793002,24.06682276851552,27.68250171597877,2.9789099312185057,1856.0435134964216,A班
2026-01-01 21:50:00,3972.5734827494875,308.5911029419749,36.00704220819527,18511.775938426916,42.77198704499729,2.227913747144648,3546.3061729588458,7.169194800426197,24.122197933536917,28.36072416416091,3.081853870070475,1788.516597219084,A班
2026-01-01 21:55:00,3989.479562076173,311.2063590171553,41.64846152187086,18228.66134440658,44.00068806268229,1.9713982373201897,3712.3198894901816,7.219421976132245,24.216611368319498,31.43316414822295,2.8668906771548395,1751.1530191654801,A班
2026-01-01 22:00:00,3987.9104621193987,323.63722811427465,36.461167336642355,18467.57223908743,43.41561959556093,2.054717342121069,3645.9465060263483,7.231182368783221,23.650891155914547,31.241119256014247,3.141042941936078,1794.5784862778344,A班
2026-01-01 22:05:00,4029.5334940490197,304.3401903367368,39.35341442378293,18396.55480590147,42.868122202144484,1.9700398019890555,3615.3151373767537,7.177379247746411,23.875633240153697,32.43953612941319,2.513037415179634,1796.1255740707106,A班
2026-01-01 22:10:00,4025.5336626278563,324.3526211587566,41.41925814871315,18370.233793026306,41.9865250108892,2.0408415229138144,3621.1608348804284,7.2614808944390346,24.34804716905995,27.95596652704979,2.5143808646894303,1778.478425245877,A班
2026-01-01 22:15:00,3995.555220566616,304.2784059188346,37.83751464968049,18325.44602358329,41.180345696238234,2.1354152098151773,3492.416476185504,7.268206146972007,24.33356434144183,31.410511254250416,2.583205797243813,1807.6206990329633,A班
2026-01-01 22:20:00,3939.175098798374,313.4764642472555,40.19173921697623,18433.48274572275,43.00792869526223,2.109875095293396,3630.9115991920644,7.163056593461459,23.885871296867943,30.379303772185754,2.9045891198027505,1778.1249255645753,A班
2026-01-01 22:25:00,4001.734903970188,306.2881245471934,38.08934120072682,18433.186870041856,42.81686964577945,1.9065785926050791,3689.109307361044,7.104518349003247,23.85503631532046,30.914813883791307,2.549535320230092,1795.6692206459009,A班
2026-01-01 22:30:00,3950.785576068185,302.14730821225197,41.72033144097279,18173.599820989726,42.79996112623089,1.8275996648031607,3611.801424594409,7.143823400930417,23.82744897373208,31.46434428814237,2.7862336720686987,1769.524598742242,A班
2026-01-01 22:35:00,3946.3153453534446,323.1187001023822,38.02743676330682,18291.222445292384,43.918462880654815,2.0810201424549093,3613.9045345155573,7.138412417260162,24.135244097549293,30.576624298204738,2.535312784416855,1857.3733570441516,A班
2026-01-01 22:40:00,3985.3832973563453,344.81212469936213,41.17830968502156,18329.59586423386,43.82321307620744,2.2766290214080986,3443.654840227833,7.2138822517843275,24.01716594136141,31.558871207176576,2.575834821029041,1821.0213891444114,A班
2026-01-01 22:45:00,4001.736093637419,296.61058629808196,38.91370449400671,18201.13971817683,42.907894614896726,2.1340329995150658,3587.802968948587,7.184053812905392,24.034366470875703,32.42491244179179,2.8947507576861233,1803.788585423008,A班
2026-01-01 22:50:00,4045.685090979891,320.6206419202748,38.22500766716172,18175.68639713631,43.281539767478485,2.0715238788711137,3516.8891627160856,7.194419891401514,24.07549778884653,31.413342916591905,2.9252412185296888,1817.109499688889,A班
2026-01-01 22:55:00,3936.3333381723883,309.57484450677964,41.25133579283095,18156.09061427268,44.57175697021751,1.866326077234969,3704.2623534391864,7.2714899062500225,23.64909151210428,31.449824742670643,3.1893916723950984,1825.8209830094147,A班
2026-01-01 23:00:00,3978.3958043483763,316.46069301881647,38.80538822175665,18079.5230418507,42.052738823023624,1.932853979998524,3527.146542494511,7.207716362638462,24.17420679369287,28.087500483990542,2.6931227213282156,1811.7596684507025,A班
2026-01-01 23:05:00,4008.6657365407673,324.8024664533931,36.746840015439446,18202.10046126136,41.99027861469519,2.192110333283034,3662.4362573436274,7.224422035039687,24.003712241763647,33.4267086253401,3.1485026724231253,1799.7009505507547,A班
2026-01-01 23:10:00,3967.5947732692507,315.37347341743475,34.49276364100553,17829.331861965657,41.55590173204445,2.1681389651587897,3642.9523541302924,7.271327221903134,23.778607302251874,27.96416859805702,3.2865825847981522,1816.2604452338396,A班
2026-01-01 23:15:00,3970.1279047726002,324.3129823961283,37.348145326856965,18386.320748881757,42.50913869511637,2.09694793567491,3569.5697127175467,7.251081409526989,23.78863877975403,27.447849469551556,3.0689728587929386,1778.690806797663,A班
2026-01-01 23:20:00,3911.7524580170943,319.01575390749747,37.78987706307269,18166.967331204105,42.8084009993604,2.0133946932913984,3491.1671409331507,7.224312668833097,24.060571833258027,31.56768603810222,2.386449489843262,1847.071826052266,A班
2026-01-01 23:25:00,3920.1232318344028,309.30101644213727,37.75639533320464,18171.269906980782,41.903751808803925,2.037029034108821,3510.8928455358077,7.108731113112268,24.10275037473759,32.765129215719504,2.728088349329035,1825.980114208044,A班
2026-01-01 23:30:00,3951.123271234945,295.17842163019657,37.78446831059683,18229.32658841042,42.369866968115915,2.1656110931116603,3518.2828011654638,7.311707315010231,24.044857306245028,30.576589265843484,2.5737561051204736,1832.3401533550777,A班
2026-01-01 23:35:00,3991.046822594962,303.55095759118205,37.04908148176807,18381.13355975563,43.79642762592134,2.009751981236016,3628.1674324935593,7.131869014680412,23.646770460516365,31.655436213449928,2.8503765806926262,1807.4068221093457,A班
2026-01-01 23:40:00,3954.922430792187,311.4958310975319,40.83887601088748,18242.777734180032,42.291835564214345,2.240231648387875,3624.1972013521363,7.257174256860774,23.958247935275587,27.81225944233664,2.804906564299356,1836.8625354204894,A班
2026-01-01 23:45:00,3937.2194764140527,304.3810445673993,44.385890455266505,18248.97806842779,44.67945413211077,2.0112028540191145,3623.9850546783014,7.230643514011793,24.161432959204067,31.18201815535876,2.7643278245989573,1807.9333924305824,A班
2026-01-01 23:50:00,4015.3565973209334,302.66209045447374,33.53712325232398,18207.708966625763,42.985972628204145,2.199300682122233,3678.174224105593,7.190525779780465,23.920176589217107,31.470039135387776,2.481476507344847,1805.760736760224,A班
2026-01-01 23:55:00,3952.884163335547,303.0412565425872,39.87808435029077,18167.99146249092,43.28091679628498,1.9319013168874113,3491.323085068464,7.241493084964543,24.032966078533978,32.030915964234005,2.6982668671466934,1819.6256652839,A班
2026-01-02 00:00:00,4011.554247063356,310.2881149102767,34.56820444897264,18167.356649977664,40.80288654149729,2.1482229160130357,3676.9307722791636,7.24694288998175,24.191619892655005,29.817453544862186,2.678876718236695,1810.2123123073006,A班
2026-01-02 00:05:00,3991.9439795312373,287.4096115562929,39.028184059886804,18396.61534672644,42.78144068197399,1.9679633178717508,3572.948737721074,7.090120470281066,23.79274615916177,29.43197964707329,2.8699274647320063,1814.5060518676885,A班
2026-01-02 00:10:00,3959.3267769484055,313.72228637017685,36.09248839202636,18250.72159652452,43.029089534423925,2.188467732465872,3627.976520384431,7.149409231252813,23.618802685616874,32.10847309313036,2.781795867790052,1789.749969343383,A班
2026-01-02 00:15:00,3995.8545343724045,324.5244578400911,39.70556997980413,18312.829691076106,42.76643134236277,1.9395635475010444,3662.506444032249,7.23005246662039,24.311103567813138,33.16513268947812,2.5533300260156966,1797.5844599432128,A班
2026-01-02 00:20:00,3966.372748120832,311.6446058744488,38.07713944835727,18383.329297238797,43.71645278212153,1.8946305422066638,3630.1655366991636,7.231724267230348,24.075492584497425,27.28732131412851,2.601559723954442,1795.5424004778545,A班
2026-01-02 00:25:00,3931.6715704369744,320.8621114816217,39.06524955778966,18140.202631960216,42.65410133815454,2.197482683703493,3565.483533037006,7.163432392624247,23.992156351407836,29.839674951042117,2.909182139916465,1767.5580600432336,A班
2026-01-02 00:30:00,3973.684150913885,286.831063558697,41.81698812326521,18272.31153541809,42.90829306168078,2.1150964497414244,3526.0421960853428,7.22203951167781,24.219907131810043,29.575304259494352,2.9858446909975176,1751.1285498757052,A班
2026-01-02 00:35:00,3956.721399448591,306.38894055733675,36.922124647553446,18330.325134341154,41.517921226544885,2.244833366917188,3514.4939567231277,7.225737119991161,24.114799140362724,31.529737237403097,2.9166868154089904,1851.039391030498,A班
2026-01-02 00:40:00,3938.4405922468004,332.85126452706385,38.246139755493964,18408.55704636042,42.20839706189276,2.1389483730884096,3617.692616964994,7.276411356817317,23.689766606597047,32.450190598969165,3.0971237913567906,1735.6895897593115,A班
2026-01-02 00:45:00,3952.438403595049,282.8823716929238,32.65478141815372,18170.409486469223,41.55326784564938,2.294624806522692,3539.858119237708,7.2654310670817095,24.24331857595096,26.475348498029913,2.870384276592725,1751.568849464903,A班
2026-01-02 00:50:00,3974.8744806798336,316.59135488562464,35.00023175760196,18322.81974807189,43.8261182788727,2.1444420329049314,3715.921131599184,7.260634460581431,23.720123941661292,32.73487866634667,2.986989992093344,1776.1766632027434,A班
2026-01-02 00:55:00,3963.1485300633694,304.1078518715828,39.692011835515856,18293.816109568677,43.67330828622567,1.9159528227369291,3574.296621634352,7.269872673342234,23.82555502211495,30.63728818746526,2.690419637111325,1781.5763166805077,A班
2026-01-02 01:00:00,3916.171871200798,288.7229316919062,36.492650002827716,18352.367069988613,43.11283873751261,2.256756354133124,3634.6849362156736,7.17478497325534,23.80355332002568,25.41836107234332,3.050686115449732,1781.8388165721594,A班
2026-01-02 01:05:00,3986.2573386185077,316.3232613958641,36.47164974394304,18212.594756541686,42.09267587680108,2.1737034704916853,3693.624421378252,7.290296958064106,23.710666201237764,31.26824577007525,2.99220442373879,1794.0294141891975,A班
2026-01-02 01:10:00,3936.7983844467726,300.49239401282694,35.738287542034655,18244.046207666423,42.550274637065094,2.0933062155037123,3620.63835775111,7.178961782900684,23.975582573846456,30.4288594553412,2.648698776891069,1850.9413767216174,A班
2026-01-02 01:15:00,4001.7020000100547,293.4377798574097,35.31518532367289,18310.182514202115,43.13854473656363,2.2169457540236186,3765.352015357804,7.209671948316326,23.936114919180206,36.24449076138521,3.1227776227085755,1798.672205433575,A班
2026-01-02 01:20:00,3920.7490665634973,298.8632365029096,37.95646934184149,18274.902575215197,41.804811635454314,1.9793411550409696,3540.6906268181347,7.236818786568752,23.918362570661948,32.20509460275389,2.743651535329802,1765.839485255978,A班
2026-01-02 01:25:00,3929.052145754752,324.29391941029075,39.11701737802891,18215.600665658643,42.801140575957504,2.263783309413098,3639.9298800634397,7.169507592467225,23.91266838238373,34.25224657731143,2.490094829777023,1809.4513046849954,A班
2026-01-02 01:30:00,3937.0260588840556,323.7600757373128,33.06063583459631,18217.15226815724,43.31903282093404,2.226381645666286,3446.1705697134157,7.1054953966002765,24.146642863987758,28.2478827135647,2.8404375837048206,1795.4493283522947,A班
2026-01-02 01:35:00,3994.4256003762466,302.9989352088155,34.72255362397873,18217.859802115727,43.54740992770088,2.2331404437039692,3603.0651828815635,7.285059270453461,23.99089738293939,33.12084261045229,2.894540382060344,1756.4255829190017,A班
2026-01-02 01:40:00,3933.188499667403,312.62703765305037,36.2931358521935,18449.30658048612,43.34278126817665,2.0458467811193697,3556.6999570777707,7.226470444855758,23.925244500192367,31.22617691219548,2.94111156674057,1829.9672904584038,A班
2026-01-02 01:45:00,3948.851794064498,318.37212335450334,38.18602842969588,18268.524241983185,43.5667283046543,2.3891616741605217,3606.3430727091772,7.240551692877567,24.11205914040326,32.10094157081167,3.4442590549781613,1821.2347975777545,A班
2026-01-02 01:50:00,3993.7713272457186,297.44979678365127,35.47239775209334,18452.007753338312,43.653751851809936,2.1670145288458444,3663.6866732667654,7.148061997696814,23.966725901174172,33.23523575629944,2.9886425934381218,1795.8447970751681,A班
2026-01-02 01:55:00,3985.6017642581514,296.004903065377,34.91312717994309,18333.927751676307,42.7022480318872,2.2450063229758865,3610.989692922945,7.158727597280056,23.846779956875586,30.100964032989697,3.1664838549472836,1793.5321294137086,A班
2026-01-02 02:00:00,3957.045039425591,287.574990280055,37.37475318843074,18202.23178206339,43.77649450626162,2.1764531607595323,3630.4356534285853,7.192342675075809,24.073872610068133,33.23057469553556,2.49912353211877,1707.8993505674737,A班
2026-01-02 02:05:00,3911.5213097100263,292.01232709765867,37.34029303237946,18181.400210369495,42.39162009277618,2.1325533899807336,3564.1744221006443,7.173275105567954,24.04307341561192,29.57198933755601,2.777576502589069,1775.9711538957008,A班
2026-01-02 02:10:00,3962.5234085192155,294.25285223740235,39.16761117111497,18238.08185654787,43.04307873987047,2.0440254413697607,3571.509826084089,7.179173262629533,23.78718752140342,30.511533964645533,3.2943924320764584,1813.4246080528267,A班
2026-01-02 02:15:00,4005.295860530864,295.5613483590061,37.37233099642352,18290.94053174049,43.45316519042027,1.9163254016426785,3492.9567245112153,7.173552473851327,24.065836298001717,33.32958242362899,2.985405862833166,1854.564729207719,A班
2026-01-02 02:20:00,3970.4683304720093,306.25991837785705,34.465319749101,18323.148861460006,42.65089383786643,2.0640716495464253,3558.280846983971,7.202269162201541,23.788937492675135,29.33405928408363,3.282751215495153,1754.8589135049767,A班
2026-01-02 02:25:00,3935.5195961327313,318.27824324700686,38.23910563462826,18200.841865235845,43.193200895385075,2.1671642314285813,3595.897022723015,7.242355902849985,23.947690311225493,28.377777601642453,2.7587109353019446,1767.1592855318604,A班
2026-01-02 02:30:00,3876.600257212616,298.6929063365171,38.94585559813722,18252.65491363713,44.13306602552524,2.365816033606942,3667.362910891463,7.091580124954108,24.386363463521068,28.756995708676474,3.226762523561235,1838.7861565025846,A班
2026-01-02 02:35:00,3985.813060062796,289.53799481523015,39.76593837945478,18364.498062824056,44.39176676362294,2.1123074622534945,3635.2048062999534,7.1746961983734385,24.1429681881825,28.702953581157264,2.816930972536784,1790.543633742384,A班
2026-01-02 02:40:00,4013.0831652828765,309.32759262509984,36.48423582197191,18442.978254616173,43.48647897745624,2.007330788800449,3385.8767395299305,7.1690483472727005,24.11300514953872,31.497088237234138,2.6437074611371423,1799.7425447393273,A班
2026-01-02 02:45:00,3995.656746438756,295.883528960545,41.256051748376606,18185.52214870098,43.42304986150279,2.0453348570628225,3631.916742763605,7.27722325505622,24.295304533795537,31.82581677568785,3.0659700481435825,1786.266822585663,A班
2026-01-02 02:50:00,4004.9931172865213,310.3175523978583,41.71151994663021,18484.1887425799,42.56088646757715,2.0165016088812653,3526.048621519143,7.202788021571169,23.8119508844161,33.13338511488271,3.275480892568588,1815.455020988628,A班
2026-01-02 02:55:00,3962.39534651481,306.35310608871555,36.61345750821916,18248.586494536048,42.5606124520558,2.204750465257881,3652.9847448648966,7.2392247876159885,23.99450814056828,30.32642840018102,3.3305588710926433,1814.6182195977135,A班
2026-01-02 03:00:00,3986.1460576057743,323.0935876967915,34.403227596197475,18189.886027598866,42.23503276977241,2.0562729474182055,3531.0281924672736,7.2495398051816995,24.121182705209193,32.652588838264094,3.097049017174192,1797.0268562763508,A班
2026-01-02 03:05:00,3972.9152079745754,289.56923561947343,38.12165999010498,18178.1449467688,42.1768572459944,2.2202936606490957,3628.6526846797146,7.236102802997063,24.309781870054316,28.14184149631567,2.6628935413833434,1791.6216965778804,A班
2026-01-02 03:10:00,3956.578939984104,304.1909583206316,36.84462511102303,18189.03030092799,43.62643548148892,1.9183412224904015,3462.266660342995,7.1692572093387135,23.82188753499962,33.4523431306437,2.7955086610405635,1868.258874868984,A班
2026-01-02 03:15:00,4001.8423473585126,314.0845464880482,37.88403502974004,18391.33874430573,43.169655494674764,1.9203175350608328,3621.796293539127,7.2161104275148675,24.01831394405641,31.680261021876355,2.273542175935522,1768.8221923112342,A班
2026-01-02 03:20:00,3952.6001484013777,305.1301935100546,38.8818721289167,18325.618558090766,43.17030853761429,1.871892857554629,3675.870564647348,7.139849157208247,23.956446906301203,32.43909318058317,2.661174124795213,1841.6089741253086,A班
2026-01-02 03:25:00,3955.523641773022,333.94213857634224,38.23268113259036,18155.193192194776,43.052645977647025,1.929726857934617,3811.6197625843947,7.162313670375042,24.1128274668838,27.506276703866376,2.91170492141657,1791.7006589348985,A班
2026-01-02 03:30:00,3951.0532545018714,319.13349198900625,36.77750352558046,18343.634749907505,42.66241507663253,1.9187483368088831,3585.2676358176186,7.3059404706130096,24.205392555807986,32.35949642219202,2.892230797140432,1859.1342077032946,A班
2026-01-02 03:35:00,4015.8590644382066,293.32855692834397,37.547970785324814,18280.528842706728,43.09716907424703,1.880968900745974,3704.4497220492235,7.233669087584984,24.327365830415026,32.732817287711576,2.884199135810617,1762.4293146805283,A班
2026-01-02 03:40:00,3985.555296568736,334.3075830674887,37.71904005853444,18355.93461622352,45.598053244447165,2.1963716188698745,3479.8457613030905,7.186378839949502,24.183779877693784,29.20631007527106,3.0559018606062263,1823.3386032687627,A班
2026-01-02 03:45:00,3985.316340410633,302.53495747334125,40.44629676547078,18309.797603246083,43.00370680603687,2.046620566174194,3656.9935439451665,7.199149996329035,23.847101284394345,27.040807102890344,3.048753546217957,1811.6251159389049,A班
2026-01-02 03:50:00,4012.0416061318792,302.72068529120116,36.027307483387204,18331.21246499177,44.88311200868171,2.190900650686997,3698.89947635508,7.070750437891966,24.0355254815544,34.41241203082432,2.731365391132902,1809.3343719431784,A班
2026-01-02 03:55:00,4018.3800839979353,313.3774296837949,36.75093076762521,18283.035911525192,42.3672719706349,1.9973951645638168,3671.5736628134205,7.21835109217704,24.0797377875314,32.35368220076521,2.5512722170291626,1810.960300568349,A班
2026-01-02 04:00:00,3954.928485097649,329.0977159856951,38.414421679279215,18571.018640258564,43.76504360216581,2.243120509532893,3536.50765236228,7.145606789578942,23.910898289856988,29.825111209369513,3.3564769941955923,1821.797554192807,A班
2026-01-02 04:05:00,3999.88317869143,302.86191422178416,37.24043442783279,18251.050035400913,43.02669015012408,2.1071092873773276,3651.6836172225026,7.287964131929951,24.06480853166382,30.662319859904013,3.0515385227330714,1795.8294681820626,A班
2026-01-02 04:10:00,4012.74855450725,303.17033545236416,38.188186313148506,18455.70110556913,44.13416641852393,1.9145265131356402,3563.30265029085,7.20679685257472,23.944138310704272,29.832176336587647,2.9154423871833397,1821.9205394445494,A班
2026-01-02 04:15:00,3972.773732976324,304.34791566613455,36.474302293976216,18352.501593610486,42.160432360953564,2.0557350811232724,3595.359795649276,7.046303937054592,23.53095440854333,29.40482500285296,2.0789695583136734,1743.728644096149,A班
2026-01-02 04:20:00,3968.241691635996,296.1010595520941,38.11063790654319,18151.373220907793,43.52263374749644,2.0498212776944214,3671.635825814707,7.156962815396248,23.84883093889318,29.966523821386517,2.651721393402695,1851.1932677387172,A班
2026-01-02 04:25:00,4040.30548181974,303.5876255366558,39.51159868650929,18172.299230073128,43.68641120210121,2.037787190842078,3681.0032550145065,7.146533870158269,23.84287953670644,31.167343198383538,3.0519891975647906,1789.0110059949052,A班
2026-01-02 04:30:00,4002.973002891372,308.71384319363534,39.08161127225255,18368.38665375775,42.990202496546125,1.8945141623679382,3738.046033665997,7.137784145732886,23.773885999918924,31.009203793065097,2.966594987519596,1768.9810883856067,A班
2026-01-02 04:35:00,3982.092170776931,307.38652855653106,35.22390696732589,18441.48055880664,43.39929417064781,1.9489534122678085,3585.8059055911226,7.2417349175507475,24.32806489192804,26.87572030345808,2.334243256747264,1824.5971966127295,A班
2026-01-02 04:40:00,4018.4386452202716,305.95829908164654,39.19022549486301,18247.66860368673,42.15697167912432,1.9609420263061503,3722.2332571728743,7.148306467802247,23.83965191904824,33.333103025408604,2.466241012363883,1756.7357027832818,A班
2026-01-02 04:45:00,4007.8934122843243,317.09222242577385,37.73099364761354,18006.757591039626,43.05913771143454,2.1723094440280546,3584.488196215366,7.148782945554854,24.009941824118247,27.46548767324554,2.711438426972358,1767.3705192242521,A班
2026-01-02 04:50:00,4013.507698657167,300.91557605197676,38.50188544985918,18380.41721711178,43.91946181280987,2.219198960611669,3459.191728366352,7.252622784862985,23.92962688334362,28.934920237588827,2.9768055659696966,1785.8616610564725,A班
2026-01-02 04:55:00,4027.1926250439133,318.0660415383444,36.98023152499689,18507.989742047295,42.77051561992638,2.040348563757748,3506.2796435886135,7.212991545980627,24.461171116552496,30.998377544587218,2.571520195197505,1783.0756646956752,A班
2026-01-02 05:00:00,4050.5241502529775,312.61327295220883,37.00586266257291,18125.70712060566,42.22649402005253,2.249810373760937,3658.7189306196574,7.1643691264838925,23.763071136440953,32.28539259743281,2.8819499610222037,1778.188042548304,A班
2026-01-02 05:05:00,4003.1064193454727,321.0494443459523,40.62203694552736,18418.00354565289,43.1238130599857,2.259657305340679,3614.6431684599092,7.261721673088683,24.06186302935894,32.74950769282603,3.0987250025087074,1807.0633019479171,A班
2026-01-02 05:10:00,3973.0561969846926,285.0305603735301,40.92490382254459,18314.34929982414,44.24582497434722,2.3369991649368176,3692.8201950866414,7.167352523103299,24.133996023654444,30.081768074400564,3.225019457813248,1793.7401022506062,A班
2026-01-02 05:15:00,3998.8954741672533,295.67104267765944,37.21697786964723,18264.62185875368,43.14080201719398,2.093062693920524,3512.8185631666984,7.026263933633303,23.861794170030024,32.20988316055325,2.914679916466406,1802.7800190337152,A班
2026-01-02 05:20:00,4047.0498821639503,309.62144914389864,35.65774974589459,18361.51749088772,44.31539812491557,1.9650052854542273,3650.473288315502,7.200748153722342,23.635956551305473,31.548790522789684,2.5127651098553216,1847.492695958064,A班
2026-01-02 05:25:00,4022.160847330749,312.6326861421939,38.30162088173445,18570.409173243737,41.81111261489451,2.0711875428911672,3634.611589642919,7.116727031188411,24.1619533413326,30.01205847900106,2.5070112778240796,1790.515381715788,A班
2026-01-02 05:30:00,4081.724205288157,300.70209799615884,39.69632584843799,18314.01696886725,42.92684460793124,2.27845956774353,3481.652351407621,7.189082465176349,23.894961957108112,28.686980642319163,2.842846351379846,1833.2529760586888,A班
2026-01-02 05:35:00,4000.2095365867667,309.9750725761838,37.277963463499376,18316.00009963688,42.57159729461972,2.0651347869832697,3425.823174077861,7.171685104656527,23.67981470766333,29.0547435990912,3.09973452813976,1790.2004585661539,A班
2026-01-02 05:40:00,4064.2121778961123,302.1483173605247,42.359356234169624,18060.678982532896,43.77634299199276,2.2484253263474887,3720.7247190639905,7.169041800706004,23.85263551209348,29.999810262454034,2.806149929778315,1792.729140456824,A班
2026-01-02 05:45:00,4028.30145877949,296.2433911591323,34.796289099235075,18146.91979944495,40.82405498917317,2.2583117446421745,3665.4300128787695,7.263229835783071,24.33456175815757,31.090258020281706,2.48734008030634,1751.3761597769935,A班
2026-01-02 05:50:00,4020.8722551462492,302.8865044341037,36.49698446834623,18220.365360977994,43.6142378013225,2.059670550986133,3649.885893979083,7.179508437848296,24.30195479323791,29.683744485136913,2.802073416382395,1786.3680470344625,A班
2026-01-02 05:55:00,4051.3094626083753,311.99289409971846,37.16564053676332,18244.514909330785,43.09376205652291,1.9906531099493134,3598.9863893165693,7.194800492734467,24.056871163892726,32.426991401507685,3.084468370497135,1761.0290694002822,A班
