现场#时间#测点71,SIS_01_influent_flow_VALUE_04,现场#IN_COD#测点86,主控#IN_AMMONIA#测点69,主控#BLOWER_AIR_FLOW#测点41,PLC.84.鼓风机频率.RAW,主控#DO#测点99,DCS.15.污泥浓度.PV,APC.88.酸碱值.AI,HMI.47.池温.AI,SIS.77.OUT_COD.VALUE,1号机组#effluent_ammonia#测点89,A线#RAS_FLOW#测点8,班组备注,SIS_网络心跳_33,值班员电子签名
2026-01-01 00:00:00,4134.598575429264,296.7950010404192,38.09244654484672,18310.51896383658,43.31719669174676,2.1267008373481913,3548.878560407883,7.167190387779633,24.203259016692275,27.265081073407494,2.961995271116428,1772.5978556351863,A班,1,operator_test
2026-01-01 00:05:00,4243.307328500183,306.8316968955386,35.279928991532636,18420.295646171653,43.665133622274396,2.0879768948454602,3499.087182169338,7.223134733529886,23.744996034265732,32.89723355945522,3.0492760084657737,1803.463684323189,A班,1,operator_test
2026-01-01 00:10:00,4199.722300714483,302.3030967629115,37.823182132922945,18524.670513877107,42.48927342722978,1.7556500873266214,3559.1519850538393,7.170408965114568,23.849175819883303,30.72809731407527,3.072408149756622,1803.9005288029432,A班,1,operator_test
2026-01-01 00:15:00,4160.4599867537845,306.19505471732435,40.724896906882215,18547.847525433084,41.76817259966544,2.153525774224856,3651.393222176977,7.096957800226253,24.095454616436555,30.924070408646255,2.739634782485266,1820.8925399959403,A班,1,operator_test
2026-01-01 00:20:00,4207.979824883435,288.13896694821034,36.16066948030512,18417.9026724028,42.39933214881494,2.0733798738614757,3704.9354539735396,7.224721706552524,23.904938355192684,29.84421500044225,2.27351688317795,1835.246415768134,A班,1,operator_test
2026-01-01 00:25:00,4174.461973732213,323.78917579007907,38.442894616236316,18172.25803565842,44.137837697416245,2.0653937381678484,3723.9229672265737,7.226049647172522,23.918866154399453,31.042179991953965,2.740477280610864,1784.026112740871,A班,1,operator_test
2026-01-01 00:30:00,4210.460652851333,298.1832055083946,38.40926941721315,18425.197743155804,42.45121309928899,2.0689375914331793,3485.467278261143,7.257122992658055,24.00221099174402,31.68406160708411,2.871105860559375,1764.0603564277835,A班,1,operator_test
2026-01-01 00:35:00,4269.181238235468,306.7333114608754,37.891515263836695,18675.518635836615,42.84044913887175,1.9668364924949229,3583.6628794228372,7.118958684023903,23.81650396097822,31.81182503554555,3.1635237268650487,1804.7637217360489,A班,1,operator_test
2026-01-01 00:40:00,4281.807582375956,319.56354303126864,34.172724400382506,18407.593335315476,42.036913633826885,2.166212199896547,3568.116831593319,7.172933726935844,23.980500314408122,32.85454444408797,2.8527962253027197,1753.2778412133814,A班,1,operator_test
2026-01-01 00:45:00,4281.090771248856,296.9327313915084,35.82588219493711,18528.447228464698,42.78062081203461,2.164029123152462,3621.647311450184,7.220005250113426,24.089410068675985,30.818406978563036,2.4682309078464804,1834.2781023242635,A班,1,operator_test
2026-01-01 00:50:00,4215.649172627119,285.7586179387064,36.69542400357466,18676.42857276257,43.072952362228826,2.2947769308040424,3524.4703419820466,7.234418759302634,24.12947463134152,25.873168852879886,2.591200695520095,1770.953278114585,A班,1,operator_test
2026-01-01 00:55:00,4290.210167727269,322.51372741371233,40.28369276739204,18374.114943501725,42.28060397150112,2.153335619730143,3521.742801604361,7.217309252532078,24.129980951573327,33.2593180453148,3.0802665055679337,1812.1991185271238,A班,1,operator_test
2026-01-01 01:00:00,4230.893313372832,319.47058485053725,38.53438851003629,18420.5465289625,44.00065752309258,2.117479748321874,3553.71843820846,7.245738166041047,24.120770924569968,33.86481997834852,2.6668931101219546,1815.1526745198025,A班,1,operator_test
2026-01-01 01:05:00,4241.6011485616355,316.8792284051445,38.48389574441331,18491.051436051603,42.750213872068,2.118725297711329,3620.7744559682233,7.156314932358867,23.871336113955763,31.330084009295373,2.6356817844325016,1801.6285408027634,A班,1,operator_test
2026-01-01 01:10:00,4219.976923870906,320.7693540244341,39.727322712456925,18531.246354429226,42.66912459168208,2.249441869588585,3559.0046306778013,7.251573936136268,24.074829216617616,34.95912820221571,2.8261251395141804,1782.8245563066018,A班,1,operator_test
2026-01-01 01:15:00,4232.312419533535,335.11166107423054,41.356975614631075,18211.142526248994,42.61011329371759,1.7684683966456936,3528.4006324894103,7.25655355316343,23.83065437690476,29.016085082770747,3.1183122118201956,1828.2209037459927,A班,1,operator_test
2026-01-01 01:20:00,4280.573590708475,302.6975878267624,38.224855526023624,18454.248778826684,42.09216667903302,2.0990324216089955,3686.7866625903534,7.141833180883405,23.91083141248256,30.274625370809265,2.691531325777433,1782.8759168705574,A班,1,operator_test
2026-01-01 01:25:00,4233.240948680754,319.4498759605376,38.20022552855909,18301.276120842405,43.42432447491188,2.050477473917944,3661.9368191527565,7.239501811248311,23.613363083749586,31.43903171658309,2.9035068738378302,1774.1223006705761,A班,1,operator_test
2026-01-01 01:30:00,4254.080938565138,307.79189622864027,34.83521393833761,18639.06953497232,43.26346005357949,2.0129477402986318,3616.192119230976,7.216653591906329,23.866351883452893,30.1210363010598,2.904093437467628,1815.3408168960764,A班,1,operator_test
2026-01-01 01:35:00,4273.972089480553,320.5737262918649,40.20377652512784,18393.70299221143,42.498309025309815,2.0383135206141723,3645.7127170667686,7.263092603327381,24.252000937277632,32.29030312858887,3.059959502404055,1862.3792110730901,A班,1,operator_test
2026-01-01 01:40:00,4267.21221364242,318.69627516376215,36.91416825646516,18563.159198906447,43.81154284234187,2.05911231255627,3568.280510153346,7.174216462691969,24.003753378465966,32.84733645512988,2.789809070557977,1810.0368886547485,A班,1,operator_test
2026-01-01 01:45:00,4290.997552023121,304.83510547248085,37.588963229655754,18465.18839793756,42.87034312073386,2.2059576950659205,3562.5167758337484,7.191528337322648,23.983324701912355,32.00868626452388,2.41490400401921,1768.986938839793,A班,1,operator_test
2026-01-01 01:50:00,4277.577704546194,299.2909030482331,37.843046773744476,18494.07805268356,41.97141947977991,2.0275117660801736,3569.609873256739,7.171461299675054,24.18541895210227,28.82553769159006,2.39666331697602,1805.606831355866,A班,1,operator_test
2026-01-01 01:55:00,4291.066921239714,306.23714623582606,35.03822719706499,18499.628086583605,43.728205717592566,2.038328682843163,3499.4665633354043,7.236239165291473,23.99896241105656,30.339612748026834,2.6608117317488023,1775.8166630538278,A班,1,operator_test
2026-01-01 02:00:00,4278.803017949482,311.793496122239,36.598567469722965,18646.952526342524,42.737848362986504,2.103537537096636,3591.656653662858,7.109754259519832,23.99110052393839,30.47517486896749,2.667941349472423,1780.0849724802388,A班,1,operator_test
2026-01-01 02:05:00,4246.060910032975,276.88181270224845,37.08674108364449,18565.28632686019,43.39763762452107,2.146030762726045,3592.2107914919147,7.2438598377829,23.90258708116369,29.92452054142108,3.1434408170995205,1788.5400691146933,A班,1,operator_test
2026-01-01 02:10:00,4224.022833416646,318.01140831916166,34.54301632467076,18434.21613892578,41.94995217335944,2.05216733738384,3554.7650423312266,7.192823618009839,24.27544712748282,31.46870883925322,2.6441208231489326,1810.0072757348332,A班,1,operator_test
2026-01-01 02:15:00,4271.443931494862,330.21915600972693,39.91541116296912,18585.17405681669,43.074372036092804,2.0695655491491083,3518.5128093023272,7.179388603536593,24.115246816908144,31.338413637495407,3.0446358948055083,1800.9729376997095,A班,1,operator_test
2026-01-01 02:20:00,4318.033758205174,314.9512267214028,37.91067019248605,18373.012634510385,43.269697132421484,2.084330115500124,3777.149460418493,7.191325216673361,23.989342999869194,30.129316698080114,2.8182453309627027,1793.331491870176,A班,1,operator_test
2026-01-01 02:25:00,4315.07249750281,326.7106469652188,36.21370193900339,18644.92490424664,41.05616227093974,2.1283707650924737,3594.1629531536146,7.235023847667141,24.178002493197514,32.43480388201649,2.2857980343701203,1800.940187657624,A班,1,operator_test
2026-01-01 02:30:00,4308.622012657896,328.4806393661299,37.02943569555897,18387.948072958738,43.87554176666949,2.0013736777471585,3663.103486285678,7.180836944849725,23.829471167728528,32.85135388771408,2.780089188752488,1782.3904662815307,A班,1,operator_test
2026-01-01 02:35:00,4299.676992932079,336.86881249133427,37.89503414956444,18468.609089488193,42.556604555377604,2.2044181988261404,3705.1868616099487,7.110906824517522,24.3069825997495,32.291151220395264,2.662466118222504,1831.0962988511258,A班,1,operator_test
2026-01-01 02:40:00,4253.920013040881,307.11201548877443,38.310961203527754,18403.44742013886,43.19492205856292,1.9919835414636893,3574.962125963102,7.202694901931011,24.138038903414813,33.42208064049282,2.421179897469698,1793.4065635212305,A班,1,operator_test
2026-01-01 02:45:00,4327.14600010787,310.39947609776584,38.58981203897567,18561.805744084744,43.35817614704416,2.1135163744347145,3626.0045239046376,7.201522798436408,24.07901935848807,31.353356357618352,2.6902513816365285,1740.5527592218825,A班,1,operator_test
2026-01-01 02:50:00,4340.940280552276,300.2000381153284,41.79500212827517,18507.288968791665,43.35013642801122,2.111547704087171,3513.3281571864427,7.2782963064193105,24.13042760892492,31.838447052082973,2.5842549569504003,1743.6406452110905,A班,1,operator_test
2026-01-01 02:55:00,4301.7915420677255,310.15527212936644,38.228722645061325,18226.17916172582,42.70137137169648,2.1123255496368656,3492.624742336747,7.217091007274737,24.12893320395403,28.293973753931965,3.2035827336982265,1803.7974895497546,A班,1,operator_test
2026-01-01 03:00:00,4374.206462960077,308.6169059238607,34.3707814768727,18392.57793942107,43.808904072470234,1.744751166056529,3624.5103660362456,7.175777081617319,24.101606875270363,29.3253699603384,2.6257199404838842,1776.3670794640764,A班,1,operator_test
2026-01-01 03:05:00,4343.71439257369,338.7994403855159,40.40713028223014,18550.26147556275,41.19923476965329,1.9545172201905288,3611.2288961483923,7.288022247188883,23.981987231216536,29.43398525839187,3.25481028530483,1815.181206074974,A班,1,operator_test
2026-01-01 03:10:00,4287.134227128132,313.94667546939206,36.239013252023696,18404.87809826491,42.2904832900819,2.119533043432988,3512.581356584842,7.23488668766702,24.486092333621553,30.154211437714032,2.559118651471221,1814.22174650483,A班,1,operator_test
2026-01-01 03:15:00,4331.58130414487,319.06795184037486,36.299223221027106,18519.273029630436,43.168229607481436,2.256118092804075,3408.7624515438783,7.213986614400001,23.674241609248355,31.710459944591314,2.794514880867603,1772.9962145417774,A班,1,operator_test
2026-01-01 03:20:00,4361.155314587998,307.11043003947526,37.99336254707206,18720.73404825613,43.82801642650146,2.3021443033667874,3571.23589031678,7.137755762201177,23.76565351713508,31.68913893110427,2.945448186309278,1830.9677392364622,A班,1,operator_test
2026-01-01 03:25:00,4319.686939877781,314.272799821685,37.28455848177709,18474.794458604665,42.37405820529514,2.225136099956153,3551.402189843882,7.20384336650731,24.124862739092716,30.337935337634054,2.942094142201632,1779.1206240839508,A班,1,operator_test
2026-01-01 03:30:00,4293.635176124709,305.2041613525645,37.88770858741333,18499.379006743802,43.22338194259984,1.8264448501443813,3517.802400256283,7.151296907914901,23.905595112997883,25.99748345588454,2.5296760184494396,1834.3248157119926,A班,1,operator_test
2026-01-01 03:35:00,4345.893194210584,310.34043197998875,40.31569823533826,18229.155580011975,43.2396507706532,2.148131381448443,3526.405265111995,7.229008230073018,24.470545254083248,32.70750814428527,2.8762989446201015,1779.7614812433123,A班,1,operator_test
2026-01-01 03:40:00,4400.3799800189345,314.9758540617268,36.735142191269034,18527.322390821806,42.70224393654978,2.2586211611789584,3620.90489095749,7.228762643472648,23.74524411859658,35.0390488908942,2.5432760785624495,1786.3224413597,A班,1,operator_test
2026-01-01 03:45:00,4338.438401224991,314.68221794960317,36.495879771011225,18549.975187422537,41.87210335342131,2.271224848963341,3592.156424815512,7.164650170895906,24.226958029605836,33.167677706734914,3.3999855095780833,1832.6973597031179,A班,1,operator_test
2026-01-01 03:50:00,4381.650904575237,323.8586282381859,37.68301214722119,18524.98523452184,43.07629178169646,2.193354551055225,3585.1971693328765,7.20636212365791,24.081478255320537,32.0635317474195,2.8357095868505184,1826.522715424665,A班,1,operator_test
2026-01-01 03:55:00,4379.446627671359,333.3820894789884,39.265029087044375,18468.737567905006,43.68795978870908,1.9578649796114869,3552.1125859060694,7.2114609043827045,23.9469469007577,32.286922226416166,2.7561678102687,1821.6176916130994,A班,1,operator_test
2026-01-01 04:00:00,4386.800005766991,297.64052554854385,41.06935203317929,18623.820030151128,42.297299350538495,2.132409780249156,3493.420274159973,7.227789845572619,24.155029368184945,30.88642674826238,2.7178948993284577,1776.2152207114225,A班,1,operator_test
2026-01-01 04:05:00,4373.794347215804,310.7307279628077,35.27065722723575,18532.82536114173,42.42852462403754,2.0847369925751837,3516.234712532229,7.08362114274647,24.081634392830523,30.981719413298453,2.8023735386898525,1810.3970478194442,A班,1,operator_test
2026-01-01 04:10:00,4377.542894137577,317.0468648567042,38.58100177861488,18451.63497195728,43.85629192403022,1.7492680736183366,3579.0022415800463,7.216794274831798,23.955597014869973,28.340588916956005,2.6021900818401003,1810.2970774510206,A班,1,operator_test
2026-01-01 04:15:00,4384.0374878052135,299.6256942997587,39.61394227762478,18759.4026090363,43.72294855373223,2.207848207194748,3512.4985049488523,7.129471503034196,24.3894557644904,31.666550447389866,2.9942183071761415,1825.1632186242791,A班,1,operator_test
2026-01-01 04:20:00,4388.556528670577,302.13385511095953,38.47362316054488,18385.14667474512,42.56488179253383,2.208724353129457,3535.1888178998092,7.25164218571984,24.371259041328408,34.88989069180581,2.431964043146455,1760.3228044027958,A班,1,operator_test
2026-01-01 04:25:00,4424.403805813763,309.75673752754494,39.79320472457217,18700.880651696625,41.97402842636414,2.0426626623477246,3516.3655402942322,7.257655857405019,23.98160800680697,29.92577352699529,3.122810869160632,1862.5270295415885,A班,1,operator_test
2026-01-01 04:30:00,4316.49182126276,320.5615322680344,34.34485894178846,18569.236464235757,42.89377047561613,1.998663387010505,3602.4199355518936,7.266328013041229,23.941967984885462,30.57388149796855,2.8214153751198854,1784.6690950533343,A班,1,operator_test
2026-01-01 04:35:00,4383.9136709320765,293.92151041974773,41.70970694596515,18603.541711195212,43.680670730897695,2.098421702087214,3534.482351797362,7.190981167676849,23.675914746589132,29.424381840607147,2.650475523338479,1808.3949280927063,A班,1,operator_test
2026-01-01 04:40:00,4419.3546794061585,308.9752020556077,37.65534082771695,18427.384676203907,42.011142524331696,2.269071437378425,3718.492572890841,7.27548969989337,23.785994052998664,31.917790918775573,3.0750895655249955,1852.106833403565,A班,1,operator_test
2026-01-01 04:45:00,4358.218234174392,287.9692301010286,37.241033924327176,18578.869189243036,42.54399527910431,2.114835310214884,3588.731842374222,7.239585544040584,24.044866405207852,30.53628036519709,2.875584299467431,1808.0906816347965,A班,1,operator_test
2026-01-01 04:50:00,4383.275594306487,275.5710178734139,33.795156631771896,18434.859573325077,42.17728180933656,2.2248560861615503,3558.274868018627,7.170925862304507,23.856210241345767,28.05066615491464,2.971385850083396,1815.507255946017,A班,1,operator_test
2026-01-01 04:55:00,4407.322405503694,318.2615221337836,39.11777295400197,18486.48385790554,42.805415110531804,2.114803508073099,3691.953028492625,7.197435530895487,23.636770456634803,31.249386225955902,2.809399846754547,1792.5655752307703,A班,1,operator_test
2026-01-01 05:00:00,4391.081086098301,325.17987119496377,37.65443481517346,18594.496772909904,43.16300612429016,2.0337313758605995,3485.5347038877067,7.273397920614562,24.018711139953147,31.52128070271714,2.938030643719114,1831.6765838652273,A班,1,operator_test
2026-01-01 05:05:00,4384.4074081025265,337.9227631114049,38.0549344974789,18560.29832017568,44.08005409088181,2.1966546027176297,3647.2607648373255,7.168712776202425,23.771705921625543,32.81717508345127,2.878670707712682,1771.9348670986449,A班,1,operator_test
2026-01-01 05:10:00,4430.26757591716,294.15502599956847,41.34975901397705,18417.93599294084,42.26526289360607,2.1346733550620813,3608.007962389895,7.203310280703382,23.73107908510897,31.315886001734317,2.7880916752308122,1820.5239751574654,A班,1,operator_test
2026-01-01 05:15:00,4398.656443667457,300.079266938409,38.871835706082734,18790.813901381956,43.60756987542764,2.1136975300362377,3529.9593233570963,7.265126669820567,23.988379395341887,28.310613812969937,2.8611301567825236,1761.7911765132515,A班,1,operator_test
2026-01-01 05:20:00,4349.713714728087,323.61649680774076,35.09809688476327,18666.218083568823,43.18973219406254,2.2423170920795386,3576.8917650779304,7.313112684919081,23.96332280983035,34.61698850513528,2.6015854274865347,1788.554891071102,A班,1,operator_test
2026-01-01 05:25:00,4393.720354672209,320.0473890382948,37.066587118703545,18861.91600240422,42.37389220494382,2.096222879398768,3527.558581531283,7.208016265448291,23.813789207329897,35.78258457691565,2.542664679806588,1803.784395680202,A班,1,operator_test
2026-01-01 05:30:00,4386.483565872555,309.0558850733213,37.056369369242944,18505.79227887191,42.841774629384716,2.1482558576155215,3694.1593492599955,7.16923367840417,23.94387750389131,28.974452427973763,2.4807763708048327,1788.4417371437598,A班,1,operator_test
2026-01-01 05:35:00,4380.020041219183,309.8427556539948,41.11038820987879,18463.973535177112,43.40572505414254,1.9952444481125644,3463.269170524652,7.287063515178324,24.180181471857622,33.54669769738932,2.5062707280392296,1758.8209214572425,A班,1,operator_test
2026-01-01 05:40:00,4339.047807659445,308.0209054482026,39.32845239497444,18466.814405345624,43.328126113235854,2.1503638079379,3660.8036528201296,7.191971700270607,24.206639417762037,32.39241687057439,2.9831731483431954,1818.2831482311326,A班,1,operator_test
2026-01-01 05:45:00,4403.334129704892,311.88224993186316,40.16159456485243,18624.913633409542,42.49048063309582,2.025772564586106,3623.407588712222,7.201230179767066,24.080326706756452,29.709106147020552,3.089132753695943,1807.2851495004022,A班,1,operator_test
2026-01-01 05:50:00,4479.326405355216,291.67281986949797,35.77090645907729,18440.219627942683,43.72388037837388,2.251607550980826,3673.938702266205,7.219739888651509,24.083384829516817,34.417816031381044,2.8200050146349396,1820.5242171204625,A班,1,operator_test
2026-01-01 05:55:00,4426.721900053583,309.5818233898628,36.93664871206203,18613.658170546085,42.56531640760085,2.03720216439029,3628.414766801387,7.138685228536563,23.782267246762768,29.303105131054323,2.6366603463442013,1788.7645555052852,A班,1,operator_test
2026-01-01 06:00:00,4392.436204747193,293.8237333513449,40.12719677733989,18519.774088702816,43.32017869589323,2.106954442350292,3522.509898160758,7.12309670822292,24.071515148663057,33.77684836707765,2.5219610097646137,1826.5150061817862,A班,1,operator_test
2026-01-01 06:05:00,4446.624997396018,287.4604203725892,37.89008327641408,18737.818581630767,42.68582393036736,2.026031924013244,3544.032667412009,7.271054536068107,24.060846171386927,28.66973806834048,2.708364028379059,1819.9853915174986,A班,1,operator_test
2026-01-01 06:10:00,4395.995208629256,313.46828704958796,37.354451066431324,18682.372778979927,43.370614920166794,2.2230376200238693,3658.4469710393105,7.110756119429304,23.921507184288778,31.200612210271736,2.903427599517621,1794.233625475115,A班,1,operator_test
2026-01-01 06:15:00,4395.990118505621,306.14508025869276,38.05055002775502,18490.81201819756,43.31514298865106,1.8981156433272417,3550.940072949236,7.178288643003111,23.777786255060427,30.105619921799235,3.1689485122689223,1825.6796163481395,A班,1,operator_test
2026-01-01 06:20:00,4498.073387438764,333.02132055841446,38.793982882618245,18680.5340427801,41.998796718161806,1.835813765202781,3561.630458826747,7.2017126696395595,24.07700376487988,30.4542594728884,2.689198449494189,1812.6982504729122,A班,1,operator_test
2026-01-01 06:25:00,4416.423317643689,318.45483892078374,35.28054374683166,18657.977097218525,42.54011284026703,1.9036455341309886,3721.5081517812946,7.2412564087315126,23.600450365169024,31.02658468232509,3.032984963044844,1795.7713756238263,A班,1,operator_test
2026-01-01 06:30:00,4417.556633161356,318.8899534985156,35.93744704561025,18735.026610836223,42.05960001853249,2.1506454573965534,3576.4793432579277,7.156979997194676,23.712736331531836,30.02447772371162,2.6331297579375685,1796.4279599036865,A班,1,operator_test
2026-01-01 06:35:00,4382.406351864333,309.11618898945625,40.05774599974494,18581.05072761361,42.26578829348252,2.0043820418314957,3550.413295891032,7.256776629790916,24.59673044837881,30.01765736026705,2.995644627383798,1773.736941256606,A班,1,operator_test
2026-01-01 06:40:00,4393.2870116168415,312.89055320667336,35.50555693558827,18570.871607628884,42.414318860504174,2.0147305031487477,3511.5457324787367,7.13788590776383,24.061483193527156,28.503184125667723,2.6859113542311652,1807.8980480502814,A班,1,operator_test
2026-01-01 06:45:00,4360.997614909593,306.7634988331038,35.274268438222705,18711.429226603424,42.595312599813816,2.1885503100394503,3618.74457199058,7.1640966096326855,23.924979059228267,30.503364385981637,3.205620098123353,1840.8916335482577,A班,1,operator_test
2026-01-01 06:50:00,4460.877530532156,318.7154906195078,35.25117453177469,18700.706593272065,42.75416769130955,2.1797033404182407,3679.789200144114,7.141989483126196,23.96582633811628,28.549266911389463,2.5665712777929373,1777.4353147771892,A班,1,operator_test
2026-01-01 06:55:00,4476.218016006709,297.99852133620504,37.94462259489325,18552.574865572486,43.1139077599455,2.2141004631443186,3583.6621737124797,7.197789962093996,23.915650995625708,32.31013250376142,3.140811915539146,1761.4748897863055,A班,1,operator_test
2026-01-01 07:00:00,4425.518892933612,314.5333056070487,39.615010257290514,18345.71822320907,42.427986382429815,2.217359251700409,3627.4537720032545,7.2304879111475895,23.80076204521355,31.271902687185456,2.6945176148830194,1775.0726459411746,A班,1,operator_test
2026-01-01 07:05:00,4405.324406134957,296.6457017621071,38.33451647634091,18313.913292819645,42.69043885742407,2.156448993350454,3508.0630798943057,7.194019547383279,23.800160403509995,32.41570625499043,2.7108295554496427,1813.244448649354,A班,1,operator_test
2026-01-01 07:10:00,4435.386866140347,316.39383349320866,37.42270373827111,18512.599206710267,41.92596384421463,2.094358511738059,3520.948447428589,7.27632626596688,23.799517645792594,28.434162151424694,3.054556304556365,1787.0325005114926,A班,1,operator_test
2026-01-01 07:15:00,4429.136369976818,313.0188199802419,38.65917735052105,18670.543356497506,43.42344904574835,2.173873915631515,3498.3103555406337,7.186450854330316,24.35324957467777,29.971190743850403,3.3245094350500994,1773.656507707562,A班,1,operator_test
2026-01-01 07:20:00,4420.227356884919,309.1550091026424,34.73636223223499,18390.284772302104,42.4305555886154,2.303814652049628,3685.8917829865345,7.2432624461861534,23.832588335909694,30.196030026299546,2.5131454250018583,1787.4634820179494,A班,1,operator_test
2026-01-01 07:25:00,4438.093910876734,305.42114373549947,34.964178562957024,18552.42210279967,42.42030402997108,1.9262433169336846,3475.436497071937,7.199010387428307,23.867289012863047,27.69240254305232,3.1762600633776876,1777.2036116241975,A班,1,operator_test
2026-01-01 07:30:00,4392.891534104034,313.5179092430048,36.386690437793284,18543.074970847047,43.81497609483841,2.2231682805131148,3531.634314260706,7.184853521670662,23.88292293274794,28.304760845075766,3.0060591279055746,1836.0561423689571,A班,1,operator_test
2026-01-01 07:35:00,4458.193363827246,316.13581111923884,35.974742773250746,18685.273109135396,44.41399955360937,2.1142780672855497,3561.476524121642,7.23221639750186,23.986648458911397,32.0912612833,3.1314371762419464,1775.6459667119138,A班,1,operator_test
2026-01-01 07:40:00,4443.803591385467,319.5805118592241,37.204709955181535,18582.626561651003,42.374542012326415,2.2749423407329346,3597.2130461325573,7.206088563125087,24.056798502327602,31.103040853934345,2.7426118169925235,1767.962582230879,A班,1,operator_test
2026-01-01 07:45:00,4447.443990078559,317.84853041600815,39.30829067760168,18539.252500635124,42.884631957257476,2.0469738697697792,3529.608339848571,7.168891021199637,23.7970678768046,27.65984452299418,2.9404366093627687,1849.891406181194,A班,1,operator_test
2026-01-01 07:50:00,4436.614621902713,315.3209768588768,39.36708824055243,18740.58944490704,44.59197539306538,2.0422328487927626,3677.739593037912,7.217273765337951,23.725128489380495,28.600745636464005,2.9054068757809004,1831.0765811763388,A班,1,operator_test
2026-01-01 07:55:00,4436.070887476718,330.85751773348886,35.064531965724115,18690.170848295853,44.339221889838726,1.9521006636653402,3671.5260930011314,7.241471484625497,24.01061505275375,29.265192680141404,2.7333227505801183,1833.4311716632922,A班,1,operator_test
2026-01-01 08:00:00,4347.417416416564,321.0669149376123,37.12528902494479,18776.710431058113,43.87255012636251,2.4486108220865788,3488.810052762318,7.206826891540271,23.647991906531107,31.79884288163624,2.469836323982191,1802.6673119188633,A班,1,operator_test
2026-01-01 08:05:00,4473.742451304583,328.3173169015222,40.00567208503897,18782.25178887309,43.9924278666012,1.9123647286763008,3512.454670623995,7.123632956552849,24.252187872147886,34.07388315484452,2.0977846121966235,1860.013963979147,A班,1,operator_test
2026-01-01 08:10:00,4481.614021550067,300.36812031236923,34.5852081932883,18714.327393976706,43.25822916084291,2.1481390101718203,3605.655231367122,7.2304939295452915,23.613293140753942,33.552144469627386,2.873328406600791,1799.2169670837825,A班,1,operator_test
2026-01-01 08:15:00,4442.6030621294085,308.03090635295234,39.610342322625655,18497.68383788296,42.96657899989563,1.9394260898479048,3597.2976674797296,7.155058487935177,23.73770404671418,31.37653223868222,3.3029912027038235,1829.876435677994,A班,1,operator_test
2026-01-01 08:20:00,4396.556992031183,305.58677533012036,42.75323479783851,18549.43431848396,42.74533348013151,1.991137411762518,3534.409963802699,7.182519219672687,24.317593859110396,32.31681303371089,3.036677181713824,1874.3970411570867,A班,1,operator_test
2026-01-01 08:25:00,4453.28879179353,297.7050100587324,38.68812558323033,18702.819515554165,43.49823783491951,2.116708666342161,3647.442741526634,7.238804701041156,23.911466835571044,31.583964180954936,2.484267185401447,1818.031145880322,A班,1,operator_test
2026-01-01 08:30:00,4421.366895499124,299.97981904648,39.31434024346247,18589.48412731835,41.26411341512607,2.0416278297847876,3697.894097778604,7.195520130458036,24.077009457695212,32.13320353982773,3.0603701168104536,1822.541846468938,A班,1,operator_test
2026-01-01 08:35:00,4483.5379534486065,319.72581354262513,38.38553943455684,18484.42416505392,43.43441286119402,2.479556309423164,3574.1286344870896,7.121252274566065,24.113693415836078,26.916372073701616,2.594900975040873,1823.9819869911744,A班,1,operator_test
2026-01-01 08:40:00,4462.7627634556875,302.8394030723655,36.64619492855073,18389.84956291302,43.567928375252635,2.2710332283483234,3570.6816248721407,7.300038959726027,23.977462324763344,28.398334577519666,2.882491470866416,1745.2376486213484,A班,1,operator_test
2026-01-01 08:45:00,4498.099034626325,320.802753345485,40.67690402381133,18826.065461022117,43.50864657359299,1.8974766166136503,3701.746522647717,7.263749809879671,23.75615552511033,33.037284433327656,2.8553688189157262,1851.9588738061184,A班,1,operator_test
2026-01-01 08:50:00,4445.040123465287,314.3172159882204,39.973385334576435,18370.134701645537,40.72190365913566,2.063504322398164,3590.862836445124,7.13121171938668,24.17037986751334,31.372270620087203,2.9637671368734524,1821.834547796788,A班,1,operator_test
2026-01-01 08:55:00,4537.471668105488,307.17631300053915,37.12664891063355,18824.682784808912,42.499316450686784,2.092133830912518,3682.3544712602043,7.1567563643767516,24.023308262888953,34.09461727775307,2.545982372449219,1753.9233100303034,A班,1,operator_test
2026-01-01 09:00:00,4453.0332322976155,309.4540245064896,35.84295368525251,18625.582419207698,41.61667201026147,2.1184222367445296,3595.0365218783763,7.329325830395912,23.977667315845615,31.022623788698777,2.2240295593177564,1852.2782463935566,A班,1,operator_test
2026-01-01 09:05:00,4429.802479852778,311.8953699061046,40.76667824678163,18589.131218518014,44.03807594047222,2.0417682131098833,3591.877879464622,7.207442974085706,24.00934771222066,28.7983757613853,3.21246631219557,1898.9656301646073,A班,1,operator_test
2026-01-01 09:10:00,4431.125524579391,300.2071678036673,36.976284305898545,18574.093638954346,43.07045274586682,2.0112322807226035,3609.6824813899993,7.175045326745411,24.06798058542429,27.223348340127387,2.370651699269352,1777.4439887252336,A班,1,operator_test
2026-01-01 09:15:00,4418.470709719868,309.7684068741953,37.94898818250073,18549.026548905695,42.56478953420077,2.3289486312223318,3578.5949944078016,7.230112135035779,24.16717576177907,31.210794141821868,2.47882350117265,1769.154980787021,A班,1,operator_test
2026-01-01 09:20:00,4432.858718218208,301.41586869853705,40.811624026369685,18719.65345084752,43.42823329555913,2.0410195074469937,3694.0350690586924,7.139754182930113,23.90076316924901,28.429683476257416,2.847522429984618,1797.3390571733917,A班,1,operator_test
2026-01-01 09:25:00,4459.500496095608,319.85733283481346,34.702089279964895,18724.031048377492,43.19549526772905,2.0980865681475636,3552.273606744015,7.283445227622727,23.76864046233969,31.60152606609477,2.857436050596815,1772.6360859540505,A班,1,operator_test
2026-01-01 09:30:00,4410.136809620487,329.85933817344136,37.163708402210034,18814.087515359588,42.76414512785736,2.0224672896666203,3698.666787388904,7.216622214392014,24.627216973463053,27.98648874580808,2.7229949097568187,1787.479851643073,A班,1,operator_test
2026-01-01 09:35:00,4457.418255864109,295.1795055368926,39.09774761653658,18508.481429317126,42.79560138656148,2.130824398942451,3511.617210758775,7.055430402864635,24.165799100810162,26.888434576614507,2.928298036372907,1784.0054730851991,A班,1,operator_test
2026-01-01 09:40:00,4449.903849503196,306.63174173328423,41.01191170326907,18362.894341866293,42.42945568950803,2.0138804942825663,3567.9517314094655,7.111498817305223,23.979733607250765,29.744126234652448,2.735844922650898,1761.285438969432,A班,1,operator_test
2026-01-01 09:45:00,4437.124887454899,311.4997586739204,40.107008220886016,18515.700868431977,41.99683972913521,2.06151436540571,3565.173000299249,7.242232534507129,23.88817556187826,33.901517987099695,2.804907278259124,1809.6617684574603,A班,1,operator_test
2026-01-01 09:50:00,4393.015295366222,313.0688373612893,36.17706365022647,18441.2583676645,42.26471839512634,2.3143496864711306,3649.356179448329,7.218079077181582,24.196989591232597,27.318927585639464,2.484658024190968,1826.6989997655637,A班,1,operator_test
2026-01-01 09:55:00,4459.862933592594,317.2607023991598,36.280561245585254,18508.917639750398,42.7579325183556,2.133810938983369,3662.9023762682677,7.153009175570668,24.228851323899317,27.270845129482076,2.522749788751135,1761.5929077453611,A班,1,operator_test
2026-01-01 10:00:00,4380.374697989826,307.692583043389,36.784450508319686,18580.905635127496,42.37344621877474,2.0347529532450412,3482.968996806788,7.20862652691955,24.25132379074232,30.19757465080704,2.4675109661345442,1785.476663972683,A班,1,operator_test
2026-01-01 10:05:00,4461.861657432766,301.84334334417764,38.00780887498081,18550.921269579165,43.02298506277799,1.9811729627800518,3528.763411193789,7.288271639862713,23.92128684732697,31.668694027029886,2.8577748764082522,1761.0929886043452,A班,1,operator_test
2026-01-01 10:10:00,4386.7554908386055,324.651800161964,33.98286525860861,18457.246989957206,42.83895743217454,2.3891055295863293,3515.4866221034713,7.193424312399821,24.09114282769796,32.405450470289296,2.881950858685296,1774.0432072896847,A班,1,operator_test
2026-01-01 10:15:00,4394.992186644946,316.8918138041154,39.11400998043879,18674.170152632363,43.94815802942875,2.023164679764095,3607.5354203519287,7.196798360382626,23.991156048856258,33.07812662442651,2.4957349906107713,1768.4740324086026,A班,1,operator_test
2026-01-01 10:20:00,4353.270316396427,320.1481622006809,39.54881983479927,18676.437909535656,43.053975449897514,1.965622237987928,3513.6540541430954,7.23616432537497,23.983356408820146,32.59924897430969,2.6552726963444493,1817.5646225784365,A班,1,operator_test
2026-01-01 10:25:00,4443.06282305797,310.2902998536714,39.781026408795135,18534.92158270874,42.626804945443645,2.059026542517302,3549.5426673537595,7.24378560307843,23.928070247037393,30.556573989649213,2.2929548390401475,1814.5562272485022,A班,1,operator_test
2026-01-01 10:30:00,4453.287860300394,302.89725039347593,36.69054168127647,18456.74136736304,44.47716798603311,1.816028804741046,3645.5656745412266,7.233891171112125,23.720025657309453,33.05841826059737,2.5581263341029716,1779.5585328846569,A班,1,operator_test
2026-01-01 10:35:00,4440.315333935375,312.24324761579226,42.038987657940936,18845.991884120787,43.27413579806389,2.148532784764503,3599.214203989355,7.211007933396779,23.989069296161194,33.51076189371253,2.614138153778419,1811.3625837257648,A班,1,operator_test
2026-01-01 10:40:00,4362.163568364701,317.02613525607666,38.62964183364424,18544.670027099863,43.812081777851986,2.0594944650909928,3441.796099406703,7.178889482193179,24.159548578124543,33.79223002842357,2.8347627049480977,1820.4964151409956,A班,1,operator_test
2026-01-01 10:45:00,4411.928372421668,310.1514737565487,37.007937120529824,18582.43599808956,44.11224529836369,2.090789367756606,3617.4539857007235,7.129697539291007,24.156251277615816,30.45564978130772,2.6792644109448798,1816.0241518749415,A班,1,operator_test
2026-01-01 10:50:00,4395.813426122062,318.8278426309981,42.349058151085586,18221.57940555048,41.844024183228704,2.0631638421988385,3641.288124242992,7.24047839758447,23.96013235048976,32.89976467655688,3.4609217671346513,1792.6236256087918,A班,1,operator_test
2026-01-01 10:55:00,4389.827983648101,318.6016588279511,37.04606148349274,18655.838902201143,43.16456304690374,2.2400481942701633,3572.1849179224137,7.216492089623194,24.02065160646898,30.97003689920901,2.587980094561204,1786.6944584382786,A班,1,operator_test
2026-01-01 11:00:00,4412.236352187656,303.2201854637512,33.930522061871116,18468.09689481608,42.60065277329416,2.0128871892295437,3619.9882500567155,7.1747521405939025,24.094739885761374,33.21875472227096,2.647696358111868,1808.732536748914,A班,1,operator_test
2026-01-01 11:05:00,4412.828328939169,321.26684065916663,35.91570724289943,18617.372951530717,42.60100894535552,2.1317676512602377,3618.0052591036947,7.2238414768768395,24.140034893885428,34.75700007689461,2.9942850273660255,1822.636023782278,A班,1,operator_test
2026-01-01 11:10:00,4403.597125787071,325.83893570847823,37.3031187570834,18634.92715331437,42.4320866191655,2.1903505281248536,3637.496589856824,7.210216905634948,23.838573269877305,27.751664554238594,3.216536019558732,1813.1674503222423,A班,1,operator_test
2026-01-01 11:15:00,4401.710153745325,311.1089999892355,38.45699898995471,18818.164740530832,43.734900656329735,1.9998988490367462,3589.9592448315,7.232896294703022,23.864948127889946,31.381485339379672,2.5561986186453005,1765.4403025287043,A班,1,operator_test
2026-01-01 11:20:00,4380.2591740688185,305.3909707055915,37.78551497261972,18808.265544827336,42.98725620177092,2.131426594444189,3647.2882345982143,7.243289854508185,23.89660866780039,32.87221402885532,3.081204273896936,1838.6180246258882,A班,1,operator_test
2026-01-01 11:25:00,4437.100089103087,302.1014479180828,39.554008333959914,18645.362569019053,42.81417789473512,2.195817775018219,3669.1751818824646,7.223001860784549,24.16269353965105,33.42921572862489,3.1846745825397544,1806.9746977069447,A班,1,operator_test
2026-01-01 11:30:00,4429.526305582081,300.00735244509883,38.93544785770054,18394.93964027003,42.74749060683905,2.041335840733263,3459.4573760476296,7.2011067770055615,24.177791436159232,31.057982181413514,2.839754774620652,1777.328419330229,A班,1,operator_test
2026-01-01 11:35:00,4434.849562256657,291.8359095321415,40.12586452004888,18453.18919223218,43.16551787083136,2.0485757267980063,3742.7827833773754,7.205008389637825,24.00284732098781,31.811188394040535,2.768192667148941,1802.1879592534124,A班,1,operator_test
2026-01-01 11:40:00,4374.9758239522025,308.2859204532738,37.44916137753496,18505.16892230581,42.649105365647294,1.7860291799182841,3658.908029223401,7.11980433705679,23.96150674745501,28.7375225216625,2.5687545540001944,1827.5488907656227,A班,1,operator_test
2026-01-01 11:45:00,4405.139204565794,313.0573317280894,41.844721757610266,18592.42220613704,44.13584644768917,2.0689084920923975,3697.232566867893,7.201547290454425,23.81912812279143,31.167446735550904,2.924202912131618,1808.859267529823,A班,1,operator_test
2026-01-01 11:50:00,4448.733547707213,314.1286536294111,38.81310587349555,18755.32126015965,42.6399402328258,2.1297940712358896,3568.773954447836,7.246513917901965,24.085294452540065,31.31989432159852,2.8485601695264897,1808.0944004347368,A班,1,operator_test
2026-01-01 11:55:00,4372.837440207917,278.9245667785125,37.54864835371475,18378.75469831521,42.38552692396823,2.068751413328368,3724.5050576087956,7.2021500287703395,23.744083662908224,30.928525227669653,2.9269509981876514,1766.7229570842944,A班,1,operator_test
2026-01-01 12:00:00,4466.070173412934,290.42816200541534,35.44338170425205,18537.885788463696,43.89771229305988,2.060928997184039,3618.7331320652465,7.2674655094518865,24.038285866304193,33.37966833731077,2.6602328397301895,1820.1566848187113,A班,1,operator_test
2026-01-01 12:05:00,4373.717997592712,298.6089392698208,43.968009771045274,18525.85889730496,42.32647451396079,1.954385215361587,3586.227927890823,7.146384364001863,23.895989061911663,29.609887830142696,2.7134613432759256,1782.7904020297287,A班,1,operator_test
2026-01-01 12:10:00,4374.6685383723825,301.467810967412,33.50258724674305,18568.878301019664,42.62486937164554,2.1020950648805763,3579.6552394784753,7.160057122121185,24.041090183960762,28.417659037216858,2.8548132292251904,1794.2932280053,A班,1,operator_test
2026-01-01 12:15:00,4325.192890394177,305.0371211634027,42.9057470236247,18487.803971135116,43.928817711942685,2.0988142881390446,3540.8597932726652,7.157983170196707,23.731419696051375,31.224860092532236,2.780619543034571,1783.6550873846188,A班,1,operator_test
2026-01-01 12:20:00,4432.750229624283,318.93023139160726,37.67140975291688,18521.047078638894,41.51005186362826,2.0230785030989673,3615.4912571481564,7.185919658840338,24.135137913211317,32.53936823806564,2.898414505929538,1801.593474882744,A班,1,operator_test
2026-01-01 12:25:00,4398.479932333582,290.48933334868553,40.055032855808534,18663.400895393264,42.365380481092416,2.0903432919834017,3621.170785949666,7.198264087831084,24.209389285323326,33.647333954178336,3.106148344565684,1767.1203530448036,A班,1,operator_test
2026-01-01 12:30:00,4407.914928058384,299.55272548864355,38.27825532805894,18472.12818969904,42.92247177257023,2.0440605948703676,3586.7328786625553,7.129973384797943,23.92374966184949,31.627129652584944,2.7239403781149347,1786.4852507155701,A班,1,operator_test
2026-01-01 12:35:00,4322.391296098362,318.1468770638146,38.09025936678232,18518.520861984045,43.603663898800086,2.198392384693885,3583.6645963418277,7.22672927166516,24.11247106728632,32.0805380418501,2.4837814921110057,1835.8486898627182,A班,1,operator_test
2026-01-01 12:40:00,4401.9699974097375,321.19223221591096,34.632505893047814,18358.910896886406,42.32058414946532,2.257599538851576,3593.5610671971804,7.200283426149537,23.883716700668717,34.213775017194635,2.8088780017413493,1852.3099156108933,A班,1,operator_test
2026-01-01 12:45:00,4332.3613690852435,318.30023003402846,36.28347908616507,18512.789743864283,42.460988117180726,2.2218991432087343,3673.1137980482667,7.315248015254018,24.12609532029351,29.58118523749603,2.702751924115785,1775.6998415165274,A班,1,operator_test
2026-01-01 12:50:00,4342.549923537752,303.5981986329673,39.79749324009067,18505.16875723766,41.66884947670373,2.4615370106551913,3510.1850343673177,7.250322839118585,23.99735200835807,32.805040933753716,2.8325482396292054,1808.7584805363729,A班,1,operator_test
2026-01-01 12:55:00,4380.355664989557,335.0880383123355,36.46299664511979,18674.134805278394,43.61162976019277,2.224215310558374,3627.7477731683807,7.2069373431375325,23.861524481932538,30.862302211300438,2.7946994129888454,1821.8476981051438,A班,1,operator_test
2026-01-01 13:00:00,4357.365244698154,317.58425163215065,38.94532173219445,18630.027513453257,42.57500259766481,2.2508636755686178,3487.003933015181,7.269152755108452,23.90482512194722,29.680984482961772,2.536462135445796,1860.668677609461,A班,1,operator_test
2026-01-01 13:05:00,4369.40949709327,329.8433446562427,34.951325361821645,18607.358865628124,41.92292683764157,1.9162859261075185,3567.690488437048,7.167082128153511,23.992686301417493,29.63730995321764,3.1430653012779293,1765.4989573686817,A班,1,operator_test
2026-01-01 13:10:00,4340.204840483087,321.5607688055296,36.135739529553334,18616.0054364574,41.86509823050717,2.0797975610330646,3672.3783394957763,7.1749152361321045,24.10417187170022,31.641209038106272,2.4656432090303992,1823.5178007374093,A班,1,operator_test
2026-01-01 13:15:00,4364.312532196107,323.00319243681963,39.390193891890874,18580.863063023753,43.25654534007009,2.3020500750830775,3532.5397315561604,7.209076786405668,23.996688530699124,29.203525356305953,2.7426870659710056,1808.9972189237205,A班,1,operator_test
2026-01-01 13:20:00,4369.035437629258,302.16219606256425,41.57978490113771,18390.23081416724,42.575125964424444,2.0818436687439013,3571.259454216251,7.179252389212635,23.895210525074436,31.782431818289346,2.7571331690855594,1817.7259948119852,A班,1,operator_test
2026-01-01 13:25:00,4342.757365793928,305.01786998542394,39.90721917750086,18556.20768507761,42.666420349756294,1.9304560858525455,3703.2156094123616,7.233875070339473,23.931853264155038,34.21802841539554,2.863065517439766,1806.7109714718847,A班,1,operator_test
2026-01-01 13:30:00,4328.3473785474025,342.3116802842887,35.84607995574662,18386.650298583838,43.55469851581742,2.3322483340888773,3678.8992703581,7.221380784003085,24.156656269691236,32.44054104382577,2.375919334739196,1773.9423133652197,A班,1,operator_test
2026-01-01 13:35:00,4363.1707794546255,322.1925162425006,37.14330156415981,18772.38570752092,43.55571605757403,1.9851030311107472,3516.4670108008163,7.197123167392097,23.830600289636525,34.869964129262314,2.8346218874938764,1813.7769187747042,A班,1,operator_test
2026-01-01 13:40:00,4315.648817209623,310.6899559042788,41.22390565397897,18425.5103138897,42.30724843427762,2.133827166376685,3654.2982187858174,7.178135022497337,24.231567454283585,29.708242670312266,3.141140502217801,1780.9178313198731,A班,1,operator_test
2026-01-01 13:45:00,4331.348757427053,294.53613984948834,36.38343939352729,18461.16583422976,43.57836332550326,2.175311033163326,3660.458495846433,7.204179054317113,24.348359105413994,30.775679901935902,3.3166487025360945,1753.50760185957,A班,1,operator_test
2026-01-01 13:50:00,4330.365185625277,308.31639274775563,35.34356117184815,18644.908572381406,42.800806714884494,2.0819539594101113,3545.5900389875223,7.26108657590819,24.08841660660847,34.434892855218806,3.0030848676768853,1816.819729979526,A班,1,operator_test
2026-01-01 13:55:00,4292.055384540061,310.96535061819316,37.863530899238356,18284.99683798304,44.330525897515294,2.126423035447964,3652.9764632762403,7.209625784762244,23.888730826911285,29.972073055957217,2.3632016388137833,1736.5333926757671,A班,1,operator_test
2026-01-01 14:00:00,4357.7059606386465,319.03128475080155,35.99312799707673,18573.52215556926,44.593585593118384,2.105390222375666,3552.2489887265333,7.184631046301439,24.008349468575435,32.974057689684315,2.712128102287545,1798.03221741365,A班,1,operator_test
2026-01-01 14:05:00,4310.739554057938,304.53875782260536,40.49164535923564,18673.906993403518,42.42360731796168,2.0924148731797576,3518.732105624499,7.173830745993994,23.946142339833507,29.248318897524786,2.7686185685351834,1804.7139361867041,A班,1,operator_test
2026-01-01 14:10:00,4296.9316007180805,297.194007229973,41.10421559211397,18446.167225074492,43.171747868452435,2.1693335003484044,3536.556787080289,7.224828060834404,24.19183565212284,27.945912712429248,2.8565558033924554,1760.4142301428412,A班,1,operator_test
2026-01-01 14:15:00,4320.341407873636,300.5634977342588,40.45731729067677,18501.4888402202,43.25419535424594,1.9277058013193802,3610.7442692885056,7.262932328539399,24.034038603754485,29.093553899376367,2.5419913267458414,1729.4040615470283,A班,1,operator_test
2026-01-01 14:20:00,4300.054921742187,320.83495631524534,38.10894536195941,18319.727358349406,44.250003461141524,1.9821002138331658,3550.8371915099983,7.252860078395543,24.178252381863924,31.64571588205967,2.482348823254945,1845.6158109220462,A班,1,operator_test
2026-01-01 14:25:00,4322.73100618542,310.41896728146526,39.84739196234819,18238.72459145569,42.64422914794388,2.061225133970824,3771.952388618336,7.1821436080570855,23.998394966992922,33.319667918232504,2.4560299658987113,1828.9791866679516,A班,1,operator_test
2026-01-01 14:30:00,4292.1527143490675,316.50310398917435,38.217646283514874,18451.92584347085,42.057920447969735,2.107330263418567,3624.001787893423,7.140122221968405,24.119412297130776,29.64615918070725,3.111164390172654,1804.0767777170597,A班,1,operator_test
2026-01-01 14:35:00,4269.215621052133,305.282459283417,33.21346927609156,18237.727810546618,44.13266053193743,2.044470151536815,3535.8972318955575,7.178682284389192,24.094305769660554,29.247926105399717,2.1984349998124415,1801.8405857190446,A班,1,operator_test
2026-01-01 14:40:00,4278.522343026867,281.1982229929671,36.436661471511854,18450.667844801304,42.52869284846264,2.0631721590868297,3673.071404916328,7.179486043027749,24.435133543231622,30.89311391445038,2.851322652986218,1808.995466753485,A班,1,operator_test
2026-01-01 14:45:00,4220.924638228651,311.28019074182265,39.58258727821408,18481.635238082963,43.84086692315769,2.1723432574203154,3539.2912503508223,7.16224585798344,23.9040589323754,27.99209849164896,2.7182332178751967,1719.5132158270758,A班,1,operator_test
2026-01-01 14:50:00,4338.505413039432,307.1687879893032,36.13992748904984,18395.90564101014,44.032269375913906,2.151353824871466,3599.282420125911,7.145523457067576,24.16036338293124,29.823868579531716,2.4657752919622857,1770.0151675486456,A班,1,operator_test
2026-01-01 14:55:00,4298.156889121075,302.2501212103076,35.5612435621842,18604.29233574871,43.000725198447206,2.3096093457468094,3611.2052020815945,7.224628653041564,24.096571484306814,28.97661210313916,2.9444206834591182,1815.4384326097859,A班,1,operator_test
2026-01-01 15:00:00,4256.864442572612,327.84710188444126,38.1489374918898,18055.44071230665,41.90842253312128,2.0393930647300946,3697.489768206792,7.128927432924351,24.010001512230716,29.51861875850966,2.8226798648208304,1815.1150635579497,A班,1,operator_test
2026-01-01 15:05:00,4272.474853783208,290.61971078425734,35.7369747785241,18337.26092069977,43.19618571340411,2.033901752564521,3599.344071883974,7.184165268821573,23.989825468260978,31.470772405964826,3.2396261985837693,1816.5571917630753,A班,1,operator_test
2026-01-01 15:10:00,4263.3741616674515,328.3348541477326,39.30012023763503,18424.681647161273,43.01491277696486,2.0950774457557704,3603.3049689721834,7.270174607104372,24.095582419289673,30.383940462049008,2.958799523093895,1768.6336720081774,A班,1,operator_test
2026-01-01 15:15:00,4333.880598583369,303.00295664975084,37.13383646136996,18668.507866729797,43.565570609879316,1.9041350792332281,3667.2692365428475,7.148160668213118,24.056128362049904,31.39600998903447,3.030694991991065,1779.092273038251,A班,1,operator_test
2026-01-01 15:20:00,4247.779884863219,308.8252305721307,37.864123500740995,18572.79980326155,42.21845504298531,2.1745389038398217,3464.721591126692,7.073923077276006,23.946992398879292,30.790675078111967,2.471277610036153,1775.8922696697364,A班,1,operator_test
2026-01-01 15:25:00,4282.158228541176,310.15821696701056,38.14156410969989,18585.95095877414,42.17728590896227,2.168963257054787,3478.3861705306153,7.222552077247927,23.890011672470028,32.02961742489268,2.8881051550533785,1845.1548573231055,A班,1,operator_test
2026-01-01 15:30:00,4259.682708381475,316.54088280044004,37.63175646086085,18509.333405055695,43.425510547352566,2.0847518933240554,3629.2635103202892,7.155617514991928,24.009200306671012,35.60903868949726,3.096957826055565,1785.9960922422956,A班,1,operator_test
2026-01-01 15:35:00,4262.152744422012,294.85066868455897,38.03147927822929,18463.105819853263,43.02728887089131,2.033823119950303,3648.9056019293957,7.138244619555358,23.918312549876305,28.339916721181933,2.7466902399304494,1880.684939988331,A班,1,operator_test
2026-01-01 15:40:00,4274.345506816787,310.72235756140554,40.45355207960268,18437.11859441146,44.28807462788833,1.945431465091309,3664.2965744236276,7.210786570424996,24.367841969414663,30.548641959822696,2.894877761942647,1797.299617159347,A班,1,operator_test
2026-01-01 15:45:00,4226.630234020973,290.6585605226309,35.91813102500921,18416.566405775382,43.31704025849588,1.9927040548029988,3575.153556893805,7.182958170112691,23.934664591374393,35.618971381325764,2.6143786104207076,1802.2725037144262,A班,1,operator_test
2026-01-01 15:50:00,4255.188211076682,305.30099044256303,37.713942747473304,18471.337151510306,42.65896218490452,2.295090277717888,3640.852796154602,7.168587769395685,24.139044324255643,29.58753124706293,2.9780826595893397,1804.7283457901501,A班,1,operator_test
2026-01-01 15:55:00,4259.335897764982,295.9808096056183,38.562032278566484,18451.80666444689,42.53756544904454,2.198959034807728,3463.603694880982,7.212266940256418,23.808144793389182,29.615547399666845,2.7921760510220555,1789.1442064355583,A班,1,operator_test
2026-01-01 16:00:00,4270.22292156188,299.4180235630382,36.79279368582655,18209.753059708542,41.55400053004505,2.2291941009455,3520.051719841983,7.195606289976244,23.930880327132776,29.95603443966285,2.7119051120793753,1822.6602377326556,A班,1,operator_test
2026-01-01 16:05:00,4310.452355329706,294.4224835426247,38.45472533071408,18397.34562207827,43.25965597146175,2.003054267811437,3538.4337264852206,7.220218315851037,23.853050311512636,28.949760290237826,2.7799541783978645,1752.396899900653,A班,1,operator_test
2026-01-01 16:10:00,4218.264034242737,313.1049837492016,35.33352147868996,18405.668967005622,43.42237156162245,2.0180552094031774,3556.253823483429,7.240637156483159,24.02007957690482,30.548712999082102,2.8829436690685095,1850.5610075424133,A班,1,operator_test
2026-01-01 16:15:00,4231.738476139984,327.88041866180606,40.59333527990255,18631.678310424908,43.03274462882216,2.2068749276998862,3473.514245002838,7.153086862994294,23.98658355179936,32.45104847235491,2.385324298409405,1842.5876876698724,A班,1,operator_test
2026-01-01 16:20:00,4136.806013354132,330.01767085717427,38.80218267157564,18461.088918243157,42.25144777418867,2.1882691924674,3461.2373501716706,7.1003343686615565,24.49895072726048,31.980053842901278,3.3505689192802617,1787.419964352694,A班,1,operator_test
2026-01-01 16:25:00,4212.048219890876,316.25684429853146,37.351068497263746,18482.14865519927,43.23191359774112,2.2813796163933064,3574.0769649822228,7.234550576468759,24.05321690254291,29.53658751265669,3.2150303039557566,1782.4452484564358,A班,1,operator_test
2026-01-01 16:30:00,4228.830216313175,327.50354807341927,40.174295157371226,18470.114335577837,42.74081598050577,1.9947098460491286,3487.439214396841,7.303216460805005,24.011953596624124,29.32009519549513,3.052525592213895,1779.879860729016,A班,1,operator_test
2026-01-01 16:35:00,4175.868581838294,321.7927669925402,35.215711716843515,18203.9937299732,43.19569796122618,2.2582421852153414,3637.9666814359475,7.230913566889764,24.314926320952637,30.09349725228575,3.1602729837259815,1757.3663504087044,A班,1,operator_test
2026-01-01 16:40:00,4194.122658135024,307.7595977908085,37.93261553341767,18402.834567233698,43.73079039327022,2.093095516780403,3609.4010799869507,7.234810339472224,23.86490244493929,33.20630183763328,2.8721010201289867,1821.8235715276296,A班,1,operator_test
2026-01-01 16:45:00,4188.866845575811,322.5226399042314,40.38722893918903,18270.854262697685,43.56321947429343,2.071887604269105,3616.3469324818125,7.079287422869438,23.720593287100716,27.11335224512301,2.7416231915868066,1796.5168341481583,A班,1,operator_test
2026-01-01 16:50:00,4250.377113897785,300.5946922558698,36.981766623464914,18368.821221174527,43.018832519658346,1.9974764334890438,3527.9580571105903,7.132534841964523,24.261358003118342,32.0472391554954,2.9788597506421195,1793.0129494798578,A班,1,operator_test
2026-01-01 16:55:00,4186.960298481661,334.48616467747473,38.96998617308445,18326.900159853114,43.46028872576054,2.196395703103338,3611.5451966568253,7.26148202784157,23.87455899778875,27.845154923012363,2.6746172758243976,1771.25799795027,A班,1,operator_test
2026-01-01 17:00:00,4184.55475984314,320.9730248244023,37.80928689609082,18267.841982085567,43.11221381708249,2.186904705972164,3654.1797476773845,7.150853784919696,23.84997648862802,29.975122424287456,2.5503393446302716,1773.6176422336102,A班,1,operator_test
2026-01-01 17:05:00,4241.077122978591,324.194976940815,38.25643071528597,18360.452079690156,42.66607356201165,2.2369843229773743,3610.8189131009276,7.174799678786876,23.820918657253554,29.52886624836508,2.799057974792055,1818.327360669831,A班,1,operator_test
2026-01-01 17:10:00,4183.734286322771,321.058935841236,41.10435113863594,18536.719271396298,41.93933219401691,2.066608767914091,3561.4269541213816,7.276255974985075,24.378928166367846,30.87562109063137,3.116252629115166,1765.7575082913688,A班,1,operator_test
2026-01-01 17:15:00,4185.692847004572,321.00894190684784,38.83996966916096,18317.484343473978,43.94747971794974,2.1887116924552372,3636.0965080152555,7.182577546521886,24.205034595282477,27.575811371184557,2.81639349110162,1803.9688473695674,A班,1,operator_test
2026-01-01 17:20:00,4176.573626591928,313.4478290805896,36.34341961869661,18501.169528488525,44.73108767519832,1.9091257585074775,3552.8771816147123,7.174567143916099,24.035903516461488,32.039454060163145,2.772866747957588,1812.4584716973752,A班,1,operator_test
2026-01-01 17:25:00,4191.550354975866,297.1673332120587,37.133820933105525,18415.171954517326,42.689908258185554,2.183453165265622,3674.759050749256,7.180823485326658,24.153377829167464,32.79308035217087,3.048076207039764,1763.3788139887743,A班,1,operator_test
2026-01-01 17:30:00,4144.163076491509,295.08042587804766,41.05140408684846,18379.08439415704,43.1099681163427,1.9459611797544447,3612.249013898809,7.214646980000802,23.950071934628433,29.283047752599288,2.572599789256201,1777.9605710305825,A班,1,operator_test
2026-01-01 17:35:00,4147.448906567927,311.62403783916596,38.521156119666514,18384.341822185343,42.80016965378894,2.2674463266665064,3517.179084350456,7.187264657844681,24.09868594325468,29.86292601088101,2.6027331695733285,1832.136242474076,A班,1,operator_test
2026-01-01 17:40:00,4172.262729335654,330.5269750509725,37.74578285019659,18490.50718532128,43.38646693620511,2.1984700587985384,3719.3290454633056,7.261619245841235,23.953340885552443,31.81981365620599,2.770466793216616,1832.9039093968524,A班,1,operator_test
2026-01-01 17:45:00,4156.212081013642,309.0536714157633,39.20936757118542,18459.651303681345,43.18544113496602,2.0354093702701066,3546.4469806285038,7.282133587695314,23.79151059883598,30.786082994039766,3.0695264948775227,1825.520521521468,A班,1,operator_test
2026-01-01 17:50:00,4177.904995905341,317.56243609563273,41.515074724169935,18492.670248186758,43.72437005930019,2.2627340890605283,3613.5109844574927,7.269415799571093,23.84568449868966,31.595301042569986,2.6127422351027936,1803.553713535896,A班,1,operator_test
2026-01-01 17:55:00,4193.143987403648,307.36637957829726,38.006868628595626,18519.9218325377,42.597069029855945,2.181226600565658,3619.534284915617,7.210108340163255,23.779295499756977,30.979355631767497,3.254287806510349,1821.8690141389927,A班,1,operator_test
2026-01-01 18:00:00,4123.513445482117,319.98877293978444,36.46097226233177,18382.814990171646,43.14720750616559,2.021903888219493,3539.1020324713477,7.156080186159809,23.777231882881964,33.993399707323356,3.165973455851378,1800.7592911372278,A班,1,operator_test
2026-01-01 18:05:00,4180.3754762019735,308.8664230110251,38.686950224531735,18400.606631213395,43.96148940447422,2.1716430391082966,3760.3451340099523,7.179845041973233,24.11871395153337,33.37338356467024,2.9124759767286856,1841.898578801507,A班,1,operator_test
2026-01-01 18:10:00,4116.5707717518935,323.2148799353556,39.63675821928769,18385.022475207512,42.80128749292465,2.078808142633644,3607.182610593995,7.227562188784964,23.945846966186547,32.0792613098173,2.6513403786238006,1797.4790530633502,A班,1,operator_test
2026-01-01 18:15:00,4081.3042311583176,300.15531123320113,37.2288381631624,18229.586364745945,42.60981954557299,1.8422831998522444,3595.9809771772693,7.1521450379506355,24.065006854844302,29.034462243426233,2.1308650348437204,1843.7823196217787,A班,1,operator_test
2026-01-01 18:20:00,4082.9513240334077,293.3212517923036,37.08532883892854,18403.985634593784,43.81227909538374,2.409271721368584,3631.117597701808,7.2295664694462936,24.338941055092096,29.181283527591734,2.647741582353197,1829.6130354774773,A班,1,operator_test
2026-01-01 18:25:00,4095.6975438511654,309.0364569035364,37.939646910363344,18343.79429724531,42.867295873989605,2.15952915068963,3673.8009104512676,7.188000409055373,23.870002540974316,34.82504953134497,2.954781333985664,1727.4251509240657,A班,1,operator_test
2026-01-01 18:30:00,4093.219961085148,296.531084485518,39.237428945491814,18327.547447968944,43.422971880820846,1.9511411111794033,3631.456492692361,7.298414501911514,24.193232891424056,27.94746721982679,2.9308301209207155,1813.591156309629,A班,1,operator_test
2026-01-01 18:35:00,4127.769889032082,312.94830924295616,38.80860276700139,18171.965145958624,43.90629722655692,2.073836838062005,3602.935521947639,7.249141831964291,23.679577513897335,29.700097669424586,2.7749267952576906,1839.7387960326046,A班,1,operator_test
2026-01-01 18:40:00,4146.672291007678,306.6292216525286,36.11598461274056,18651.572477778504,42.21478939890765,2.174460135670877,3560.8640960256826,7.140138221436631,24.36632531733059,30.878878072446124,2.7146093451951083,1825.8424108936667,A班,1,operator_test
2026-01-01 18:45:00,4166.051537033712,302.2637955229859,36.513790900760476,18448.191929934186,42.68367184346503,1.9923401985678346,3599.9532991890183,7.161673410788278,23.884272151742646,34.260234804757765,2.6956581551717256,1785.0434078283286,A班,1,operator_test
2026-01-01 18:50:00,4060.1580342211246,304.3958367605123,37.32508433394171,18225.50955183926,41.58205086181112,2.237309730342696,3572.2509827440963,7.130351564891517,23.732597860862978,31.63735015425412,2.8952590768621325,1813.323201705961,A班,1,operator_test
2026-01-01 18:55:00,4130.749692156277,309.7182998019074,39.749392722995545,18246.87949902352,42.98554259025135,2.2234067513233686,3530.569455469369,7.220409839159087,23.883889015032352,32.37008585530922,3.001515551696574,1799.0408623213925,A班,1,operator_test
2026-01-01 19:00:00,4147.819472930735,304.7423732612952,44.61690918010612,18485.228744808228,44.105452203091815,2.1536788779991416,3727.254184512953,7.265379297188457,23.913150800563464,28.989451980618064,2.6266559181375473,1795.402720950566,A班,1,operator_test
2026-01-01 19:05:00,4098.316144173002,320.3744523146764,38.092198194696344,18262.512628692322,42.00732084810812,2.180461992597916,3547.4805683621835,7.32232048905659,24.04965235973695,28.901930838145837,2.6037802911257835,1843.2047481727666,A班,1,operator_test
2026-01-01 19:10:00,4142.985007397017,326.41867767153025,40.22102385544585,18376.46285661812,43.32949861958405,2.0482435658179017,3619.3745207886072,7.176081644100937,24.34783586909751,30.752503638514604,2.809105808392151,1785.5603382367544,A班,1,operator_test
2026-01-01 19:15:00,4116.846860157656,303.7710700742918,40.231853728702596,18394.378123535982,43.768932700812506,2.096241664950261,3700.449355616803,7.1633747251212645,24.186382300488805,32.803174792338716,2.8732315658799954,1787.330035821351,A班,1,operator_test
2026-01-01 19:20:00,4073.758010339418,305.8782001986289,35.0061607227068,18133.4905440594,42.77810547076931,2.023630275466264,3563.822142733371,7.237328980624529,24.003831527800482,30.592041864721686,2.8271744880297294,1845.58937140467,A班,1,operator_test
2026-01-01 19:25:00,4087.5797312668906,334.80603982345997,40.41723198036219,18361.519791763032,43.10192226063901,2.1107971626506115,3665.1580872701866,7.228048325781725,24.22075555390532,30.823617893442307,2.764761229581328,1753.361653958393,A班,1,operator_test
2026-01-01 19:30:00,4098.240514284201,310.6343844846909,38.067015258836854,18419.293834569096,42.59093610392789,1.949711630166987,3524.6381964250727,7.230338718949737,24.01145972445726,28.31751067625881,2.9065932023222096,1789.5875158881474,A班,1,operator_test
2026-01-01 19:35:00,4096.814442888768,318.4965540194787,40.97068749476102,18511.469139891004,42.230537104074806,2.0435532584405287,3584.8350318699786,7.280954860035116,23.872259991092925,28.07904179902275,3.1539627573169033,1835.0961806382993,A班,1,operator_test
2026-01-01 19:40:00,4071.0350493651317,300.9308318536437,38.297503529530466,18590.811302081664,42.77625390789581,2.0816516594560044,3608.229122174628,7.146578685706153,24.073606613478567,31.49482075670336,2.836332784906784,1785.3016821723502,A班,1,operator_test
2026-01-01 19:45:00,4005.8524916821243,283.00193940494114,38.937418720976666,18339.45450660013,41.897451157605914,2.0057497843586254,3422.4264330264186,7.263298757537223,23.861762171364553,29.21576617533375,2.4654821388820554,1806.288485944947,A班,1,operator_test
2026-01-01 19:50:00,4069.369060277312,307.4908146309687,39.306521314289604,18366.875389588622,43.637924897227265,1.8066412096532354,3678.3852452580522,7.212580911190304,24.201238792911,32.41488829661309,2.9579643831349167,1836.6348558134632,A班,1,operator_test
2026-01-01 19:55:00,4057.4651697961635,321.74209659022745,36.13833395848811,18162.57468412716,42.97264349189856,2.159366492944766,3685.827053848341,7.219223363064628,24.077634177935785,29.62884490780994,2.9758392434331444,1773.8473132457932,A班,1,operator_test
