timestamp,gas_flow,air_flow,furnace_zone1_temp,furnace_zone2_temp,furnace_zone3_temp,walking_beam_speed,slab_entry_temp,slab_discharge_temp,furnace_pressure,flue_gas_o2,slab_thickness,production_rate
2026-01-01 08:00:00,24404.82530298105,44049.67909759365,927.1531182660747,1117.5673041321445,1239.826039524079,1.2251239072679607,169.58063573389853,1160.3273114571448,5.965630849479868,3.111339519918836,220,173.51669158168923
2026-01-01 08:01:00,24555.3353260195,43943.544871072714,930.9349095920146,1122.1318820686963,1240.3956354104932,1.2033845134646288,173.08676488438866,1160.283831307868,7.159511506938564,2.960426178839176,220,167.45749445216066
2026-01-01 08:02:00,24325.351488556847,43455.88073770367,931.818424387324,1119.4596418711722,1242.413855266218,1.2062341127995104,167.60156109769633,1160.6022216661868,7.3824304121571505,2.9434242957942742,220,169.6215662034058
2026-01-01 08:03:00,24746.80136707608,43779.93089133769,933.5067714276028,1119.8183346499259,1240.2404078214206,1.1983415449259007,166.93259096386174,1160.8306248880997,8.272910292476924,3.071514358184106,220,169.56061056816665
2026-01-01 08:04:00,24682.23364087886,43665.48977769937,930.0764963131203,1125.6156422048143,1243.3735812332147,1.2157928796312945,165.6160417623836,1161.6743776006438,6.779454681757313,2.9154268945259925,220,168.60947981361892
2026-01-01 08:05:00,24596.83070784475,43950.41219075705,933.7307979303926,1122.217446325894,1242.4257936480653,1.1982081023371647,174.14131090417283,1160.8930972875155,9.706840159071435,2.930534247669342,220,169.34239556058984
2026-01-01 08:06:00,24620.56654907932,43806.45661206881,933.3084368721743,1122.4045356182862,1238.3528586669356,1.2043808012626436,166.31970864836748,1160.7624295336705,9.150604951348381,2.9745493421495186,220,169.57261928516803
2026-01-01 08:07:00,24720.448106233285,43683.06306657833,937.1195237996669,1122.4471278891815,1240.2236477232898,1.1889827808995577,172.13602892171778,1161.4258351104065,6.913971660856199,2.908481377575171,220,170.29574317774276
2026-01-01 08:08:00,24677.69687189581,43896.534618785605,933.2476578936344,1124.1486033355827,1242.9090124784655,1.1729823483324975,164.684139372203,1161.8111520809894,6.092435483615308,3.1145275082675394,220,169.78652811791912
2026-01-01 08:09:00,24708.35380214124,44067.27164320528,933.096197077237,1122.3124116087743,1240.097697580647,1.2218392215414358,161.1447095077738,1159.6326560231273,6.330439937176498,3.0762609700209818,220,172.0285179768726
2026-01-01 08:10:00,24847.31408828546,44452.84153637655,936.8967429926254,1124.2512246270119,1243.245726991906,1.2099273691413202,167.41332893915995,1162.6713950797525,8.239457019634667,2.8255658742341456,220,174.9307754014193
2026-01-01 08:11:00,24847.88797806179,44203.39754196775,934.761396281509,1126.7167257945089,1244.855293971395,1.208441505399356,170.59113148106056,1163.3729123085013,6.69571360711405,2.827958607736498,220,171.45234281269822
2026-01-01 08:12:00,24803.39791086806,44085.43614489394,934.4574759233452,1124.3068002897883,1242.6281267517104,1.190137716677321,173.98265106264392,1161.8549549099268,7.641709061649181,2.947635239097516,220,170.7655780879984
2026-01-01 08:13:00,24825.53689291684,44190.945545738985,939.4352712557909,1120.5930130208937,1245.38990396933,1.183225762815931,172.83354947479205,1162.5942067601322,8.494529847102525,3.0396547964915364,220,168.00129052750276
2026-01-01 08:14:00,24879.51439820498,44327.051644179075,939.0406401671769,1124.4411580963358,1245.5111793330425,1.1970150089967386,170.9414717661033,1161.3931294732483,8.324272578416075,3.0543476123699023,220,168.89053953838115
2026-01-01 08:15:00,24810.62101805445,43883.75343940119,932.5171252515759,1127.6849254111305,1243.6865114359894,1.2005354412427187,159.71327265166207,1162.9539480214864,8.66835190264096,3.112628735351868,220,166.59381132487584
2026-01-01 08:16:00,24859.619561277374,44450.11683818101,937.4531488178615,1128.7856872225761,1243.9654861306751,1.2065158562965874,171.5806147574639,1161.581240095493,6.646049804478341,3.0226224978777894,220,170.94899279066968
2026-01-01 08:17:00,24997.274206368555,45020.826392711235,937.628923909046,1127.6633259581886,1244.5305563185298,1.1994877691708297,163.76282423246582,1162.7606546359002,8.592826558397125,2.9142881501280864,220,167.03161465928983
2026-01-01 08:18:00,24938.865213003737,44586.58817501171,941.677991034079,1130.1802823790724,1245.167805935333,1.212054196624427,166.8782712833307,1163.3039405982697,8.625849180336985,3.0334305638477974,220,171.34853182807475
2026-01-01 08:19:00,24812.239012764996,43818.218009756325,943.8728313897454,1125.6323061809203,1242.4045542675906,1.2028173339735233,176.79610521997523,1162.0903587674052,8.884741633222603,2.90718939719617,220,168.4808059289191
2026-01-01 08:20:00,24942.130965961354,44419.675163120635,945.576150702781,1130.6520198627522,1244.7620769714295,1.2024466466578265,173.66645210107723,1161.9165749859346,8.761975508605783,2.9329185944406824,220,170.70885988859396
2026-01-01 08:21:00,25100.001283828147,44254.251525977474,943.3978905496089,1128.8930646585095,1242.7066353672844,1.2108877957906061,165.3679693878035,1162.824789086746,6.662193779426152,2.8712699333768925,220,171.0337929345194
2026-01-01 08:22:00,25014.684199079667,44087.12702668096,940.3125390199048,1130.201015120271,1244.934156954777,1.1927788176538487,168.2954397083348,1162.7515577856714,5.496181619083573,2.9276713938987813,220,166.2288629893683
2026-01-01 08:23:00,25045.592327926348,44739.37465701219,940.7538536982005,1123.4999696223165,1245.3562866510997,1.2031965165149268,172.82173076084473,1163.1368206001814,8.303308228358352,2.9499147289914625,220,168.40955406692328
2026-01-01 08:24:00,25160.855424021516,44804.95843479997,941.6153839621234,1131.3734779963372,1243.190908985238,1.1938956893635668,169.099099186979,1162.504915655731,9.534873531116869,2.9538956970562285,220,170.7144443553547
2026-01-01 08:25:00,25322.6780175211,44909.46042504881,944.996459798714,1130.4179795860005,1244.2514500765258,1.1927113327260557,168.8281491305614,1164.8293538624043,7.168155323110122,3.1415740556743232,220,170.9558453517073
2026-01-01 08:26:00,25037.50967697356,44065.779925603856,947.0373367490007,1134.1279379740834,1245.777291285146,1.2143550700223125,165.21476568141085,1163.6182523410096,7.157484645991961,3.0076970490406265,220,171.59722852432398
2026-01-01 08:27:00,25303.70570353585,44736.05246372633,941.1516054894056,1131.0424482557514,1249.8405070612816,1.210205030065403,171.83832762476544,1164.4707744330303,8.113491674767962,3.0278154429705544,220,169.31554529617523
2026-01-01 08:28:00,25012.59266635371,44561.34200903511,946.67773489991,1129.06956983459,1244.7432657566515,1.2046999345543383,172.37089537001083,1162.5441229242883,9.021595072767616,3.0124870705533477,220,169.81449825562007
2026-01-01 08:29:00,25198.8937665137,44861.68539982661,947.778321171462,1129.7550372041517,1247.2313254852697,1.2123508802981415,166.5197473611367,1163.7219505778935,8.674349328788132,3.126692397886462,220,173.5692625361406
2026-01-01 08:30:00,25054.66878849011,44762.838465496476,947.0088863781658,1132.5131671051952,1245.9229699170291,1.2031212879734627,161.61406902815708,1166.0420464787487,6.758584955825456,2.9238803077669235,220,170.3985361012967
2026-01-01 08:31:00,25373.702013618786,45530.80436493015,953.2944668306784,1132.65287749945,1246.917126467084,1.2127963506530188,176.9170845995954,1163.7074413587566,7.506727235231043,3.060012557025281,220,171.64461643120273
2026-01-01 08:32:00,25327.4970282877,45001.52314500083,948.3280185705787,1131.0991209252109,1249.1713775529304,1.1910489569762372,166.91406955993088,1165.004797316523,7.378581061442516,2.931601534508375,220,169.47357927391684
2026-01-01 08:33:00,25379.222303925922,45287.56781843872,947.7482406185178,1130.5561151773202,1248.3707067429807,1.1979789811121626,171.37954796060248,1166.944287638099,8.515813874602605,2.9889038136467976,220,166.99075090634676
2026-01-01 08:34:00,25151.059907780447,44735.815008463775,949.3200120781265,1136.0434209648847,1248.7524298062146,1.203218493688781,166.30940058123417,1164.9869855858674,8.698072828413359,3.03960448332183,220,170.9328794006311
2026-01-01 08:35:00,25353.443008700953,45009.95904302803,947.4160678115923,1132.8476193550675,1249.0529851250747,1.1894816992031925,166.7509368215947,1166.626059310503,7.0613181005730725,2.891979357131898,220,171.09099581757405
2026-01-01 08:36:00,25222.320162051677,44836.980109486816,946.700854221633,1133.4957418051827,1249.3864312569056,1.1927970827880994,173.54203856458918,1164.3570588504776,7.134151167613468,2.9690753663479956,220,171.8860706849196
2026-01-01 08:37:00,25242.342207960344,45161.94990079018,950.1279941755528,1132.8679719543181,1245.4813486796406,1.187175682959971,168.4643853872868,1164.9047397079003,8.232221403611026,3.0004549621905134,220,168.20145270001746
2026-01-01 08:38:00,25369.949984223353,44911.690419136845,951.9642031744195,1137.0272548427977,1249.5004020636723,1.2061506363612746,172.80868821417548,1165.4516053825464,7.726916313698738,3.040360447266242,220,168.5867199496108
2026-01-01 08:39:00,25425.60888506071,45531.43299300475,949.5492520657192,1136.7510916577028,1248.9883896776523,1.1948765724476669,172.90454959677936,1165.0985241304638,7.176137106240313,2.9820750096577044,220,165.6785317988428
2026-01-01 08:40:00,25355.46066011982,45487.268903276774,952.2213938165207,1132.7602495843878,1249.9038648259211,1.202122511057935,167.68834490004596,1166.107662433159,7.493857722420152,3.225600182686039,220,171.12156593019003
2026-01-01 08:41:00,25265.38056609106,44980.95329700936,949.9576865560664,1134.9273149007865,1250.7508475736804,1.2046455863966126,170.91215782513416,1164.1146032579773,8.549185721673531,3.1505578020696414,220,171.62663905729872
2026-01-01 08:42:00,25250.722589186404,45007.46658842729,954.2995569373993,1133.506647993682,1250.3052313337325,1.1979084516864789,172.830415068532,1164.9527415008736,7.594203843812008,2.823819461806963,220,168.65614472833002
2026-01-01 08:43:00,25531.485082361498,45107.21161292732,951.7819694971855,1139.3232976490244,1250.899594088615,1.1996998784631299,174.70092718782544,1167.4432769751986,7.8260366881781,3.0094321092243055,220,169.1184228847729
2026-01-01 08:44:00,25437.044710600923,45844.46787697874,952.724529605672,1136.758109854199,1248.2857979206083,1.2008310661700088,168.68472474729796,1166.3750341226812,7.172302663240791,3.0443151670690383,220,169.5698758651145
2026-01-01 08:45:00,25458.993832702035,45551.94158998631,953.4794687663187,1135.5611895150757,1250.8903693456657,1.2036761145437493,169.79367837864618,1166.8613443197733,8.541879776235362,3.027364319536617,220,173.18063593539117
2026-01-01 08:46:00,25640.745523688867,45681.87323938,949.5217759422026,1135.6896954075844,1250.2270507644953,1.2127296640996292,166.01251196165848,1168.1730653882566,7.4290494425063525,3.111245839253581,220,171.8139730789812
2026-01-01 08:47:00,25286.16376933776,45023.15653423359,952.12787259922,1137.6889953304328,1250.4300760638137,1.1886309372325201,172.8813539047586,1164.8621473038525,8.210822717443884,2.7711428434893866,220,172.28008218062376
2026-01-01 08:48:00,25695.777926601528,45846.71795780462,956.4266276412225,1136.3373592841672,1252.6753880322337,1.2003679391940245,170.16911240273268,1163.7369981699046,8.117881278828198,2.914034134992681,220,169.70562550843144
2026-01-01 08:49:00,25770.558967539808,45715.29833778922,953.0591096216231,1140.1361974121087,1250.154004270254,1.1876493963607617,164.45372435432915,1168.604462660787,7.559648285467906,3.1233899361747937,220,169.11066953383633
2026-01-01 08:50:00,25589.694606756042,45617.63922345551,956.0188595772395,1135.41253355616,1250.0453281632904,1.2137701786892765,168.379497557061,1165.5743483770248,7.113140944709712,3.0971954557169687,220,172.20204564259723
2026-01-01 08:51:00,25496.998271730277,45162.99845938208,955.1961903000519,1135.0021894137,1249.2294591917505,1.181427841154497,169.3196378674641,1167.132744194501,7.871237695861727,3.1828381640993815,220,166.6840493736966
2026-01-01 08:52:00,25319.570768514182,45188.19267022664,949.9736325437717,1140.4914460700352,1250.9072817070362,1.2011253902118626,167.4320767711767,1165.5327031584782,7.641199695605355,3.1323884092932026,220,171.02516636471918
2026-01-01 08:53:00,25519.273769564268,45261.53612496082,955.2315194043452,1137.010406500507,1253.1038328286159,1.1953744048801123,166.91411625543452,1164.7081129888024,8.961787774049723,2.8973014242846515,220,167.40086549589762
2026-01-01 08:54:00,25346.740092664248,45332.121763834715,951.8143884811957,1140.8850915702587,1249.1394382766032,1.1938178599265235,163.27087872532755,1167.2889965264567,7.101470758412848,3.082791526528008,220,171.57002815548546
2026-01-01 08:55:00,25396.414339895236,45176.72892852268,954.6740133306713,1139.9808200327893,1252.1574208103625,1.2065196622825007,170.18127286040664,1167.9331703708635,8.707064136597307,2.977378259594484,220,171.01537902012282
2026-01-01 08:56:00,25362.532101139484,45209.806199513485,953.467244834298,1135.6727155274298,1248.1170279292312,1.2047138158592734,168.10205575299602,1166.7429984108835,9.158383658843588,3.016700106984074,220,168.2219398948203
2026-01-01 08:57:00,25429.039097111945,45974.30273930162,954.4750931729503,1137.329729942874,1251.012420045684,1.1900453707398781,173.4499513560044,1165.1264069770327,8.609748864957803,3.0044833879507653,220,170.43639239410285
2026-01-01 08:58:00,25546.370100180186,45665.55473125859,954.4090860003776,1138.799159913135,1252.831701109021,1.2040385207282234,169.38545983528297,1168.0686350535564,8.697542012462229,2.962664444634111,220,167.73125700345292
2026-01-01 08:59:00,25321.180561030626,45135.97349882779,955.1415340788164,1138.4033153504195,1251.4912536394615,1.2023068121797973,173.14245759356177,1169.7552746450567,7.702925077112991,2.959724004728293,220,167.90039948390674
2026-01-01 09:00:00,25264.884080058277,44982.14691725776,953.8509503831108,1139.5854479892907,1250.6156047439736,1.192122054181924,165.04691531161944,1166.2197892831016,8.41025393977296,3.061998804346577,220,169.20842736453469
2026-01-01 09:01:00,25257.29574558894,44708.58751881693,952.1229792728849,1137.8819587123312,1251.9817661991374,1.185103105476048,171.31077678330809,1168.804659971883,8.41992317822683,2.956454856396544,220,168.472597887246
2026-01-01 09:02:00,25255.216085703225,45214.497705816335,952.8682961751102,1139.0560542526603,1254.1290958370628,1.2072595667609147,172.70662021975883,1168.4071156456687,6.354195689783028,3.017253799303552,220,171.97111748450732
2026-01-01 09:03:00,25192.682080093884,45227.53550631241,956.76985451395,1141.339501255239,1254.9904711039587,1.20630812011226,172.7715053524163,1166.3677308657598,7.641621514716817,3.0388124624329578,220,174.1675250858029
2026-01-01 09:04:00,25247.119712884964,44955.31831793371,958.4213955468151,1142.1045935001496,1255.123804489801,1.2045561517018868,168.71880534893063,1169.314007110944,6.760613286561906,2.9573377626530695,220,170.00135368015393
2026-01-01 09:05:00,25503.380027435232,45798.43681555599,955.4584290054759,1137.9524597771192,1253.9775918598589,1.1942520389560802,166.2918028747029,1168.5728174577882,6.108160907363275,2.977170162349078,220,169.98379521165378
2026-01-01 09:06:00,25267.77339495541,44949.68997822011,956.6845897558954,1139.1539156876004,1253.5894161236001,1.2113773387396938,176.47713963169727,1168.3297596268687,7.950161117335673,3.092083382407163,220,171.482585717187
2026-01-01 09:07:00,25359.880726783256,44715.0546496837,956.9462405738517,1139.4410853034055,1254.6173793753292,1.233335274778279,169.0613933030434,1169.8284511412585,8.412932617828359,2.864008286753972,220,169.3507301995939
2026-01-01 09:08:00,25172.34040821242,44649.98873728169,952.239255942289,1137.0632032470298,1251.4897953461868,1.2010010368393933,165.08906980740127,1168.6625844820699,7.311611608515876,2.946187126308807,220,170.8889001714036
2026-01-01 09:09:00,25327.357750546355,44829.018636833556,951.1898159135186,1141.6985670977404,1251.851909359864,1.2046416650031304,169.0085930563408,1169.9859427547108,8.494960953344403,2.8929181653404945,220,166.22337880767475
2026-01-01 09:10:00,25086.039857662818,44587.26134096759,954.7826861355459,1141.0030614559853,1255.320008781627,1.1913447221794242,171.16599229089059,1171.4012649453825,8.5503596338719,3.017362864245026,220,168.59439684904459
2026-01-01 09:11:00,25198.329265036387,45003.5014863692,951.0365498007308,1140.9588725203994,1254.7396222589227,1.1914295937874544,167.02443958553556,1169.0711660684408,8.077703929068138,3.2163083939824073,220,166.89605797175867
2026-01-01 09:12:00,25539.29440773793,45236.99038859631,954.198105534529,1139.7293392127033,1254.8359252523924,1.2167022265535918,171.50624873572826,1169.3680678573176,7.488733192873125,2.901695732747421,220,166.15560094893837
2026-01-01 09:13:00,25184.698176828868,44809.50392823917,951.6945062029718,1141.7157083840286,1253.9196599950244,1.2217895077858556,173.44862030153476,1168.4262725236574,8.658043931398002,3.0981380471055098,220,171.87784474706726
2026-01-01 09:14:00,25374.303740969364,45214.10516157111,953.296784095246,1141.9183445643923,1252.4085568258472,1.1969105297520175,169.70730497990428,1170.601179357,9.750099665910735,3.113630323541081,220,169.3714491424143
2026-01-01 09:15:00,25279.12509326159,44820.91588793055,952.9224736203416,1142.319368361804,1252.0805127749284,1.1928668704345675,173.91504065870592,1167.903729884498,5.93976537992195,2.828968024818437,220,173.1117291695369
2026-01-01 09:16:00,25190.145627491835,44620.22263431906,955.3309866271236,1139.658262594503,1255.1578242841344,1.1902260140675314,169.4261748803811,1168.6837660115555,8.719171613768172,2.892628326793537,220,172.98416807763184
2026-01-01 09:17:00,25113.62357622967,44723.17384031237,952.8488793412185,1140.6876143668624,1255.4205361402715,1.1932880187342014,168.02512604638218,1169.2003680780194,6.836093618776938,2.9983076140379232,220,169.84643546001809
2026-01-01 09:18:00,25329.07953077518,45295.13027972731,951.6865484265703,1139.1930559444447,1252.156568157813,1.1998265185072303,176.20793067296717,1169.137646970424,8.838018883088031,2.920995971052434,220,169.13939121660619
2026-01-01 09:19:00,25135.554830471192,44596.51286050475,953.9047589123101,1139.2978461727764,1252.764414205284,1.1869568093387142,172.41241946138703,1168.6616465207596,8.987696456450488,3.0222516722738972,220,168.4617764208019
2026-01-01 09:20:00,25321.75406516172,44892.38824387656,959.5531152010902,1141.871105230281,1253.7511669042701,1.1922608838996755,170.3422427814196,1170.3046454483335,7.589962902512893,3.109297753342549,220,165.0903081523022
2026-01-01 09:21:00,25033.24366240875,44525.27291755376,954.4025073026417,1139.9714330987463,1255.2446879254849,1.2086303450587237,162.74502904344473,1169.1670066929519,7.564037691547647,3.0563609262549876,220,168.90259397827103
2026-01-01 09:22:00,25106.94795303969,44759.9550229635,949.3120400152727,1139.503749858682,1253.4445423118932,1.197583328933286,164.41154324745904,1167.3733226969873,7.978280487572384,2.9842577243971546,220,169.42199359165366
2026-01-01 09:23:00,25135.94224639328,44611.653153650026,953.1563034538038,1140.9561300002974,1252.695015803273,1.191482654809409,163.26743043986946,1170.7315384579883,8.11832318251317,3.045387992878428,220,168.62305591036332
2026-01-01 09:24:00,25104.374883398275,44605.591827023934,957.8746301806891,1141.0107232314272,1255.4693703725013,1.1875745549657626,169.73738541136146,1171.345322188073,7.79698143378826,3.0281454728943333,220,168.02601762980498
2026-01-01 09:25:00,24890.568748271697,44249.70792011576,952.8165930850497,1138.0926048669864,1254.8914152515858,1.2097938486737694,169.78655427989136,1169.0976131095103,9.138112725169657,2.8986150744796593,220,169.79388652240755
2026-01-01 09:26:00,24937.500763926026,44128.16137713512,954.7727729083025,1138.2187447877334,1252.9582576793496,1.188795527686147,171.55271835841114,1171.0525523710567,6.431338512040488,2.9518352682518625,220,169.22670078424633
2026-01-01 09:27:00,24971.78666587547,44407.17135906526,954.1522103385767,1140.8432313043695,1253.010118321496,1.197755158308544,174.02425137629155,1169.1978126116755,7.496991040457545,3.037426320914382,220,170.23757230775593
2026-01-01 09:28:00,24870.547940986824,44135.1638622753,954.0168395763899,1140.3668212331097,1255.658994619061,1.2090886899357842,163.82589500858754,1168.7716762669907,8.65060851071526,2.994521471003228,220,167.99076818050077
2026-01-01 09:29:00,25031.54930478537,44936.17116166597,953.4375206283911,1138.7831965348635,1252.0629730227183,1.2045133306646438,164.54246003480125,1168.8756040257133,7.712367611396833,3.025797777752493,220,173.7234731200753
2026-01-01 09:30:00,24997.721548001937,44371.78697100397,951.5849769141472,1141.4734271491548,1253.5306035156998,1.2020511967437995,166.2540556104849,1171.4644242871082,7.7512615587467,3.07120663139056,220,171.04453821788232
2026-01-01 09:31:00,24668.82857797441,44020.2215093022,950.3228760048008,1138.754542583044,1254.6248926756168,1.2021466872141284,171.72032418614566,1171.2220834323723,7.697927102782902,2.8064710058733042,220,169.639193010268
2026-01-01 09:32:00,24663.218512293948,43991.613473787256,949.7945122567693,1134.952886278803,1254.1739128077088,1.1897534719342158,171.05331260782316,1170.5747174803148,8.951239660429058,3.1185365000612064,220,168.39565798524393
2026-01-01 09:33:00,24701.903130584782,43701.05986346797,950.2407186029789,1137.0784989624103,1255.2932539512035,1.1920115711436996,165.76201361443074,1168.8904085543727,8.694180920239763,2.8473843379882395,220,168.02474635988997
2026-01-01 09:34:00,24845.29592161967,43924.878815533804,950.4914718014306,1135.567349118817,1251.2998150885173,1.1945486281775657,167.10143587024726,1170.7219934742068,6.673929480478336,3.000932144802684,220,171.53565435664922
2026-01-01 09:35:00,25050.453029835564,44482.88984185429,946.7121545401841,1140.6466005993154,1253.8553687771825,1.1706540103852203,171.41280272800395,1168.8542903359128,6.861754181989614,3.012247775130136,220,169.1399581392176
2026-01-01 09:36:00,24735.57200504544,44188.33595709024,948.3177598991001,1139.1963731679848,1254.238746806475,1.1950298967613073,170.17052601624587,1170.5813409574798,7.585153860289076,2.9882951188250337,220,170.0574082652681
2026-01-01 09:37:00,24786.27184251682,43981.98644476435,948.4020261752885,1138.2460352723115,1254.2408896844229,1.1981745066582685,173.9444566274134,1169.4236480814013,7.861915664676251,3.015017998208483,220,170.78387290392476
2026-01-01 09:38:00,24603.137764431496,43636.10816216154,948.2928653527995,1133.188298348625,1254.554814246202,1.1983407873442082,166.66023554568287,1169.410549132321,8.906558176053732,2.954964558875852,220,168.87248499612087
2026-01-01 09:39:00,24579.408652852806,43055.29442453979,947.041524901962,1134.6760986631436,1251.8835660818997,1.1979430207573023,169.34798035172818,1169.4657634827356,7.882838787654531,2.9415029374352506,220,170.4687148969694
2026-01-01 09:40:00,24444.30214280228,43415.61648005921,948.8474396946193,1137.128579698431,1255.7415006824262,1.2011971081254884,165.94678436526894,1167.9216958630768,9.321636742279301,2.9915551103803,220,166.24172090234228
2026-01-01 09:41:00,24649.753672911935,43951.5564698212,946.5906225801948,1133.6615518339247,1254.190277091291,1.201852265075975,174.47646747455963,1168.2429422795087,9.865219478876877,3.013706133461679,220,168.03182378868686
2026-01-01 09:42:00,24740.6740091926,44145.12467059705,945.6021713610883,1138.8899851592641,1254.2811213877549,1.2154178229215933,173.98008949233125,1169.8498968325684,7.132169835993342,2.9447843971345153,220,166.09614285784238
2026-01-01 09:43:00,24557.94545281897,43816.14904907566,943.4245034258167,1136.5775383016514,1252.501398621997,1.200725739682656,171.83689209904057,1168.9244148960124,8.171708905220035,3.0253205590407957,220,169.13665813853842
2026-01-01 09:44:00,24741.98155697477,43962.04449531808,943.8795907842443,1136.2669827526472,1253.5599242612743,1.2076744078462103,173.78224661375285,1170.817883847623,9.032794494410862,2.9304603082635983,220,169.10402478604473
2026-01-01 09:45:00,24571.741422778316,43683.181853537346,945.4210284355848,1136.1889659921972,1255.20219981384,1.1932937522902398,175.39527288667531,1171.164784277652,8.236845142851351,2.9525481446917654,220,173.45792803276422
2026-01-01 09:46:00,24517.17947731099,43840.32577059062,944.719088222532,1134.1709855302227,1253.097082752917,1.2024561173491402,175.70960620226035,1168.4222608707262,8.348461359594616,2.980189452289568,220,168.38132709895183
2026-01-01 09:47:00,24557.150938676095,43679.15805856185,939.9140491833518,1133.7334972322906,1253.3218946371896,1.202115752845993,176.68449422787782,1168.463999205758,7.5478930211156,3.035103145099996,220,170.23269544674585
2026-01-01 09:48:00,24527.101531001714,43105.510325599644,945.3428614221456,1131.7641583615596,1253.4086323328945,1.1969733367413022,167.082777806568,1169.7888691220203,7.453860803114147,2.9744289612436474,220,170.77215916015814
2026-01-01 09:49:00,24579.915884807873,43997.052598379094,941.5841812917256,1135.3433174314907,1250.3843921186149,1.1822495684584347,166.76901171321023,1171.8879807811147,8.211193489655267,3.03057171646462,220,172.72370688111536
2026-01-01 09:50:00,24319.557520780025,43030.16907624132,940.6733309957041,1135.837148357171,1252.471324453109,1.1858771456255226,175.07321257654343,1169.136371604397,9.002949041629817,3.1281565557959707,220,170.84326641948192
2026-01-01 09:51:00,24114.911884634603,43254.61248499512,944.1873080191509,1134.2711696364956,1253.6616621928,1.203738734009582,168.27223407829814,1170.4002138095202,6.957032904459469,2.9610175035575668,220,171.41952532311126
2026-01-01 09:52:00,24377.028739280693,43797.7064283642,943.7585177788741,1133.8966567116356,1251.7771201362489,1.1987653990053444,162.9323467770064,1168.2255568875528,7.865768037044788,3.10324316107607,220,173.50837780603396
2026-01-01 09:53:00,24263.75774796234,43372.474313458944,939.476445668243,1132.290606553829,1252.3303500417471,1.1968368497790836,168.16026017954073,1168.9421749738663,9.809988884501436,2.8932763836736552,220,166.58903086591127
2026-01-01 09:54:00,24307.937988843674,43485.117388394916,939.6492990985337,1134.3750720538358,1252.2240512523026,1.1925419453319368,174.04019160843592,1170.30465642831,7.814601681852719,3.050801447869097,220,168.7731354066711
2026-01-01 09:55:00,24485.11905417046,44029.38360434519,937.367827257874,1128.6677770898798,1249.7787679797354,1.2002015904629926,168.12386761174164,1169.5468642504452,8.177424221976098,2.983567436412839,220,169.1725148283357
2026-01-01 09:56:00,24127.451456829807,42682.35375978867,940.8942189712603,1131.0527076677733,1253.2266411826079,1.205016926952281,173.02378534282175,1170.2556318990655,8.810806626647704,3.1677115547957504,220,169.79144082249837
2026-01-01 09:57:00,24326.16535275377,43361.498769002304,940.5197009731988,1131.6300205046318,1249.8566353285382,1.2178547984343917,171.19926239707348,1169.8448905765651,8.584470196511594,2.9582547703498645,220,168.65868381784324
2026-01-01 09:58:00,24322.72072675508,43351.81876609585,937.2723631412305,1131.609505784657,1252.3852956760288,1.1992256571227726,164.62538808161088,1169.6692508270494,7.855144253220198,2.932312448652058,220,172.0539047139581
2026-01-01 09:59:00,24239.58344374873,42914.352210395526,940.3683806386573,1132.7364531356645,1251.410606507928,1.1976393450016745,171.78696438219455,1169.608509318633,7.794008525382335,3.0831602465639265,220,168.68436372885256
2026-01-01 10:00:00,24293.867629275315,43725.91936997005,938.852901083483,1131.5846311331577,1250.9551850551602,1.2021125874052636,170.029186956589,1170.9733583490265,9.537791528324599,3.0317716636639958,220,168.61904059246572
2026-01-01 10:01:00,24080.28913393197,42723.54824622334,936.1950608655968,1131.9439960012478,1251.41912084557,1.211027011502332,167.8015578688027,1169.4925110550405,7.068316889937945,3.0049144673277146,220,170.83899701312825
2026-01-01 10:02:00,24029.472868057677,42596.96259199152,937.30874520361,1133.7831743330078,1252.2978060961573,1.222428103134061,164.28444562321147,1170.372383963221,6.659225038727554,2.805566511881959,220,168.43910500157435
2026-01-01 10:03:00,24212.229654917533,43162.02020542708,931.9760003772399,1133.6894999803026,1252.232120983679,1.205037863397494,176.3741348365989,1169.196459461143,9.126704698076693,3.0303233938376555,220,167.82122655881923
2026-01-01 10:04:00,24150.642171628213,43235.61128909516,934.1765280318928,1131.889427637241,1250.207425661107,1.1851406478832427,166.351928201787,1169.5033670311366,9.276794925098276,2.9900256629361244,220,167.30906025478734
2026-01-01 10:05:00,24208.0829530864,42946.13648856286,934.6195389896384,1132.735733956664,1250.443659862156,1.199744014822581,161.8571043868025,1168.2854056735753,7.050919496190533,3.005345953776037,220,169.64092230174407
2026-01-01 10:06:00,24044.140557088816,42654.67404156998,933.507153813424,1133.337689540311,1249.235095542144,1.188189133124138,173.3170910577532,1167.2047396061528,8.898421922593371,2.936087290771694,220,171.9345969657209
2026-01-01 10:07:00,24191.33796286738,43181.56776061039,937.0376724690684,1130.2548345446262,1248.1623957298373,1.1899150140342218,168.20808334943837,1168.8199960883244,8.385251836487704,3.1027615975123397,220,171.48914271245786
2026-01-01 10:08:00,23940.940851302337,42272.727235436745,932.9669496379032,1126.3488474528065,1251.6080349246092,1.2175735555291398,174.71960952795814,1169.2813751115452,7.913544835065093,2.997095224033615,220,170.796831383368
2026-01-01 10:09:00,23826.28537855591,42225.36742605887,932.4855851290431,1130.7835007476442,1248.3593626003862,1.196078492438199,169.57106410742418,1168.6436424261556,8.137973305275123,2.9784857893783547,220,170.13398942152793
2026-01-01 10:10:00,23688.28126362105,41963.964217275694,928.5024639600603,1126.4067906276896,1248.7226001867723,1.1924335622453166,169.92920938750314,1169.5996651222174,9.87961504830245,2.873346655451722,220,168.78758898474317
2026-01-01 10:11:00,23780.26158345784,42224.62539364186,930.188603048504,1131.7403701414698,1250.2117176796003,1.2132509644275418,172.32992362333556,1168.1910318716918,8.78040075287984,2.982055504278197,220,169.70809464829816
2026-01-01 10:12:00,23990.8561720769,42669.58005031109,928.4013438704327,1131.0833108760937,1247.434947748167,1.2003759132823038,170.45434656984438,1167.5283131702988,8.627692215590683,2.9102947390403635,220,167.4543974236884
2026-01-01 10:13:00,23697.575685586344,42624.29474291312,934.0707474507608,1126.2100127344208,1249.987375246313,1.1883143016594133,170.43781797755966,1167.3767338999655,8.56221809022403,3.1070794421915156,220,170.21045928876757
2026-01-01 10:14:00,23800.356825573526,42582.40177111968,927.9471404225063,1124.657000711661,1247.809295509986,1.2002274190318365,174.30970685559652,1169.4329565286632,7.446396727595846,3.0174723266765393,220,171.8924186181948
2026-01-01 10:15:00,24089.26224765405,42884.26237257914,928.4223889087016,1125.0863771697934,1247.174954788051,1.1857225128764748,166.38196380553143,1167.8746200859518,7.725760822547668,2.9491328579101386,220,166.657243062987
2026-01-01 10:16:00,23920.493267320715,42524.54956203882,930.0227944637896,1125.9378471177033,1247.8103464708147,1.1910858727845224,172.20991696041227,1168.6315079153467,7.89921247433735,2.9829103653960036,220,172.52986932427686
2026-01-01 10:17:00,24016.79064621218,42959.73165399842,928.3127795682913,1128.2322241642646,1247.2036436503208,1.2015359735169588,171.13873070789148,1167.1307882884992,7.164459330770163,3.1135216060842685,220,165.58551524385624
2026-01-01 10:18:00,23666.483654979762,42229.15688877938,923.5867982928976,1122.7980636244372,1248.6303857344483,1.174252436643072,163.5861225680739,1167.592987751368,8.573456233532275,3.0086355125054918,220,168.34704798195472
2026-01-01 10:19:00,23474.490799003477,41998.483771730505,927.0984673865828,1126.629660425802,1250.1968434298615,1.2068264902294459,174.42089759845308,1168.3525871317845,9.195284353961423,2.996371155657893,220,167.74348653106367
2026-01-01 10:20:00,23936.501898617396,42938.407398424155,926.6564260877234,1120.3213705972898,1248.8713993400472,1.2022397888547358,173.06415180959527,1169.365967013915,7.949839200714019,3.145957213753603,220,168.4590085830966
2026-01-01 10:21:00,23569.996290633564,41712.62901936362,924.2895818372633,1126.480970801004,1248.3457954745768,1.2081064600382418,176.13593659573738,1167.1303927003275,7.226127579482726,3.0270533048397983,220,169.1807623150242
2026-01-01 10:22:00,23737.09079542943,41711.33642574707,925.0015743214258,1123.5207790391487,1246.5109610627203,1.1958278763966623,168.25645682931273,1166.6562487026392,7.255467668762528,3.0697740171249315,220,172.39155045797295
2026-01-01 10:23:00,23739.05108033837,42250.27832438883,923.7059123753079,1123.63374204069,1246.8553209152085,1.2039516757154145,165.60973411261025,1168.0027579294367,9.641244222650856,2.9692467472439397,220,167.8796735410482
2026-01-01 10:24:00,23586.632991745908,42003.277454069124,920.1528469805558,1122.6101479945626,1247.1362725329038,1.1898947937823168,182.259836271851,1168.075201206674,7.458964502303139,2.966904567632435,220,168.04199826339203
2026-01-01 10:25:00,23875.0087564055,42566.342512545714,921.2277709627136,1124.2808038920969,1246.662294281588,1.190547039763515,165.9353975167748,1167.3926557099246,6.823560990815257,3.064869652793144,220,168.40303470819094
2026-01-01 10:26:00,23863.507291689664,42333.32527562891,921.8316992855896,1122.737820929078,1246.7391566514843,1.2007970391833056,166.8309783057386,1168.9490663817726,6.557771117174481,2.993550048336359,220,168.78109394784735
2026-01-01 10:27:00,23733.365467515086,42189.56166504629,920.0575370609781,1124.956074127199,1244.4935574262533,1.200046893560246,172.21369217658628,1165.9130306834716,7.572111158954654,3.0260671401843036,220,168.6010122818367
2026-01-01 10:28:00,23653.979035929402,42238.17949139057,921.7536339656199,1117.6120245313227,1248.7072556477785,1.19968827283309,168.26961899103617,1166.7080911427727,9.260411596590764,2.9921610437773523,220,167.21852833477067
2026-01-01 10:29:00,23671.544821758383,42282.36381315559,922.1298905233564,1118.9382014778118,1243.811838044375,1.2132727710161761,171.64557392874585,1167.4306450348388,9.295859895950368,2.9973540293304892,220,170.38290606935206
2026-01-01 10:30:00,23508.85440302498,42165.19575967566,920.1287985601042,1117.6397872743157,1245.3584969969213,1.1970586470927773,164.70243907884554,1166.450250722675,8.636830335675375,2.986675552403652,220,169.60921156138755
2026-01-01 10:31:00,23604.210252924273,41495.587190825994,918.2985146156079,1121.350750388472,1246.5817751621232,1.204282016486914,163.212580243278,1167.5575637993823,7.306452173935969,2.8921389178272214,220,171.85623596350507
2026-01-01 10:32:00,23613.59049987701,41636.51305318345,921.2376770695333,1116.1234159996427,1243.9845578539978,1.203234285005996,167.81087581021512,1167.1200939707917,8.872105392919318,3.1016653859410526,220,172.33989043570853
2026-01-01 10:33:00,23517.954951968437,42212.82570223721,918.2616822462703,1123.9442230150776,1246.4392621467855,1.2013811497199711,172.69190729953021,1166.757930405614,7.853922457634596,2.94939253835415,220,166.76028630422766
2026-01-01 10:34:00,23716.930092868195,42362.10321432291,918.175121877807,1118.849816526717,1242.506341012146,1.2039221975316665,169.86810468226642,1169.308769780134,8.659640137156094,2.901610052283695,220,173.01732067388792
2026-01-01 10:35:00,23439.413450744683,41912.58031275278,915.4297325197341,1120.6945617855781,1243.2654002955317,1.1825068073284657,174.77652010710338,1165.7949211158611,10.229996426760898,3.0037735259445406,220,170.8970950555988
2026-01-01 10:36:00,23552.517179599785,41855.12030268072,916.0172693625811,1115.9034363855228,1240.6098424302809,1.194273030761661,168.95012176649803,1166.4112426105112,7.827299566961464,2.9448247325729557,220,172.40711415493345
2026-01-01 10:37:00,23333.69085607948,41420.172429500235,917.952394127518,1117.8150261909072,1245.4413889053633,1.2108226977171483,170.75209163292095,1167.0489622801947,6.691950711009828,3.0982156465792032,220,169.69253888554735
2026-01-01 10:38:00,23661.538150732205,42165.49080529193,916.9552279207297,1118.258270485164,1241.8530663153106,1.1968797494016614,166.37223934908027,1165.6912690177028,9.965191357738771,3.0485706058917774,220,171.16997617916877
2026-01-01 10:39:00,23689.69315338637,41942.1048112318,914.6134543711177,1115.1857909897406,1242.3568775077276,1.2067812210260147,164.16235474522946,1166.4618889615695,7.898397385269012,2.950376590821945,220,171.002340613792
2026-01-01 10:40:00,23674.57413480565,41773.50315505392,914.5324119475965,1115.7331189788426,1244.2938372046128,1.2045231119760704,165.1513852033694,1167.062201734926,7.87958758285286,2.926537942029499,220,172.56355711945278
2026-01-01 10:41:00,23950.406472999483,42365.18674357717,914.450981754715,1118.895223806016,1243.4099212103808,1.1694120454077954,166.82405079700303,1166.3037536479565,6.422912400624795,3.048801616557617,220,168.66151314277502
2026-01-01 10:42:00,23714.006321750425,42238.89753666467,911.7168065383714,1117.906912853052,1244.2387706079523,1.1867249261410586,177.8469197100837,1166.7082200307373,8.812204871326323,2.941651945813626,220,168.67936713995974
2026-01-01 10:43:00,23489.965253302948,41965.064060390694,912.7839785969652,1116.1277150679393,1243.3618438180824,1.193164081173684,164.86068824605863,1165.4670847497318,9.12110835118986,2.8877302612709954,220,169.38050367373899
2026-01-01 10:44:00,23925.17759353641,42983.11836066654,911.6964933125174,1118.5103635296239,1243.4752020755532,1.1930089427254056,166.47677024040442,1165.456464335611,8.324542462930694,2.8644302052199793,220,172.59146736918842
2026-01-01 10:45:00,23498.43693211764,41916.454871755705,909.5228791772929,1110.2762403772745,1241.164800910092,1.1953249534417965,175.47316056702536,1167.515255509295,9.165687272198985,3.0538483267616026,220,172.94133227147842
2026-01-01 10:46:00,23707.61685116522,42312.96207672241,912.1835834928384,1114.3530462719384,1241.5037816348656,1.1954923771990669,167.33886505880974,1165.9390028354198,7.677073437024216,2.872434067673599,220,167.6673815360189
2026-01-01 10:47:00,23707.00394502366,42603.62084503838,911.186742316545,1112.6132808018926,1242.4867256770226,1.191665287825899,172.35091122319696,1166.3038132440042,9.425226069575933,2.9029016391749707,220,170.97208220906404
2026-01-01 10:48:00,23517.885343980866,41675.4386101992,908.1523254951711,1115.8318064189139,1242.2533003430635,1.1931449791614799,160.895046910017,1164.5544434925553,8.852661271675553,3.052404225567717,220,169.84638378677678
2026-01-01 10:49:00,23797.275622657657,42128.9206790888,909.1062486592499,1114.8154419886039,1242.2889952554299,1.180279850647441,166.11620758335968,1164.858240056037,9.84402732078079,3.0615468432565294,220,169.44366786074752
2026-01-01 10:50:00,23679.519399052795,42020.440932834266,910.1493527415422,1114.5491513874103,1239.4672718422742,1.2191621527602066,172.0417379674099,1166.1092146593055,6.408422063291137,2.903580533410671,220,170.99082735287172
2026-01-01 10:51:00,23713.363582830316,42186.69340216275,904.1798478604069,1110.6344677756917,1238.7171241608826,1.2136667324485508,163.20832014354983,1164.9039150509611,6.829470972225208,2.9482629823001036,220,173.63689682341644
2026-01-01 10:52:00,23572.38164819659,42444.41591932458,909.9797420835372,1112.5728575080782,1238.2244661814802,1.2085185324346046,170.71048933610626,1163.4346733584543,8.970847292149811,3.0750741564911652,220,171.1061005325069
2026-01-01 10:53:00,23819.138428172468,42314.34468936456,909.8065209412285,1113.2354265212327,1239.1419791290891,1.1989304146289341,170.13199800986254,1163.6422440509461,8.459631443384692,3.0139268094829466,220,169.01949235168317
2026-01-01 10:54:00,23569.586833547273,42267.57177979874,910.243958798951,1113.2986616135802,1239.4455405603671,1.1906577978277404,167.74495437463142,1164.337778534924,7.167101523150348,2.9600528809097972,220,168.68147875962748
2026-01-01 10:55:00,23470.19266798886,41663.504354559554,907.4406286636145,1108.4843411451095,1237.5528345987157,1.2241091194112736,168.89411622302867,1165.8375547928738,8.181363973033047,3.0064646407293987,220,170.95219950854235
2026-01-01 10:56:00,23866.20552265213,42599.7857135762,905.4828300340743,1108.6079823570362,1238.812269585093,1.1903327369009855,172.80720788748692,1164.6634618340022,9.018389919440597,3.030465405516353,220,170.47127992483988
2026-01-01 10:57:00,23656.177479666905,42271.51197675328,909.2943170923434,1110.1065381110789,1239.7812271291457,1.2140474244997506,169.77983151405033,1163.2273573385405,9.231211342423425,2.908993608792732,220,172.22001462513785
2026-01-01 10:58:00,23725.469597321542,42359.244492806036,905.0096563929244,1112.0520234382734,1240.0638011643487,1.2028325842901786,173.9187078731213,1163.8326926098007,8.36002784635953,2.9157479912165916,220,172.75620935164687
2026-01-01 10:59:00,23964.550736544035,42837.15148416601,908.5759843239049,1110.1536989731792,1237.446320559332,1.1906272763306596,173.10625330777103,1163.7738762386073,8.19058218691138,3.0861559287842315,220,170.47013644939454
2026-01-01 11:00:00,23884.41631689382,42348.89157892025,905.8899175342293,1111.320381644411,1238.9262710554653,1.191572302065374,176.13426299039895,1161.8936023420838,8.568471455677436,3.1374448715736016,220,171.18859453220094
2026-01-01 11:01:00,23838.830341857967,42782.59337714179,904.9771171470543,1104.324448024385,1235.9078957014774,1.195527389205424,168.29214686585024,1163.3911220150112,8.051343994661956,3.069586438340503,220,173.320595188395
2026-01-01 11:02:00,23906.80037950455,42789.54283860257,907.3633117337562,1107.3518218757918,1236.5808663986672,1.1934827273617223,170.6604737309111,1162.9300071991095,10.010529612980768,2.9821292185989545,220,172.575921220883
2026-01-01 11:03:00,23707.239316448096,42030.43509924067,908.8054662006267,1108.5637450058093,1237.4801119004442,1.185584036150474,165.76784770255338,1162.9845720107894,7.671640252764616,2.942846602148283,220,168.17949704561332
2026-01-01 11:04:00,23901.650844500888,42666.321660923655,906.0467237411241,1107.7815943197568,1236.1020164290028,1.2039645606704392,172.45677428114882,1162.0944474870528,8.115158285196832,3.0019472902385114,220,167.1251505995668
2026-01-01 11:05:00,23961.80825745706,42394.46011109613,905.6821521282619,1103.1416931051933,1235.653664339788,1.1905381453480721,167.13914551743466,1163.2181530130556,7.907851831523066,3.081408181456761,220,167.2558094148458
2026-01-01 11:06:00,23937.182804584685,42630.961473690004,902.6231330716562,1108.8136616003635,1236.9762104870947,1.207345473575402,172.44476620936032,1162.2827826752634,9.65025589662469,3.0980996772563882,220,166.47400173164544
2026-01-01 11:07:00,23840.517551520454,42155.06050794505,907.5027182985165,1106.995958523034,1234.840292804572,1.19793213718691,168.86779888109965,1161.7748512358914,7.564574846894181,2.9966267906730946,220,170.7607472963473
2026-01-01 11:08:00,23434.354873599237,41885.55964882342,905.839856227996,1105.071596886374,1236.2475575134372,1.201138882892199,169.29726052108435,1164.2529868588604,8.98126658780949,3.0295070386725396,220,167.47818072729
2026-01-01 11:09:00,23970.484462547025,43378.91138093643,905.0183784597452,1108.1055343798391,1235.6761260827057,1.200872235816434,170.89710820287,1161.8760768455688,8.039430775598571,2.8819999340639466,220,171.3463293629378
2026-01-01 11:10:00,23937.472831846884,42961.70324392442,908.0599692117443,1101.9630994924494,1236.3565448739296,1.1958356230557792,167.01431079878344,1160.734870199201,7.641372911823326,2.9866100247440195,220,168.34002772715007
2026-01-01 11:11:00,23899.919226673992,42717.24328472198,902.2037399507991,1104.1169201852242,1236.4838484722738,1.1987359573758898,167.30565200056827,1163.1712130744124,6.005795417901373,3.114343903990903,220,171.889413936937
2026-01-01 11:12:00,24058.696200960196,42607.79007432192,904.238734988072,1106.6320257469702,1235.311319675323,1.2014400949016268,167.48785972121618,1163.2114305747145,8.031557479885295,2.9862687862613204,220,171.24159681122524
2026-01-01 11:13:00,24018.72991818562,42844.601177374876,905.1810583958621,1105.34688686738,1234.1273287180452,1.2228076652650421,167.81119555564246,1160.6826361472142,9.769602177785757,3.034048027340151,220,170.29128530247323
2026-01-01 11:14:00,24033.285317505142,43063.5413280048,904.5177326795449,1103.8831664856973,1236.1471285154673,1.1868476710949392,172.45419074092658,1161.0623327286062,7.3939729770679605,3.069276419969749,220,170.87686846584293
2026-01-01 11:15:00,23853.16965313513,42437.430054842764,900.187273451683,1103.7694279195202,1234.6951626569678,1.1926705627469139,168.41344781848247,1161.1636830584291,5.16199537425254,3.0629483300788793,220,167.38964911638243
2026-01-01 11:16:00,23878.877311882297,42535.42846830938,905.7247989356264,1103.3612433891863,1232.8462951903805,1.1958145742466186,167.66818434870098,1160.786685550408,8.379706482690448,3.005354918624502,220,165.02623989942902
2026-01-01 11:17:00,24121.64157860878,42529.879766801045,904.9450018985636,1105.321179808146,1234.1935705555857,1.1870855107973257,173.23748346176282,1159.650573783181,6.881909870383123,2.952640551972854,220,168.84104133895292
2026-01-01 11:18:00,24109.851083108406,42710.23401148688,907.0215753934483,1102.7435793407242,1232.7865401689305,1.1863189459038246,172.7138593145972,1159.8018674420973,6.296359596945036,2.8245615301012554,220,170.8189610521236
2026-01-01 11:19:00,24141.265480310725,42527.84791612909,909.0879929884977,1104.4807557057518,1229.690368842808,1.1841021160421197,169.32227755540575,1162.8667513267342,7.546281128429805,2.9047930640873254,220,167.31202449050016
2026-01-01 11:20:00,24168.78517079254,43479.9101894797,904.654854180813,1098.7307999974971,1231.8142461740697,1.1989577100387148,179.78691814375713,1159.9635997674025,6.725280397264946,2.972798424422242,220,171.22541202362285
2026-01-01 11:21:00,24222.72919122674,43229.8896714021,905.836122721657,1105.1512474530364,1232.4612252709433,1.194159073412513,165.76369594925765,1159.8868443344377,9.108570800139127,3.0547328875539623,220,171.11349830356298
2026-01-01 11:22:00,24202.48564740029,43254.35028682981,905.6239668284146,1107.3704908433422,1232.121978447815,1.2011768354799568,176.36538524740897,1161.0379345602744,8.265794363632466,3.013851262508142,220,170.15294874726703
2026-01-01 11:23:00,24242.154707895086,43102.387705963556,905.5221956438627,1103.2892437905077,1230.2831741412838,1.1851965945622913,170.97560211033976,1159.6295272887976,8.669420328427018,3.0889295509001276,220,170.4337239580582
2026-01-01 11:24:00,24279.259774204307,42866.522732091486,904.9848471018037,1101.9271644815544,1231.8499586954645,1.1905479788970195,173.95539097579112,1159.2849556386625,7.413855942925821,2.9001159814054756,220,169.72477811928394
2026-01-01 11:25:00,24385.57656610509,43448.55928778558,906.1274835475259,1100.84809190312,1232.8011695059888,1.2085669160858152,168.73665552508388,1158.7535562286384,7.939284256958676,2.8554290615202946,220,170.19447864210255
2026-01-01 11:26:00,24238.001578816824,42990.885484989296,907.7174943973304,1103.1436528420888,1230.2403200279148,1.2069530500980572,174.60246192238984,1160.1782626841318,7.478171184377929,3.04550676030337,220,167.36419842846013
2026-01-01 11:27:00,24420.021800874314,43234.88048526009,903.883784581156,1100.277567681191,1232.12678928427,1.1838369507894158,165.9980800306526,1159.695579664348,8.293979454864838,3.139745990849111,220,172.01337697496382
2026-01-01 11:28:00,24428.061082976,43495.24735276009,909.5183601213004,1099.7822422013146,1228.4962899968214,1.2076769401598297,173.12389296404695,1160.458113498159,5.782623589295861,3.0132720426467134,220,170.58929429044665
2026-01-01 11:29:00,24390.512427186466,43441.468516001216,906.8774520878437,1097.0117598706177,1232.0910561926732,1.1939144996231614,170.9737131843383,1158.757229426926,7.973970875973971,2.9537791493567207,220,170.97767858073325
2026-01-01 11:30:00,24347.12552617157,43294.56520496675,906.6328501830097,1101.6127724580224,1230.2836702964323,1.1883086160945635,173.53808086365686,1160.3326441640982,9.03665881820534,3.068288995369428,220,168.39716181090563
2026-01-01 11:31:00,24474.793403135838,43379.30774999507,901.7042601117909,1100.412083118584,1228.9259394877022,1.2066444275431385,168.0036072583076,1159.0293038672423,9.705758006500142,3.1099880127973996,220,166.919175850586
2026-01-01 11:32:00,24560.591165687252,43481.243994722,906.3703812504101,1100.3962272366714,1232.403933357267,1.2083448239986243,171.62629671016427,1158.1941118456643,8.83365606992823,2.900593478590599,220,172.36236405911708
2026-01-01 11:33:00,24354.372158035185,43352.299380814686,904.6423385820124,1100.7462737958858,1231.246908813577,1.1744262570341109,166.8089490325749,1159.029669907723,8.14556198067089,2.970198700417695,220,166.9438778073857
2026-01-01 11:34:00,24517.29638556109,43934.18404104466,907.9586537388442,1099.2257430039108,1231.7847293281043,1.2079491525725747,168.5073957181861,1158.7676274695136,6.29544281191381,3.0781134359362574,220,169.22819051484015
2026-01-01 11:35:00,24544.06913642294,43303.40863389366,908.9499496870336,1100.916168670365,1230.6405957668342,1.1942820007748551,168.95010946413103,1158.5446305413932,8.151159578808352,3.0173090727024405,220,169.66988943771617
2026-01-01 11:36:00,24483.385182686194,43422.70194675784,909.5804988621197,1098.2895533064514,1230.51388205404,1.1939973724610145,167.52048239550058,1157.363177215908,6.034720457861038,2.9340403289807284,220,170.39197953198664
2026-01-01 11:37:00,24514.790114614585,43597.360415241405,907.2027381011602,1100.1350352387376,1229.2396073320456,1.1954747329950117,167.98041795728494,1157.8661636883185,7.099411844782498,2.97389747242362,220,170.5471833373687
2026-01-01 11:38:00,24429.26521428356,43445.99496385823,907.6538933004878,1099.7279191617374,1230.2722727181254,1.2098693999753722,165.0551092450658,1157.6201898975344,7.785960975453045,2.92714975457763,220,169.85553317567314
2026-01-01 11:39:00,24509.22594636926,43484.15896271861,908.957452936258,1096.8076550652356,1229.3420328082982,1.2116992403759677,169.44180852614153,1158.3981844448838,7.720139578509661,2.8811391570171234,220,167.02741722517015
2026-01-01 11:40:00,24483.17994204125,44042.901868526,904.1796230149981,1097.7423811615663,1228.3418472846336,1.2024174664271268,175.7336625740082,1158.8009134348545,8.878788173433238,3.0226997666285826,220,169.3408735560051
2026-01-01 11:41:00,24619.61932654471,43918.87419005653,907.8130376117693,1098.9320235181062,1228.8510696178757,1.2068016156677692,181.28722333102482,1158.1995636779825,7.711223143653521,2.8943379575265045,220,169.71248798082442
2026-01-01 11:42:00,24652.173020249862,43644.375942370716,907.9118922571289,1098.9514791540537,1227.0629977039023,1.220238913989069,166.60014673801783,1157.9669116586156,6.730267483599065,2.988021660819855,220,170.96855165033918
2026-01-01 11:43:00,24679.990782729674,43478.67217868213,910.3678808222546,1100.5626778882265,1228.7758014945675,1.1987284615878286,166.91982842508244,1158.1767275140492,7.5047984376210515,2.9228725594297496,220,170.37032827179354
2026-01-01 11:44:00,24814.927932574046,44129.25575021705,908.7520144564304,1099.2109148813415,1229.3188081710628,1.1887799920531161,171.28625792717833,1158.15851115691,7.231060345574067,3.031839050619516,220,172.16529151873036
2026-01-01 11:45:00,24772.926715728114,44450.8820555955,911.506595280172,1099.9038700919687,1228.6963065675598,1.2041354416600418,171.9478781107994,1156.3910554579638,9.073658142824229,2.968661301573522,220,171.57635879278843
2026-01-01 11:46:00,24732.837585399102,44070.715006427,909.9965064951713,1099.1825401560727,1229.2123623541702,1.2059298294779042,164.79093628949443,1155.469289972435,6.517736288512007,2.9763417371518135,220,167.34114371918102
2026-01-01 11:47:00,24758.27648350213,43513.89430593122,912.4672321228701,1094.8225445037751,1227.7563659990433,1.1973337685089434,160.7480442463848,1156.6504734642263,7.497753256812209,2.8738529936915205,220,170.0292863104845
2026-01-01 11:48:00,24733.418219744948,43695.01801978419,915.5787343029491,1099.7673521750335,1228.1313287618323,1.1970024388986413,170.991187309873,1157.855794127228,8.903254853623778,3.0151938180160895,220,170.7787718577967
2026-01-01 11:49:00,24869.636922266756,44297.45379167184,914.6541839165774,1098.3498076400458,1227.9894829374725,1.2203602122348678,175.29256634612543,1154.9497280091962,7.129113170087275,2.961455965370927,220,168.88093034770506
2026-01-01 11:50:00,24891.128083927022,44562.43445215199,913.8389271718866,1099.743125676083,1230.6982439543017,1.196364716347723,175.63528006968852,1155.103500358172,8.369819435494444,2.9325817407974206,220,172.91847491000752
2026-01-01 11:51:00,25134.84663151882,44773.88487614927,914.6509445499212,1098.5679816950212,1225.7464923155126,1.1900274480198596,169.92673663510436,1155.9820196583698,8.016504239699042,3.029378479278478,220,168.79567061333597
2026-01-01 11:52:00,25147.08618870572,44797.64381042725,912.0564014368866,1101.4574504626778,1230.5810653687092,1.1721534636581505,175.51749692936087,1155.2263144100855,7.645642545110941,3.068100562417106,220,167.3119462291523
2026-01-01 11:53:00,25162.832088732157,45047.36024069273,911.6835668495943,1100.108845348348,1226.3609122181317,1.2071431348991133,169.28547103276782,1156.6342076282103,6.229053249080918,3.1299129353045902,220,166.34517843634217
2026-01-01 11:54:00,25257.06885506728,45259.0833599051,911.9790019441974,1101.6803837155094,1226.8335484509457,1.2116875776145368,164.3818151316061,1155.5815300421116,8.017354129987424,3.011083556132671,220,168.96429835569288
2026-01-01 11:55:00,24883.148469175765,44129.6369490278,914.5176896702957,1101.898359314385,1227.6388031871745,1.187303837814325,169.42846596201625,1156.2078268132047,7.4674012740385765,3.014240548160499,220,168.9741568527531
2026-01-01 11:56:00,25131.13389397203,44838.54931831171,917.537294040071,1099.2825616955884,1227.9829636148627,1.2048149358754403,174.09796936489917,1155.5293344164065,8.269612029930952,2.9210789737312934,220,169.1505779177655
2026-01-01 11:57:00,25162.405219291886,44559.309318715714,913.6047736970324,1102.1351597763219,1226.97669627078,1.1956315504613897,170.48368173178952,1155.5009398797918,6.530325866291782,2.9421931976983333,220,165.48166071161683
2026-01-01 11:58:00,25148.43384836123,44505.8354987174,916.4823777117983,1101.0593144446284,1227.2505485652723,1.1996898847819844,167.70154879902438,1153.7836640294738,8.512109452999706,3.088657637761435,220,169.93560909285176
2026-01-01 11:59:00,25366.18610859348,45293.013028105845,913.5403339408499,1098.5915951573936,1228.9016950656032,1.1931717483747717,170.18046420017095,1154.1825410221697,8.64780604956804,2.9605206027020747,220,172.2177529387277
