scenario_id,scenario_name,standard_name,display_name,description,role,data_type,unit,required,aliases,lower_bound,upper_bound
blast_furnace,钢铁高炉铁水质量预测,timestamp,过程时间戳,高炉过程传感器小时采样时间,time,datetime,datetime,True,dt|时间|采集时间|记录时间|TIME|DATETIME|TS,,
blast_furnace,钢铁高炉铁水质量预测,blast_flow_rate,鼓风流量,送入高炉的鼓风体积流量,manipulated,float,m3/min,True,Fb|Blast flowrate|鼓风量|鼓风流量|BLAST_FLOW,0.0,10000.0
blast_furnace,钢铁高炉铁水质量预测,hot_blast_pressure,热风压力,热风总管压力,state,float,kgf/cm2,False,Ph|Hot blast pressure|热风压|HOT_BLAST_PRESSURE,0.0,10.0
blast_furnace,钢铁高炉铁水质量预测,cold_blast_pressure,冷风压力,冷风管路压力,state,float,kgf/cm2,False,Pc|Cold blast pressure|冷风压|COLD_BLAST_PRESSURE,0.0,10.0
blast_furnace,钢铁高炉铁水质量预测,cold_blast_temperature,冷风温度,进入热风炉前的冷风温度,state,float,degC,False,Tc|Cold-blast temperature|冷风温度|COLD_BLAST_TEMP,-50.0,300.0
blast_furnace,钢铁高炉铁水质量预测,oxygen_flow_rate,富氧流量,鼓风系统富氧体积流量,manipulated,float,m3/h,True,Fo|Blast oxygen flowrate|富氧量|富氧流量|OXYGEN_FLOW,0.0,50000.0
blast_furnace,钢铁高炉铁水质量预测,total_pressure_drop,高炉总压差,高炉煤气系统总压力差,state,float,kgf/cm2,False,dP|Total gas pressure difference|全压差|总压差|TOTAL_DP,0.0,10.0
blast_furnace,钢铁高炉铁水质量预测,upper_pressure_drop,上部压差,高炉上部煤气压力差,state,float,kgf/cm2,False,dPu|Upper gas pressure difference|上部压差|UPPER_DP,0.0,10.0
blast_furnace,钢铁高炉铁水质量预测,lower_pressure_drop,下部压差,高炉下部煤气压力差,state,float,kgf/cm2,False,dPl|Lower gas pressure difference|下部压差|LOWER_DP,0.0,10.0
blast_furnace,钢铁高炉铁水质量预测,top_gas_pressure,炉顶煤气压力,高炉炉顶煤气压力,state,float,kgf/cm2,False,Pt|Top gas pressure|炉顶压力|TOP_GAS_PRESSURE,0.0,5.0
blast_furnace,钢铁高炉铁水质量预测,hot_blast_temperature,热风温度,送入高炉风口的热风温度,manipulated,float,degC,True,Th|Hot-blast temperature|热风温度|HOT_BLAST_TEMP,0.0,1600.0
blast_furnace,钢铁高炉铁水质量预测,top_gas_co2,炉顶煤气CO2,炉顶煤气二氧化碳体积分数,state,float,percent,False,CO2|CO2 content of top gas|炉顶CO2|TOP_GAS_CO2,0.0,40.0
blast_furnace,钢铁高炉铁水质量预测,top_gas_h2,炉顶煤气H2,炉顶煤气氢气体积分数,state,float,percent,False,H2|H2 content of top gas|炉顶H2|TOP_GAS_H2,0.0,20.0
blast_furnace,钢铁高炉铁水质量预测,top_gas_temp_1,炉顶温度1,炉顶第一测点煤气温度,state,float,degC,False,Tt1|Top gas temperature 1|炉顶温度1|TOP_TEMP_1,0.0,1000.0
blast_furnace,钢铁高炉铁水质量预测,top_gas_temp_2,炉顶温度2,炉顶第二测点煤气温度,state,float,degC,False,Tt2|Top gas temperature 2|炉顶温度2|TOP_TEMP_2,0.0,1000.0
blast_furnace,钢铁高炉铁水质量预测,top_gas_temp_3,炉顶温度3,炉顶第三测点煤气温度,state,float,degC,False,Tt3|Top gas temperature 3|炉顶温度3|TOP_TEMP_3,0.0,1000.0
blast_furnace,钢铁高炉铁水质量预测,top_gas_temp_4,炉顶温度4,炉顶第四测点煤气温度,state,float,degC,False,Tt4|Top gas temperature 4|炉顶温度4|TOP_TEMP_4,0.0,1000.0
blast_furnace,钢铁高炉铁水质量预测,peripheral_gas_temp_1,周边温度1,炉身周边第一测点煤气温度,state,float,degC,False,Tp1|Peripheral gas temperature 1|周边温度1|PERIPHERAL_TEMP_1,0.0,1500.0
blast_furnace,钢铁高炉铁水质量预测,peripheral_gas_temp_2,周边温度2,炉身周边第二测点煤气温度,state,float,degC,False,Tp2|Peripheral gas temperature 2|周边温度2|PERIPHERAL_TEMP_2,0.0,1500.0
blast_furnace,钢铁高炉铁水质量预测,peripheral_gas_temp_3,周边温度3,炉身周边第三测点煤气温度,state,float,degC,False,Tp3|Peripheral gas temperature 3|周边温度3|PERIPHERAL_TEMP_3,0.0,1500.0
blast_furnace,钢铁高炉铁水质量预测,peripheral_gas_temp_4,周边温度4,炉身周边第四测点煤气温度,state,float,degC,False,Tp4|Peripheral gas temperature 4|周边温度4|PERIPHERAL_TEMP_4,0.0,1500.0
blast_furnace,钢铁高炉铁水质量预测,peripheral_gas_temp_5,周边温度5,炉身周边第五测点煤气温度,state,float,degC,False,Tp5|Peripheral gas temperature 5|周边温度5|PERIPHERAL_TEMP_5,0.0,1500.0
blast_furnace,钢铁高炉铁水质量预测,peripheral_gas_temp_6,周边温度6,炉身周边第六测点煤气温度,state,float,degC,False,Tp6|Peripheral gas temperature 6|周边温度6|PERIPHERAL_TEMP_6,0.0,1500.0
blast_furnace,钢铁高炉铁水质量预测,peripheral_gas_temp_7,周边温度7,炉身周边第七测点煤气温度,state,float,degC,False,Tp7|Peripheral gas temperature 7|周边温度7|PERIPHERAL_TEMP_7,0.0,1500.0
blast_furnace,钢铁高炉铁水质量预测,peripheral_gas_temp_8,周边温度8,炉身周边第八测点煤气温度,state,float,degC,False,Tp8|Peripheral gas temperature 8|周边温度8|PERIPHERAL_TEMP_8,0.0,1500.0
blast_furnace,钢铁高炉铁水质量预测,peripheral_gas_temp_9,周边温度9,炉身周边第九测点煤气温度,state,float,degC,False,Tp9|Peripheral gas temperature 9|周边温度9|PERIPHERAL_TEMP_9,0.0,1500.0
blast_furnace,钢铁高炉铁水质量预测,peripheral_gas_temp_10,周边温度10,炉身周边第十测点煤气温度,state,float,degC,False,Tp10|Peripheral gas temperature 10|周边温度10|PERIPHERAL_TEMP_10,0.0,1500.0
blast_furnace,钢铁高炉铁水质量预测,ore_coke_ratio,矿焦比,高炉入炉矿石与焦炭的质量比,manipulated,float,ratio,True,R|Ore-to-coke ratio|矿焦比|ORE_COKE_RATIO,0.0,10.0
blast_furnace,钢铁高炉铁水质量预测,hot_metal_si,铁水硅含量,出铁铁水中的硅质量分数,controlled,float,percent,True,Si|Silicon content|Si content in hot metal|铁水含硅量|铁水硅含量|HOT_METAL_SI,0.0,5.0
blast_furnace,钢铁高炉铁水质量预测,lab_source_timestamp,最近可用化验时间,当前行铁水硅含量所对应的实际化验时间,identifier,string,string,False,Si_lab_timestamp|化验时间|LAB_TIMESTAMP,,
blast_furnace,钢铁高炉铁水质量预测,lab_age_minutes,化验数据龄期,过程时间相对最近已发生化验的分钟差,quality,float,min,False,Si_lab_age_min|化验龄期|LAB_AGE_MIN,0.0,360.0
blast_furnace,钢铁高炉铁水质量预测,lab_fresh,化验新鲜度标记,化验值是否在允许的三小时因果对齐窗口内,quality,boolean,boolean,False,Si_lab_fresh|化验有效标记|LAB_FRESH,,
blast_furnace,钢铁高炉铁水质量预测,blast_furnace_state,高炉炉况,第二数据集给出的八类高炉运行状态,quality,string,string,False,State of blast furnace|炉况|高炉状态|BLAST_FURNACE_STATE,,
debutanizer_column,炼油脱丁烷塔,timestamp,序列时间,由公开样本顺序派生的单调时间轴,time,datetime,datetime,True,sample_timestamp|sequence_time|timestamp|time,,
debutanizer_column,炼油脱丁烷塔,top_temperature,塔顶温度,脱丁烷塔塔顶温度；公开文件为归一化数值,state,float,ratio,True,U1|u1|Top_Temperature|top temperature,0.0,1.5
debutanizer_column,炼油脱丁烷塔,top_pressure,塔顶压力,脱丁烷塔塔顶压力；公开文件为归一化数值,state,float,ratio,True,U2|u2|Top_Pressure|top pressure,0.0,1.5
debutanizer_column,炼油脱丁烷塔,reflux_flow,回流流量,塔顶回流流量；公开文件为归一化数值,manipulated,float,ratio,True,U3|u3|Reflux_Flow|reflux flow,0.0,1.5
debutanizer_column,炼油脱丁烷塔,next_process_flow,后续流程流量,由脱丁烷塔流向下一流程的流量；公开文件为归一化数值,manipulated,float,ratio,True,U4|u4|Flow_To_Next_Process|flow to next process,0.0,1.5
debutanizer_column,炼油脱丁烷塔,tray6_temperature,第六塔板温度,脱丁烷塔第六塔板温度；公开文件为归一化数值,state,float,ratio,True,U5|u5|Tray6_Temperature|sixth tray temperature,0.0,1.5
debutanizer_column,炼油脱丁烷塔,bottom_temperature_a,塔底温度A,脱丁烷塔塔底第一温度测点；公开文件为归一化数值,state,float,ratio,True,U6|u6|Bottom_Temperature_A|bottom temperature a,0.0,1.5
debutanizer_column,炼油脱丁烷塔,bottom_temperature_b,塔底温度B,脱丁烷塔塔底第二温度测点；公开文件为归一化数值,state,float,ratio,True,U7|u7|Bottom_Temperature_B|bottom temperature b,0.0,1.5
debutanizer_column,炼油脱丁烷塔,bottom_butane_content,塔底丁烷含量,塔底物流中丁烷C4含量软测量目标；源数据已平移8个样本补偿测量时滞,controlled,float,ratio,True,U8|u8|y|Butane_Content|butane content,0.0,1.5
debutanizer_column,炼油脱丁烷塔,sample_index,样本序号,公开数据的原始顺序编号,identifier,integer,string,False,sample|row_number|sample_index,0.0,
industrial_dryer,工业干燥器,timestamp,时间戳,工业时序采样时间,time,datetime,datetime,True,时间|采集时间|记录时间|TIME|DATETIME|TS,,
industrial_dryer,工业干燥器,hot_air_temperature,热风入口温度,进入干燥器的热风温度,manipulated,float,degC,True,入口热风温度|进风温度|HOT_AIR_TEMP|INLET_AIR_TEMP,0.0,500.0
industrial_dryer,工业干燥器,drying_air_flow,干燥风量,进入干燥器的热风体积流量,manipulated,float,Nm3/h,True,热风流量|进风量|干燥空气流量|DRYING_AIR_FLOW|AIR_FLOW,0.0,500000.0
industrial_dryer,工业干燥器,wet_feed_rate,湿料进料量,进入干燥器的湿物料质量流量,manipulated,float,t/h,True,湿料流量|进料量|给料量|WET_FEED_RATE|FEED_RATE,0.0,200.0
industrial_dryer,工业干燥器,product_moisture,产品含水率,干燥产品出口含水质量百分数,controlled,float,percent,True,出口含水率|产品水分|物料含水率|PRODUCT_MOISTURE|OUTLET_MOISTURE,0.0,100.0
industrial_dryer,工业干燥器,product_temperature,产品出口温度,干燥产品离开设备时的温度,controlled,float,degC,True,物料出口温度|产品温度|PRODUCT_TEMP|OUTLET_PRODUCT_TEMP,0.0,300.0
industrial_dryer,工业干燥器,exhaust_humidity,排风湿度,干燥器尾气相对湿度,controlled,float,percent,True,尾气湿度|出口空气湿度|排气湿度|EXHAUST_HUMIDITY|OUTLET_AIR_HUMIDITY,0.0,100.0
