APC_05_DATETIME_AI_18,B线#进水量#测点45,PLC_06_进水化学需氧量_RAW_86,装置6-进水NH3_N-CH62-VALUE,装置3-aeration_air_flow-CH77-AI,SIS.54.风机频率.PV,B线#DO#测点90,装置4-mlss-CH19-MEAS,APC_06_酸碱度_VALUE_99,SIS.70.池温.VALUE,RTU_06_EFFLUENT_COD_AI_45,SIS.42.出水NH3_N.VALUE,SIS.26.污泥回流量.PV,班组备注,SIS_网络心跳_48,值班员电子签名
2026-01-01 00:00:00,4163.220894982263,308.8712928312945,37.33326938849818,18326.975790979675,41.585661064203286,1.9520263552818466,3526.0969649703707,7.206470611413454,24.162692821975696,34.82585101214443,3.2902523591818884,1824.1334609095702,A班,1,operator_test
2026-01-01 00:05:00,4235.795809410237,320.09154993105454,33.388387763169966,18582.150472992045,43.32428948184551,1.9904624398717838,3627.6756214675474,7.205429629023747,23.774431434306493,34.52267347381431,2.3701961487383665,1803.2710636703516,A班,1,operator_test
2026-01-01 00:10:00,4196.219648656117,313.28052381969275,40.42029630112184,18433.87770486726,41.86431287226995,1.9915596385617853,3649.440093183107,7.207533127680724,23.892267302307218,29.94991343244929,2.998665483982555,1812.4188079945825,A班,1,operator_test
2026-01-01 00:15:00,4166.487894780704,288.4939328418856,39.73793472484262,18431.15868511413,42.70273874934513,2.377694768999686,3771.861961830775,7.184081220945501,24.01351829321069,29.220793403331278,2.8410447830920607,1817.6021090946447,A班,1,operator_test
2026-01-01 00:20:00,4277.690142825057,295.31625764487393,37.63910791309599,18451.072042187003,42.830439941503045,2.2026773407192115,3631.3451781650892,7.25353322825889,23.716401558419797,31.094352432980013,2.464140303962715,1762.9173557697072,A班,1,operator_test
2026-01-01 00:25:00,4212.229610767773,310.02366990863493,39.475621966229475,18393.010767206695,44.48385001804842,2.1093381321639155,3625.302407062973,7.130928049556125,23.889716523582436,31.529137875281556,2.967498536625484,1768.7012675530677,A班,1,operator_test
2026-01-01 00:30:00,4233.606905444783,299.74994665357974,39.786754450237794,18459.185652391945,42.78454615660668,1.8707019162539122,3651.993228779922,7.15316419470971,23.782792710176714,30.671147849914774,3.187194326322452,1816.2542987733405,A班,1,operator_test
2026-01-01 00:35:00,4195.758027859797,336.8221198340489,39.33708901357895,18471.803549105858,42.34124346256054,2.2139400731106815,3506.266505051204,7.177767105219958,23.808330439254732,31.03416270690566,2.87598741057394,1818.7653480943281,A班,1,operator_test
2026-01-01 00:40:00,4185.187771126146,301.4947116641899,40.67164429829938,18547.163023667068,42.82345524062134,2.165532437352357,3555.855752768167,7.205090326399115,23.61899303332491,29.11679362772534,2.5635727246348745,1826.8019938941795,A班,1,operator_test
2026-01-01 00:45:00,4219.487789303373,299.9432307356234,37.99365753433378,18574.68330604334,42.790503432829894,2.1797468869166283,3658.702424978549,7.160350109246095,24.00435874039457,29.272918366996095,2.897728102360441,1838.6066969163096,A班,1,operator_test
2026-01-01 00:50:00,4185.1015680259925,309.32744004577523,37.745688049371616,18390.773184791833,43.52353937601951,2.1859402324461668,3482.4440669021888,7.115611848308598,23.97853729917316,29.113255849094255,2.7102676620692696,1800.606838941129,A班,1,operator_test
2026-01-01 00:55:00,4227.97090969886,301.77247578687513,36.076609451067036,18132.204932365057,41.708805735225006,1.9785819042375363,3514.9846850142967,7.142481427113117,24.030175275450986,31.95048181749679,2.691977746873279,1806.8528486268528,A班,1,operator_test
2026-01-01 01:00:00,4249.692132372308,307.91338361856685,40.41700731189068,18317.955307344564,41.85103152427761,2.087681521205509,3736.2007353175627,7.217444803997109,24.300984944068524,29.852320893429905,2.6847645446635133,1760.9979855245958,A班,1,operator_test
2026-01-01 01:05:00,4281.24047245142,313.1878340661195,38.31598526355812,18610.563314576073,41.32680366380548,2.086068017795849,3618.9166867386557,7.211124228171288,23.981404015532263,30.011044563589188,3.039717274656082,1755.7090949899723,A班,1,operator_test
2026-01-01 01:10:00,4264.645286515654,309.6886279225837,36.8914336487342,18461.28316416065,43.75556604466074,2.2055843156541224,3602.6964181485823,7.203967870829617,23.919157361967983,33.28375430100317,3.1503928412716764,1824.8629320101536,A班,1,operator_test
2026-01-01 01:15:00,4261.126115869609,309.4823522362465,35.72305913674215,18553.100963513167,43.57367763970693,2.07017075565985,3645.167717562005,7.164286017707409,24.22921058335183,32.533209464127296,2.5025982730909755,1728.1956296900814,A班,1,operator_test
2026-01-01 01:20:00,4309.026673746459,298.9334572723843,38.03464281321725,18381.74959502104,43.626558625771345,2.012957600471789,3595.6552307618736,7.213440566699168,24.075948812128836,31.179431832016096,2.8985638426441747,1787.982817971994,A班,1,operator_test
2026-01-01 01:25:00,4268.720867417465,310.87428228584724,40.426590654419016,18575.234885517788,41.990830449269566,2.1186792096730085,3498.243969852737,7.12514783320906,24.260168745333804,28.80928434285548,3.013201664304911,1759.9073474594286,A班,1,operator_test
2026-01-01 01:30:00,4265.334205964911,321.08951110456803,40.00525913938375,18288.230380064397,44.93909200306244,1.8754311253578926,3697.7532884522166,7.210642665543388,23.916327319919183,28.70970718555356,2.6563591239574085,1842.177411607097,A班,1,operator_test
2026-01-01 01:35:00,4209.345087722427,304.9442471132456,38.58341114189586,18582.155750230308,43.24187850835005,2.160893970967357,3600.381727892342,7.240613387327411,23.673955895661653,33.202977903032334,2.779087896538985,1803.2353378966368,A班,1,operator_test
2026-01-01 01:40:00,4227.8912062960635,314.1458433187687,36.729553005362554,18532.902658956704,42.27331153493443,2.032786775941844,3620.2487495321993,7.228973196536532,23.878655381728368,27.500982673618285,2.8211014844956463,1802.7155776632112,A班,1,operator_test
2026-01-01 01:45:00,4268.7973160882,312.2445295465915,36.455188532948185,18580.784985041006,43.82632166887079,2.159112240798956,3643.5110204412886,7.215820830753253,24.124050724020748,33.16969875223125,2.5785098362199794,1844.755322877242,A班,1,operator_test
2026-01-01 01:50:00,4278.63086091395,316.5237703057138,36.510560441382864,18492.69213392051,41.80975091110749,2.266727920544992,3756.327910736741,7.197787483550983,23.766210875732437,29.048612883450136,2.726892945497381,1814.156491271998,A班,1,operator_test
2026-01-01 01:55:00,4254.290593198882,303.7064830589082,36.932474980166155,18567.041822944946,43.41118652492023,1.8654812071072455,3555.0841700154147,7.1411108632226155,24.10457328322784,31.04582470837508,3.2353031336849947,1804.8240458947212,A班,1,operator_test
2026-01-01 02:00:00,4247.068314671051,313.7877549964641,37.58606128458448,18191.547638992557,42.80278884952032,2.0804649930105907,3672.927482695719,7.111498323423534,24.133323961638013,28.501023498032023,2.539796622467598,1822.574730219109,A班,1,operator_test
2026-01-01 02:05:00,4268.505439669676,312.15851484432415,35.12104965056562,18422.752756797767,42.416273933919655,2.156854427870146,3461.2551876701477,7.245408653689887,24.25048448393044,33.52103077339112,2.637244200701419,1841.1836010208133,A班,1,operator_test
2026-01-01 02:10:00,4294.070041226963,315.2491930566958,37.78025697019543,18447.383159835765,42.781513380336634,1.9930826700550368,3692.363989979814,7.225489716608037,24.162617160939796,29.465615395758523,3.1892559642269616,1832.9747596249917,A班,1,operator_test
2026-01-01 02:15:00,4295.1829267480525,324.19094535687464,37.5573497423188,18340.265895745717,44.025692792995486,2.1702633902666317,3565.616150514407,7.208638436290605,23.97605492047641,30.24636255047061,2.279164904563758,1831.4832202209193,A班,1,operator_test
2026-01-01 02:20:00,4277.486089943583,293.1180687603701,34.578126034724896,18366.32041600516,42.93779890010613,1.8953052507975585,3479.3134046419427,7.1427736808249715,24.096746055518334,32.58770603140153,2.9012012219698553,1805.5426233371409,A班,1,operator_test
2026-01-01 02:25:00,4321.146285523147,300.42555628723517,38.53040492389255,18690.203677573332,42.07007849842437,1.9516157177591893,3531.305785587716,7.253436342578613,24.267107804575986,29.434841888484524,2.4599556813158543,1839.7120170553824,A班,1,operator_test
2026-01-01 02:30:00,4255.032782958642,272.3532712053438,37.91691551269657,18431.537008010346,43.568481341260764,1.9049409919787557,3614.5546429632777,7.253064470366237,23.82249965212704,32.02126240466053,2.960025444079881,1816.9572049788862,A班,1,operator_test
2026-01-01 02:35:00,4320.510626793666,308.7373840861586,38.773859020837165,18597.945954239538,44.80592326361379,1.8994975541438914,3618.5446869752172,7.184096723076082,24.14668677724612,32.06248672190516,3.0667777461595747,1803.0217406666527,A班,1,operator_test
2026-01-01 02:40:00,4321.060970421939,320.2130511190382,39.74719571165566,18501.532077269538,43.49478228842164,2.056539967705805,3565.19828168257,7.138001703123989,23.94879059197771,30.14989087480456,3.0081879407667707,1815.8004879652813,A班,1,operator_test
2026-01-01 02:45:00,4315.508447937436,324.9845923317087,40.566067158749604,18529.21557374899,44.09253319584061,2.1555446467533836,3484.2056983480193,7.298339903025573,24.163611916468625,28.85503161300353,2.806499590241575,1770.9343506694813,A班,1,operator_test
2026-01-01 02:50:00,4347.829088687176,294.7781042357924,35.55083251041532,18579.30849331146,41.68576403412155,2.173872983032262,3611.1881519975236,7.193515211326898,24.052231357143903,31.20596085977015,2.981916711177309,1774.7297541238966,A班,1,operator_test
2026-01-01 02:55:00,4336.001279346222,301.5729085682518,36.079247910340584,18634.0780982604,42.61075599059473,1.9769914918975418,3592.92861720083,7.287867607303593,24.04171217335279,29.989775857466512,2.916826079696322,1786.8093853099635,A班,1,operator_test
2026-01-01 03:00:00,4322.824324782905,313.03097630210414,37.7920796315394,18400.514596276782,43.91688879566371,2.1772529040458095,3528.9317113446596,7.222492763223729,23.953276892475444,32.98587278404174,3.0366471738617826,1782.422276262781,A班,1,operator_test
2026-01-01 03:05:00,4332.598611686145,299.6345430461487,40.18067320678971,18355.937705941724,43.19167626733649,1.933452012560653,3636.174688309583,7.124810704821309,23.672696301487974,30.19210494034576,2.6111573553532534,1802.124846302432,A班,1,operator_test
2026-01-01 03:10:00,4334.39419272258,315.5523538993606,37.46306449184546,18413.636880379876,43.23727900129822,2.1755029363597402,3525.5203054370395,7.112001626880619,24.41341805313569,30.4127656959088,2.5978538749840396,1827.771367674532,A班,1,operator_test
2026-01-01 03:15:00,4363.847754005798,281.8917407745996,35.743346118242144,18826.454522682434,42.273112105620946,2.0180852884850218,3569.557340852502,7.221215980876199,24.04227687411419,35.05433954724097,2.955506232678402,1753.1054994632505,A班,1,operator_test
2026-01-01 03:20:00,4378.069092131278,313.9025241957937,36.78827759794849,18379.764235519993,42.48668518632881,2.141496027402569,3560.49198093851,7.196785180962467,24.007767604966755,29.235528513312097,2.404677788306405,1815.874505047959,A班,1,operator_test
2026-01-01 03:25:00,4346.071810882786,302.92880421506504,39.133791444933514,18702.291764143116,44.072030763929554,2.191905859103909,3649.049662493851,7.2415844292560045,23.98144838002656,33.308457293839986,2.684896390453867,1825.1835701007635,A班,1,operator_test
2026-01-01 03:30:00,4303.285470763083,323.5911557633265,36.559491617385525,18512.60809606541,42.83862776782136,2.1657361102317503,3595.349787169702,7.205288883941165,24.323799093325892,33.59764177936117,2.5228696696326867,1797.7211899847027,A班,1,operator_test
2026-01-01 03:35:00,4347.840015961104,304.80704115938937,38.232030837205926,18491.937481935307,42.28432589181586,1.8230875413273644,3709.442189487382,7.3326710612007675,24.078654605411966,29.929375347252662,2.8045182138666926,1788.7789607458428,A班,1,operator_test
2026-01-01 03:40:00,4359.022419927075,294.9555562025936,35.094424348889284,18583.89119192817,43.453175212171956,1.9198043267780012,3534.6292443510883,7.200389126160011,24.184106136634682,34.62903323089449,2.1466606632971486,1763.1417658258304,A班,1,operator_test
2026-01-01 03:45:00,4362.730115544772,292.8665441086299,37.45445559602586,18730.43319487414,42.00543429916779,2.126558583005477,3513.5799214656977,7.237600468884943,24.008692409019663,30.928375837071368,3.1117157713031296,1807.7683383421493,A班,1,operator_test
2026-01-01 03:50:00,4400.660738842197,322.72839639779363,37.45921723574709,18485.31318343377,43.59833182630496,2.3615637028918113,3520.7667561727617,7.1258865463911265,23.8535443190778,29.971906625659525,2.9283540987724868,1803.9691255203675,A班,1,operator_test
2026-01-01 03:55:00,4405.203658415135,297.6448060985445,36.761762959764,18696.435460838642,42.66134571218443,2.329448899716545,3669.424224174288,7.10247930889801,24.31614744716151,32.17519494248367,2.8853551859840296,1827.5716493043421,A班,1,operator_test
2026-01-01 04:00:00,4386.9897878969705,315.73057036246695,37.33023028211852,18731.342093904703,44.354492052013434,2.059860765616059,3625.5675753167043,7.196285035308999,23.717279359008835,31.347550513871383,2.8614013230894724,1797.1968361736144,A班,1,operator_test
2026-01-01 04:05:00,4427.169644537425,316.5429104089195,39.03310030006815,18586.500319332732,43.68225997138452,2.2912404082025395,3485.918281015918,7.227428021787194,23.773615921993343,31.465053895008108,2.50812524925945,1808.5809373065072,A班,1,operator_test
2026-01-01 04:10:00,4370.716849424725,316.87196069353126,40.275377279917116,18465.153890794572,42.33255350841723,2.0079958848663253,3502.0399364072223,7.206230249878903,23.54933252047359,30.213203545913455,2.7720014924015275,1815.3015511502754,A班,1,operator_test
2026-01-01 04:15:00,4411.451612861724,309.31452750621105,39.66935413408043,18745.471600807705,42.33216340081434,2.1467250456803617,3587.3978584087267,7.1297533027075355,24.000279192382653,32.64479164726704,2.9871271480166497,1835.2097722910714,A班,1,operator_test
2026-01-01 04:20:00,4331.280072932264,286.741201117083,37.23463218910223,18514.83395002484,42.45864501110216,2.0427486871861187,3523.009141339352,7.121290883643458,23.68977238205862,32.957863561775504,2.435400051094365,1834.4343283242388,A班,1,operator_test
2026-01-01 04:25:00,4358.455649667086,311.3312479881191,40.16730117659872,18433.017191508898,42.825229652555926,2.1703951915144954,3815.7597559523265,7.151044384221563,24.389595580269603,28.10527106672172,2.85984301417812,1771.9494035040902,A班,1,operator_test
2026-01-01 04:30:00,4378.7018819852165,329.8856422338475,38.95949176432857,18427.969058278693,43.78438308286648,2.1560084828886286,3666.0937855080933,7.202474897132904,23.756236876093215,30.160423593734087,2.5003813353433744,1814.2886959162033,A班,1,operator_test
2026-01-01 04:35:00,4370.883096393849,321.6261597763078,36.533154384522845,18652.717289150798,42.18518139056476,1.9190529647662842,3670.645209309002,7.172376261331295,23.63584275478694,33.665534957952346,2.809917070007864,1825.532780704847,A班,1,operator_test
2026-01-01 04:40:00,4371.471770154198,305.4132436761982,39.42300849787526,18408.686030561767,41.954646611971086,2.057803520182145,3575.2048354201775,7.160686993828954,24.038107566368872,31.170262002106984,2.595629455760834,1771.342591928714,A班,1,operator_test
2026-01-01 04:45:00,4374.3451023629295,308.8093082761051,36.282872599601205,18401.241433738996,44.600587801389636,2.2023104420975392,3741.9805513560723,7.303973036817611,23.889205036980112,32.28828063822202,2.6723792017385373,1812.6951820297083,A班,1,operator_test
2026-01-01 04:50:00,4377.895392488929,308.5404151431919,34.85856132836764,18548.202208297247,42.31968893525851,2.0415119589935697,3588.6038534279774,7.207864654219319,23.785515121049468,29.622388760826,2.8717033957590723,1745.7738844679577,A班,1,operator_test
2026-01-01 04:55:00,4422.805984898984,307.71635786921786,36.20845110701937,18672.116871093433,43.79171274024,2.3441410245249084,3603.4203142191436,7.187098736576769,24.058555698148073,32.62153600031051,3.2174784176449855,1797.537970761103,A班,1,operator_test
2026-01-01 05:00:00,4417.157720593143,311.77838997817963,39.21881725020548,18583.613528367358,42.96302908910798,2.1697148905091947,3697.932116195297,7.215310743840044,23.906659787097723,32.19507649604643,2.890855329686906,1806.6015127312273,A班,1,operator_test
2026-01-01 05:05:00,4430.457521125708,320.76930760910875,36.96822658620225,18583.503942461117,41.685397694367566,2.083084376578753,3595.6498972034797,7.292535192327664,24.202112218420154,27.82647481048202,3.2666049106855026,1763.697392800726,A班,1,operator_test
2026-01-01 05:10:00,4398.114112173678,307.9703974216461,37.11659395879721,18508.931353416,42.822016870542754,2.1102690072994723,3598.619417584348,7.147086843324442,24.04039334105226,29.30947125058215,2.5919304134204233,1792.6690415941314,A班,1,operator_test
2026-01-01 05:15:00,4391.517552058441,322.6727911700483,36.120532158714774,18567.54360010066,43.03362907384925,1.9026132728811187,3633.109298910668,7.201431223499113,24.01960441745134,33.03408920608373,2.9266692063407467,1786.3742684254105,A班,1,operator_test
2026-01-01 05:20:00,4451.580136253353,312.05976066018144,38.64266687626842,18581.00381390245,43.08470960449638,2.0074702000715026,3575.73104790368,7.203602842690266,23.73649292224397,32.42136160470412,3.0520278507166476,1772.7251955796974,A班,1,operator_test
2026-01-01 05:25:00,4377.359151498036,327.1752731996167,39.78910868948504,18466.470561053873,42.67543251555605,1.8654499778493632,3568.9592602795224,7.184566744027486,24.18177151450619,29.544237257131645,2.9160312614944877,1804.5061099809632,A班,1,operator_test
2026-01-01 05:30:00,4416.531385138874,314.65766094281724,36.113222671617365,18377.350971001983,44.46831378385412,2.089730166394264,3705.3297403667616,7.226369975772066,24.186264145593316,29.103056419652624,2.843042002088242,1842.6747653714326,A班,1,operator_test
2026-01-01 05:35:00,4424.286631922082,334.4842227145733,37.69292918164769,18722.59536012611,42.71754439750619,1.9540884460794643,3585.4845009765895,7.142792994322646,24.376508835043396,31.450243805082277,2.622315867203802,1742.3239803185168,A班,1,operator_test
2026-01-01 05:40:00,4406.971767304113,299.1121086608456,37.001825848036134,18398.98471527538,41.39363939396552,2.1332056653986577,3623.2447875939574,7.169131655093601,23.879233600065234,33.089733141473545,3.266851940720268,1750.8007270942242,A班,1,operator_test
2026-01-01 05:45:00,4460.134852314003,321.9839366454459,37.341105666095665,18699.368005962486,42.733291272237366,2.155664184287143,3439.908654564175,7.243450377943841,24.32185280377732,33.000301720639385,2.744596357674808,1844.2202995534592,A班,1,operator_test
2026-01-01 05:50:00,4425.148217835362,305.75428141143755,38.30947164292446,18354.82845847814,43.333472198534125,2.1678802927243495,3591.493749943997,7.254361624113096,24.062011334021136,34.29883880487825,3.1985003737904556,1822.5568820966287,A班,1,operator_test
2026-01-01 05:55:00,4420.252290320876,307.34813053056314,38.041418891690455,18719.346373574284,43.29207742489602,1.9789176727263582,3840.979023608347,7.220030457497479,23.647951412646798,32.033973866018655,2.9444034457194763,1786.3984088762033,A班,1,operator_test
2026-01-01 06:00:00,4448.397053898523,295.94907990973746,36.74125175475509,18593.545527050315,42.277945161993806,2.0714115589984097,3504.771221593794,7.190060555475371,24.25820804288621,32.380992084984875,2.5235298885248123,1782.176406250484,A班,1,operator_test
2026-01-01 06:05:00,4433.707049913085,315.43822453763187,39.4691556456485,18642.22101096278,42.85609684917137,1.9725276409084949,3559.2635883191465,7.221379383710954,23.942320302439526,32.374493763124036,2.746712541686919,1776.8512859667521,A班,1,operator_test
2026-01-01 06:10:00,4436.967488270934,313.69453240252386,37.103153909841964,18784.470039968855,42.736401355344114,2.1887069770892027,3526.815529471893,7.142374336739954,24.19803973225223,28.27048613099484,2.6536533304923506,1801.8826991474045,A班,1,operator_test
2026-01-01 06:15:00,4410.325949703517,310.02400302196895,35.92580367076649,18650.483476123398,43.33158098721512,2.0411301435402742,3552.626953168042,7.171654654588956,24.166262773095198,30.062803705535938,2.7600949492517017,1826.0216220136665,A班,1,operator_test
2026-01-01 06:20:00,4387.266867075182,304.99789379717635,37.71052032470684,18439.048049649362,43.09203259820745,2.027767092590863,3611.5711213989443,7.233516814340118,24.295570605126805,29.328741838277335,3.134725676151811,1805.5438795103266,A班,1,operator_test
2026-01-01 06:25:00,4407.647156520509,307.63144009737067,38.00528026313045,18546.951830533322,44.37494896258075,2.1409638889205143,3490.702628981991,7.204181228752393,23.955930163880634,28.815365254132004,2.8905878059797327,1748.2425428191684,A班,1,operator_test
2026-01-01 06:30:00,4506.279849020284,315.73852207041216,36.99244751428254,18621.21878014114,42.521544760411956,2.149764128285664,3535.173019930783,7.284040146215375,23.824881360932665,27.743621485085235,2.981993945458273,1804.503355840607,A班,1,operator_test
2026-01-01 06:35:00,4458.002145480171,322.3114708153006,39.46962440614591,18780.86392799184,42.64366787447935,2.168175763415309,3547.8862886211123,7.2037191581038735,23.753459624722375,36.328970841792845,2.806301575868093,1779.4164545845838,A班,1,operator_test
2026-01-01 06:40:00,4401.529848532575,313.31345602392105,36.31222331007908,18579.329343827405,42.459661694563536,2.1532666677298877,3504.4517501518703,7.177675380161754,23.58490760284268,34.75163310968847,2.6654241665731386,1779.7593805272852,A班,1,operator_test
2026-01-01 06:45:00,4467.2614705607675,308.079824979372,36.9589634372839,18622.804697314816,44.01049949036837,1.9821045389083325,3613.830949644963,7.11729209074542,24.367860745150722,31.96025845048077,2.966022612037635,1753.6254518930373,A班,1,operator_test
2026-01-01 06:50:00,4466.310731824923,308.41421554921243,38.369113661434014,18676.110707308835,42.97277134937143,2.1207434374935956,3660.294820915138,7.182031435402094,23.9215917435824,30.987755543967758,2.6832382161915644,1760.3881720519973,A班,1,operator_test
2026-01-01 06:55:00,4458.770443539888,320.4251193719787,35.91591211014986,18406.38194503788,43.73083452293602,2.1937956606351254,3541.178465239784,7.232314543691993,24.159452122061076,29.57152870114274,2.9510414817278012,1800.7123930706146,A班,1,operator_test
2026-01-01 07:00:00,4396.937920217969,311.82490532972867,41.107526877651225,18565.309797838294,42.24390894704093,2.1343529968291297,3803.090898014922,7.322856828781681,24.026674824044278,29.287389975709313,2.400422600516413,1785.0035830604247,A班,1,operator_test
2026-01-01 07:05:00,4395.120816781105,327.28273913131164,38.78893618345851,18571.03382453584,42.35494983963477,2.2363173799161515,3775.31854954945,7.304264106286658,24.197542090762887,29.518132143283776,2.6451447072026637,1809.8709152317756,A班,1,operator_test
2026-01-01 07:10:00,4413.327251747634,326.4233695737959,36.472352218963984,18809.646589029606,42.57629243038718,1.8222059899200596,3619.5486191337977,7.284112424189993,23.693136620728403,31.207364688954936,2.521407306492557,1801.0487210716465,A班,1,operator_test
2026-01-01 07:15:00,4448.799981705189,299.0919417334132,35.49545159703536,18606.731221308026,41.388389364219016,2.0186585275370317,3610.987232122088,7.114394826044978,24.010339923159965,34.953498502971584,2.6102802606591764,1790.6621219478259,A班,1,operator_test
2026-01-01 07:20:00,4392.917960712552,319.9131229153987,38.07584903873291,18640.951246014483,42.417980475178396,2.1183763260789474,3634.391341608602,7.22418901646012,23.942069955121717,32.93158207346288,3.3885918701433875,1847.8059231728441,A班,1,operator_test
2026-01-01 07:25:00,4436.415458892509,313.3450413004995,40.06231423373339,18632.345223403245,42.91954250360791,2.1621120018768636,3516.7118962993727,7.233039339106819,23.899097298735047,32.84280349775737,2.607756245535521,1744.936147252386,A班,1,operator_test
2026-01-01 07:30:00,4490.089263185689,292.1097697859057,35.23617655370508,18989.43888975044,43.45868211932904,2.1321724665751716,3460.7944996640426,7.201249134567203,24.272905343468334,31.91092441298025,2.7941852894055987,1795.3084498591347,A班,1,operator_test
2026-01-01 07:35:00,4445.4356869661115,323.8706122146087,38.22347186920359,18545.142828606593,41.99975527225767,2.1290149183643376,3503.843971061083,7.202882249942084,23.906777705382922,28.289618365536178,2.9463115902210304,1760.0078947582979,A班,1,operator_test
2026-01-01 07:40:00,4456.225365638702,304.65367430531876,36.71173117215692,18465.303433794947,43.067114426197776,2.2665357511347723,3642.276812995809,7.1844528515914705,24.07691368562319,32.22430568128762,2.6788280432624334,1802.0963950566943,A班,1,operator_test
2026-01-01 07:45:00,4412.265529409938,310.29565123124803,38.62435563953867,18557.72851550019,43.21631948126086,2.158777759401302,3458.0257049720267,7.147198748187951,23.962877582389442,31.64713061186589,2.871333985821018,1776.2627927697845,A班,1,operator_test
2026-01-01 07:50:00,4429.190454506513,307.7178483362738,41.969310670344214,18578.243338398515,43.107355517776774,2.1447222971464863,3563.995612169628,7.160058727377678,24.11541435809621,29.506861737643344,2.9248096346971475,1842.8928949400195,A班,1,operator_test
2026-01-01 07:55:00,4452.206018717534,335.6089117633345,35.590848226997934,18630.89070010334,42.6566624723666,2.1515241881055838,3568.5889258454317,7.156233381236036,23.623603482691134,28.396965601797106,2.5493488475996804,1827.5073210535948,A班,1,operator_test
2026-01-01 08:00:00,4469.230472228229,319.15564793280436,41.928549214276444,18794.510904328607,41.944015627974196,2.1145438877322134,3572.387479530111,7.2471550723604095,24.016304424696752,34.03564951331634,2.7552251702225683,1788.0149327946096,A班,1,operator_test
2026-01-01 08:05:00,4502.212310691677,313.4133698874296,37.48752641024675,18755.542048907544,43.090890991388605,2.0250127637978963,3677.316901240949,7.233795024685002,24.040277066207793,28.82207556618036,2.836410024993802,1788.789264713779,A班,1,operator_test
2026-01-01 08:10:00,4468.198987814922,314.9179561035826,35.43713025714241,18659.045622477985,43.79297340566541,2.0772904497357354,3648.8880158273882,7.230714179219105,24.52493265747262,28.742883451398825,2.512410899717292,1803.3784363812147,A班,1,operator_test
2026-01-01 08:15:00,4490.502423709483,334.8048463189076,39.451337427450916,18671.987307281204,44.25534559597324,2.3914282582521063,3619.4912362585173,7.1278471592911945,24.0406894057094,30.008712069840627,2.425166650968305,1767.0956142434525,A班,1,operator_test
2026-01-01 08:20:00,4407.411894037319,318.00932502990617,36.428442817953034,18749.083262557393,41.80246780787001,2.194984316153058,3616.500994433007,7.193908091608149,23.893158042605236,28.959087659414312,3.023237893664063,1783.3004652160603,A班,1,operator_test
2026-01-01 08:25:00,4427.456716233318,307.46311397616824,35.697787698384815,18539.225134051616,42.93989219697261,2.222720815045691,3575.0875161226095,7.317377384867733,24.145962363219653,30.846698916595496,2.7663808883974816,1832.1935012579133,A班,1,operator_test
2026-01-01 08:30:00,4458.933572627794,320.8118548267863,44.551573533274826,18552.838814454954,41.503338807951835,2.1480592564097734,3547.504840993766,7.236765025684617,23.87588417355964,30.692464022074024,3.219387449240438,1769.947466580555,A班,1,operator_test
2026-01-01 08:35:00,4455.795508886089,299.7702919989012,35.857198943678135,18500.250137485837,42.912237645118985,1.9832484136211466,3536.734114459223,7.16189626862499,24.04376967715763,29.50275448318796,2.791523290786206,1826.8282490616,A班,1,operator_test
2026-01-01 08:40:00,4448.2120600125045,301.35838977612053,34.89811775586156,18817.73078981103,43.516248547960465,1.8858803543730729,3581.7311446214044,7.25511755707635,23.78474134115325,29.37234801716353,3.012850116841442,1811.209285053394,A班,1,operator_test
2026-01-01 08:45:00,4412.185730801131,296.5553758301223,38.036621914727114,18616.190893597664,43.93510217061849,2.2409231606058535,3579.08502927074,7.1952608210588105,23.98673177415809,31.526710773320595,3.0665036947977233,1730.396336764125,A班,1,operator_test
2026-01-01 08:50:00,4444.900132962188,291.32424476195104,33.530597983143736,18824.86601087521,43.3242546366154,1.969906126187065,3609.5501204051566,7.209639201485486,23.84894253443401,32.20167895536077,2.42988579439207,1856.1029090163556,A班,1,operator_test
2026-01-01 08:55:00,4437.054516982976,297.17438560862536,38.92000871791376,18652.34692051423,43.17110477489926,2.3633725397768783,3537.972865703059,7.2266843205858935,23.758300976829176,31.730953841100487,2.542661142715285,1824.0935998665468,A班,1,operator_test
2026-01-01 09:00:00,4402.573167684306,312.49627137562624,35.55336243948924,18742.3064949726,42.68433989558302,2.238720689812229,3596.8483774277283,7.226532374823671,24.024068020655182,27.351735300164044,2.519456950541864,1826.3496559080138,A班,1,operator_test
2026-01-01 09:05:00,4437.611361910939,308.4491645551563,35.718522932483566,18559.1083343829,43.44935359071304,2.1708030394349436,3499.6413189470377,7.23970188350656,24.02173074516926,34.59176732092889,2.827680663566627,1759.5473025116203,A班,1,operator_test
2026-01-01 09:10:00,4442.447994476767,303.5631724539159,39.17979123136755,18695.526176994863,42.36404499967022,2.206264202636865,3539.903029310726,7.180225607631581,23.660948489520962,31.229055507845892,2.3491412609620124,1819.2523120444453,A班,1,operator_test
2026-01-01 09:15:00,4411.842181228469,310.71648421081755,35.75990409891448,18707.14924517231,43.29509651632394,2.124137372725145,3710.1969484422057,7.155300132405331,24.156201926240563,32.442801175006586,2.881185123504203,1775.0118081708765,A班,1,operator_test
2026-01-01 09:20:00,4402.663866464135,312.2738140625658,38.746797651493694,18530.96362432657,44.26635211397874,2.2605468875766626,3664.4493160107268,7.148624722874259,23.70365325829192,29.932029327342363,2.4164356587545113,1828.6744243847095,A班,1,operator_test
2026-01-01 09:25:00,4497.891904340375,328.85924873976177,35.71265607821993,18706.5547791754,42.1104301100671,2.03819517929069,3530.425135474953,7.263934085103381,24.042811718382495,26.940814195658156,2.5083694492828474,1806.8273328010978,A班,1,operator_test
2026-01-01 09:30:00,4442.678229971377,312.6801595841955,37.244549025773274,18782.869722714127,43.88702066706903,2.161998469465618,3592.187088247995,7.230826013181009,24.31044085423962,33.347937943668114,2.7883521971526988,1838.2398618016405,A班,1,operator_test
2026-01-01 09:35:00,4455.326121634491,297.1914354720886,37.20279783410689,18655.622648931272,45.624168281169354,1.946629486015752,3563.111913306621,7.231005164067742,24.163000287991366,27.760403293879733,2.710985956298447,1821.5266317089386,A班,1,operator_test
2026-01-01 09:40:00,4371.318158501139,318.4695321427082,39.91591956616117,18590.154964764108,41.34432243539371,2.2045777348796882,3535.4816697055426,7.193065777851289,24.013055131787638,32.36847313973019,2.8888508628860343,1838.5705536023308,A班,1,operator_test
2026-01-01 09:45:00,4407.719140654443,295.8077407527013,37.595410584858044,18512.258141501447,42.707384883344204,2.033529912581943,3661.3047950976893,7.124927123591306,23.89737650529667,31.98771620088186,2.1273175360731376,1832.1595280551776,A班,1,operator_test
2026-01-01 09:50:00,4428.80177784338,303.3804035496554,36.94200000447803,18593.33568721979,43.60728022282556,2.1667549182653705,3654.948005058113,7.166999621683768,23.848571635530018,33.72754043657831,3.0984219550746572,1846.752992556435,A班,1,operator_test
2026-01-01 09:55:00,4443.251383485931,306.17473002334634,41.2681123175769,18822.79485320838,42.71973966946362,2.1593590811176075,3396.5881277117514,7.2463171570619895,23.885504107812242,28.849999713726007,2.068236642946135,1819.9362401539804,A班,1,operator_test
2026-01-01 10:00:00,4469.526066303761,312.11842654741463,37.36157430568343,18581.56916266324,44.11603966723378,2.1353454266002827,3667.0596670353134,7.123430207164426,24.09809387319375,34.622210566031086,2.744156365732821,1808.8752992545167,A班,1,operator_test
2026-01-01 10:05:00,4398.914801534135,298.74793236941986,38.73689583719126,18669.0540025345,42.580560752961816,2.0206040201052056,3623.42001385907,7.147730107052137,23.939645788263327,31.32828618810378,2.9322386024569624,1793.2839724506384,A班,1,operator_test
2026-01-01 10:10:00,4446.008655824387,303.83375788989537,35.28651512739063,18717.438634091923,44.14624197971551,2.1771964262543246,3650.2420081580367,7.242481014863297,24.796926541228324,30.642988234495196,2.321455384508705,1844.3848385096792,A班,1,operator_test
2026-01-01 10:15:00,4463.154773579024,306.1483736041655,34.108565333833816,18750.131579910194,44.15302158586562,2.0247378109531504,3527.8709022589387,7.113614252053798,24.246344468921084,30.007012486726452,2.937494094265113,1779.9617659446703,A班,1,operator_test
2026-01-01 10:20:00,4382.100938568518,313.38856945133256,38.546741050646695,18649.983605694608,41.25717175127439,2.192552470064081,3591.959559610957,7.174878677045834,24.258868255957232,28.071190599713507,3.236647043355625,1782.788385841026,A班,1,operator_test
2026-01-01 10:25:00,4416.796470756519,297.6897749964741,39.69198759633338,18590.03165297062,44.02027306153741,2.318965587378508,3632.680327278579,7.142395217178493,24.15922326638671,32.28829710583433,2.816673179396885,1777.8313242692834,A班,1,operator_test
2026-01-01 10:30:00,4462.374464794433,300.63359096399665,38.82345314387668,18736.255957843587,42.81003111995492,2.107048907468176,3595.263044900604,7.1510252511054935,23.869013723421663,32.46876862156324,2.8991400006811276,1803.7653729251533,A班,1,operator_test
2026-01-01 10:35:00,4469.976530032194,289.74871202859737,42.412296419319844,18697.149696530603,43.00085358535197,2.0064332215069993,3573.773311194046,7.18302029822443,23.884090866715315,33.346759588211114,2.7189102643974836,1778.4655401558616,A班,1,operator_test
2026-01-01 10:40:00,4382.513128450949,320.5124849853537,36.62924347641406,18645.034539372944,41.88850622141253,2.2472063580361517,3642.6350656360532,7.207137513981374,23.961017475831344,30.427115748832193,2.866259313223493,1765.30609364134,A班,1,operator_test
2026-01-01 10:45:00,4426.159680491857,296.8402598816969,34.967821762973834,18550.87406982851,43.91316088968792,2.1090188005652624,3638.0816088869847,7.113458325822026,23.92128070660727,30.20064320949537,2.746495802660184,1845.185241674627,A班,1,operator_test
2026-01-01 10:50:00,4381.736873503051,315.5556577258896,39.3694229619399,18435.84511998301,43.58755352464048,2.042716697298319,3598.4309694724407,7.21511892151753,24.199943674344723,30.75528196566257,2.8665052838171667,1809.5453782776506,A班,1,operator_test
2026-01-01 10:55:00,4372.733858157488,324.34694850187566,39.66091384602569,18524.128734781472,42.31793674794852,2.187262610563104,3667.6906197817993,7.273131331112224,24.04160798722061,32.881116227496406,2.656708236812623,1785.2469115885162,A班,1,operator_test
2026-01-01 11:00:00,4413.927164944573,305.3536515748916,39.445513800186404,18643.22978123563,44.58447420447669,2.1877848407883063,3577.903184697113,7.220536876070631,23.806256430288286,30.805816785399838,2.747583353539458,1830.1891352920538,A班,1,operator_test
2026-01-01 11:05:00,4405.103704079382,309.58784183594173,39.2134546502363,18692.54068128455,41.96394742037737,2.029884883090448,3552.7732756696973,7.2693971132079005,24.05852758622682,31.762850050338724,3.1775943362300865,1829.7703119326197,A班,1,operator_test
2026-01-01 11:10:00,4394.748781938836,339.8102095851861,39.54637164245782,18410.49693481,42.504687681102446,1.9107520128571773,3600.7372399344454,7.199282510228486,23.939248328571807,32.03282012392911,3.0708725532506667,1827.1582430827339,A班,1,operator_test
2026-01-01 11:15:00,4441.33714903519,320.16922027707545,37.26169558471102,18476.556968207475,44.44949056281999,1.8496366912894728,3742.7433343929342,7.228635969817952,24.01699357410146,35.735224706057465,2.6021169296474,1849.0071103359346,A班,1,operator_test
2026-01-01 11:20:00,4419.736442494918,330.1008881717577,36.00049181350678,18548.81223797222,42.63742686220723,2.0835282219417715,3541.3638590933965,7.2509355461405205,23.86962050039353,28.54844766679386,2.719446822286761,1786.9849338046301,A班,1,operator_test
2026-01-01 11:25:00,4349.582128473106,308.4631937037162,36.81588402511146,18517.072482352705,44.245543828460676,2.168338792478492,3564.8385922931398,7.182245402685088,23.958014192024415,30.18986053651575,2.3281228659951965,1841.3878675075673,A班,1,operator_test
2026-01-01 11:30:00,4401.374538442565,334.77849990099986,37.3869946304641,18547.58587410249,42.45128509089566,2.191465260517193,3670.1001334882094,7.210087701429911,23.92580675265677,29.194582215578084,2.9609644641473856,1791.0043499012795,A班,1,operator_test
2026-01-01 11:35:00,4389.5764243475305,317.59930521069793,37.50614850461435,18604.77743143477,43.61626000469315,2.051165108699221,3591.633103474077,7.19299354807477,23.761592420905007,31.07142658625348,2.894642933940792,1829.8570446361375,A班,1,operator_test
2026-01-01 11:40:00,4426.228860059845,303.67359378461435,40.78666349051292,18636.620402875207,42.18740180891526,2.3397719018652405,3637.5399366634574,7.107335886680029,24.08807313045712,31.85364078105569,2.4182711281124183,1772.848102982311,A班,1,operator_test
2026-01-01 11:45:00,4425.103673609832,310.6098104359848,34.415782885584846,18500.096662572396,44.00115345054555,1.9461680824802385,3663.447776084211,7.225998456094187,23.699751192916885,30.69518405511948,3.0006272838568413,1807.7931375747644,A班,1,operator_test
2026-01-01 11:50:00,4420.252048224603,306.03397432872265,40.00231174608807,18552.820636297998,42.45861177042541,2.2752240951199183,3603.9580553693586,7.142629874503695,24.036921306925095,34.46091629711053,2.8787736355162354,1795.8327925980484,A班,1,operator_test
2026-01-01 11:55:00,4391.294249523405,300.8343925839947,39.88626044721112,18551.422202889644,43.77284910512036,2.1391831570742683,3389.695520249183,7.135830176211659,24.15310834240402,30.538994079560233,2.6515667729594226,1794.29048243155,A班,1,operator_test
2026-01-01 12:00:00,4429.237526733837,304.9815245825706,35.986612430876356,18401.873969983997,43.10905743377755,1.8609788664536633,3656.3175057393787,7.23235083243799,23.864550359693254,31.92864856542353,2.51874868671836,1810.9374310741794,A班,1,operator_test
2026-01-01 12:05:00,4338.0879164042235,312.4435229905737,35.752278733460834,18617.71038606527,41.66612481871903,1.9567966143185325,3687.8803300700747,7.141319601447677,23.941094795487462,30.049740203897937,2.6568628399784977,1790.3730788788398,A班,1,operator_test
2026-01-01 12:10:00,4395.831393440664,331.75377820189186,40.261996097812656,18641.782220938087,42.83204928129014,2.2342350502561676,3649.507819148803,7.236760533840174,24.040718711926154,33.7153997126562,2.7175523021031807,1842.3652099040369,A班,1,operator_test
2026-01-01 12:15:00,4439.131989218087,310.16520937984706,36.12149848995831,18670.308584811537,42.317334959012015,2.038681223891298,3559.6241105597533,7.22904351880242,24.208072676295306,29.873017212000963,2.95844262725295,1781.91260271928,A班,1,operator_test
2026-01-01 12:20:00,4365.109554767213,320.63402951488484,37.061537498814964,18676.862990108402,42.669365279341925,2.174987939803076,3631.0089102349284,7.260294206996397,24.058079222130385,33.34967002438139,2.9605213683769813,1769.3262382210871,A班,1,operator_test
2026-01-01 12:25:00,4400.990061480533,311.8516617699856,40.25167606678286,18560.824111227084,42.863834346334755,1.9464001070079286,3560.5498403036304,7.182735842534617,24.185937839666703,32.72907561379402,2.824521028497286,1760.2345076037968,A班,1,operator_test
2026-01-01 12:30:00,4445.033295957659,295.14022534389466,37.783924586196406,18740.334970056614,42.28365763226313,2.216437864341946,3575.59774071375,7.261377291852343,24.128437915630407,32.21400051173373,2.6840285219909195,1846.2916935699222,A班,1,operator_test
2026-01-01 12:35:00,4365.1123696177665,307.61972980404215,38.68983031374178,18714.66824312493,43.38468536512569,2.136917125117376,3517.0957912059025,7.1508998614732295,24.30867030269227,33.47221298851737,2.867264399373341,1823.1638294844543,A班,1,operator_test
2026-01-01 12:40:00,4353.826652348247,310.16687247170745,36.238209348759305,18659.905685561993,43.286139487900925,2.386737333762874,3631.3699214516637,7.231984627693091,23.945532566588028,31.896226589644268,2.962284065293075,1822.4880662768187,A班,1,operator_test
2026-01-01 12:45:00,4343.740432285404,308.8239675731378,34.03944543309235,18647.037658570618,42.53138230134304,1.7909213507416761,3638.424422312179,7.12794943631765,23.96332674189673,35.578578674938214,3.2159977792171808,1807.2910424759052,A班,1,operator_test
2026-01-01 12:50:00,4346.12178198226,303.69321022725035,39.385067844705105,18528.843609871547,42.80816755737558,2.136577351269619,3639.0099216989233,7.18242453866721,24.16791984025775,30.312430825742176,2.764154688803096,1802.288588124032,A班,1,operator_test
2026-01-01 12:55:00,4381.986747922884,326.1300230018898,32.02837261619025,18499.53386631209,42.175283458833626,1.9364608180173775,3594.1064147209063,7.242107661149352,23.77574326626056,30.261702832889917,2.813713147063589,1856.1985906082705,A班,1,operator_test
2026-01-01 13:00:00,4342.229452482021,324.79915485006484,39.49529710020762,18686.702377995647,43.44724846229329,2.2092776740489786,3617.613048438202,7.19815727329312,23.995957605232913,28.41491180388126,2.7078957323779616,1804.123496073875,A班,1,operator_test
2026-01-01 13:05:00,4330.86582977762,316.31779099976364,36.78082993050752,18432.922581155424,44.020190969465844,1.8865243868532426,3636.542677421369,7.158844129643675,24.001443617076088,34.21600434615512,3.0327779610319148,1774.8748993137497,A班,1,operator_test
2026-01-01 13:10:00,4326.93042215274,299.3485235281651,38.485431768505954,18511.640069160818,41.87544665426426,2.07857321932785,3601.4994272626277,7.181208525229172,24.37477270721648,31.57606255419065,2.6454033287516543,1771.2980234966392,A班,1,operator_test
2026-01-01 13:15:00,4359.114305861217,326.7013155556542,37.7097131438521,18659.149777289153,42.74526370262195,2.1418237711056745,3544.1011190688155,7.222967400401667,24.136419825778532,29.770479088688607,2.5430574677127353,1782.9412284531413,A班,1,operator_test
2026-01-01 13:20:00,4275.462675806604,290.96581000563464,40.36755678792982,18458.554652123526,41.917650393234176,2.0827388443923884,3643.167079675367,7.168522492866636,24.036247029903958,28.007089817160207,3.0861931212611773,1802.4585885033814,A班,1,operator_test
2026-01-01 13:25:00,4357.589856739541,288.6692387795979,38.25635850685272,18342.86651335716,42.246135031158104,2.004654306304788,3709.96458678262,7.195411386855572,24.210053301630243,36.02087621102624,2.991119097087956,1865.1328939713776,A班,1,operator_test
2026-01-01 13:30:00,4393.235165652349,316.2672689935633,39.46382512592119,18504.72052169215,43.76291581367513,2.080830033920627,3675.4710781402064,7.221890384995763,23.988012879602813,29.669028889989935,2.866151540783657,1853.3353909788186,A班,1,operator_test
2026-01-01 13:35:00,4350.751995901934,312.0308192999971,37.43695241279976,18695.005616587365,43.3550597349982,1.813447843071253,3610.055350413638,7.173639163091544,23.791985246623483,28.150517980574424,3.0582419167201986,1749.6044686000355,A班,1,operator_test
2026-01-01 13:40:00,4329.07733401601,326.5347332151403,36.91000019075466,18424.132276832665,42.25580085305034,1.954633601869389,3655.658648720893,7.194018634876582,24.148726951543466,32.799049652337146,2.5374019226138333,1823.2720414593375,A班,1,operator_test
2026-01-01 13:45:00,4376.373690433713,295.54126470558936,36.22541836817091,18549.86510682296,43.64424922748426,2.191468315311251,3599.3449680369495,7.125964021697468,23.870017930804522,32.04147996122533,2.5791024824258666,1787.7597771186252,A班,1,operator_test
2026-01-01 13:50:00,4343.121540572756,309.62248939125686,40.38104257813121,18517.966535376978,44.53746017757551,2.01074251819018,3686.0801982708113,7.224476619877046,23.673276659773936,31.694272576937497,2.901116406670991,1780.688972313336,A班,1,operator_test
2026-01-01 13:55:00,4341.809345521298,321.85450647954667,39.57558181433908,18528.967297804687,41.69192147842238,2.1738950762125144,3489.4888610915455,7.264190972103126,23.781812945866957,31.618839037816862,2.793042493402508,1818.3141846784563,A班,1,operator_test
2026-01-01 14:00:00,4310.026305407752,309.11139913180386,35.99040216387352,18378.547721893443,42.005471466079534,2.1654762038482,3660.532887017456,7.149619524873117,24.169944577465337,29.690412087364777,3.1614185456045116,1851.308727594975,A班,1,operator_test
2026-01-01 14:05:00,4337.244672719923,298.0166944732075,33.67540164270616,18642.37967948207,43.57086019067208,2.035100024463929,3563.3942433137286,7.186260721186942,23.85624325152443,32.04235837586489,2.7903030885803104,1833.2531384338956,A班,1,operator_test
2026-01-01 14:10:00,4343.716229802896,289.75052723857857,37.01133702316804,18451.491158163462,42.1252509253992,2.065434265164996,3668.0815367629384,7.131599289479938,23.980366174360583,31.21754057043281,2.9767175171154316,1802.8380509175647,A班,1,operator_test
2026-01-01 14:15:00,4358.1737393800895,302.2856380349641,34.14888437268029,18432.31052372954,42.17486579547204,2.1782236545620677,3577.6991865072496,7.165379064986811,24.131775329917335,31.036178720723584,2.681483222310225,1831.6898827114157,A班,1,operator_test
2026-01-01 14:20:00,4342.941504969411,297.74233069436673,39.355895654061385,18505.90016857794,43.691447707341474,2.1362748145420962,3554.0288798987344,7.305432804299454,23.79193511532107,33.567849241222206,2.9246078308506824,1763.9309900552714,A班,1,operator_test
2026-01-01 14:25:00,4280.85493744251,310.151669952171,40.00275416878162,18459.799736930916,42.9743436448552,2.097262142190116,3624.3152808605723,7.180951610781748,24.088340915926224,32.856045491697394,2.8624650263018188,1790.5288453770302,A班,1,operator_test
2026-01-01 14:30:00,4306.842073882656,318.3402656527258,37.102261451945175,18417.228797393844,42.200661300360615,2.1764391037906092,3508.3312718343127,7.211263508535974,23.898113735582296,29.093328976748428,2.884512499014218,1799.6373802359863,A班,1,operator_test
2026-01-01 14:35:00,4306.3599376062075,301.928536249104,39.98559134490958,18668.178179482326,42.227650743871564,2.1153971451025626,3615.0200364363955,7.162350603738533,23.848072687236325,27.330710029374192,2.679084344996873,1778.6011470170351,A班,1,operator_test
2026-01-01 14:40:00,4299.436986035755,273.75426833727226,36.466910727207654,18462.108841845504,42.21428328988509,2.3715028915199685,3551.9670097130565,7.156085771176623,23.969708734889835,29.100220495817787,2.6656328974314114,1818.481368818436,A班,1,operator_test
2026-01-01 14:45:00,4275.580863723889,306.43037798294375,39.943322571199474,18541.147061721214,44.36139712783192,2.115494874326968,3596.308645173974,7.212447966847244,24.41026190374738,28.38358857949542,2.9141329346495257,1865.09925807061,A班,1,operator_test
2026-01-01 14:50:00,4293.845371621993,294.1008156551304,39.67462661788178,18462.53678649615,42.718701145305324,1.934563368580748,3553.615833399216,7.208576919872965,23.922082822435204,31.09578808955972,3.071930464181044,1794.1847608557075,A班,1,operator_test
2026-01-01 14:55:00,4330.746565989379,304.4974869600772,38.29116037412324,18575.105833423022,42.8255236281087,2.2275491064181048,3465.330054729314,7.158875118182471,24.135794520823914,27.756650668376928,2.3778781367484787,1796.9531269075742,A班,1,operator_test
2026-01-01 15:00:00,4215.664081248868,309.7974565046338,40.85025132146199,18625.980468420334,43.730359506868034,2.1249860481263605,3706.25397451577,7.231922767282537,23.877451698477525,33.17568775805224,2.395248876768327,1787.999810951723,A班,1,operator_test
2026-01-01 15:05:00,4231.085580882409,298.02834594555475,36.68004505475211,18578.234493635682,43.04765653716307,2.1877032416900786,3684.5822818882807,7.170947192434767,24.289403997120523,29.405381100843666,3.0240293232605864,1811.1925141670931,A班,1,operator_test
2026-01-01 15:10:00,4297.139709719219,312.54925375012334,37.76797358851394,18493.0420178735,42.64909433343411,1.8471509730425195,3708.9230798527988,7.269617555698711,24.298205156539808,31.61884569235829,2.8051068326982076,1806.8105469734762,A班,1,operator_test
2026-01-01 15:15:00,4248.425388458603,308.9966348681585,41.452871753623356,18372.212297849746,42.24828217093104,2.0565987841857813,3558.5866309298963,7.22417339504838,23.949950764097178,29.12352087924186,2.95048248138056,1842.9009279137656,A班,1,operator_test
2026-01-01 15:20:00,4270.720238631139,285.01249405378564,40.52561846918975,18468.982415034632,41.57629242125053,2.119786182956035,3656.7525793482437,7.28585959322056,24.03472608702268,28.197312098496997,2.5817311863008,1840.8787324615162,A班,1,operator_test
2026-01-01 15:25:00,4279.436054049509,322.3319858048199,36.758722613049535,18617.366664075533,41.76478177585017,1.9544669738235436,3540.346726546903,7.174954110750043,23.9779661958424,32.980020692645375,2.7939080995634282,1816.425132295939,A班,1,operator_test
2026-01-01 15:30:00,4277.449319301804,310.37371121703285,38.310093425288535,18635.309580749945,42.87000288659196,2.0842249392840015,3709.3326047735914,7.2069325238448325,23.695634688419208,29.748442723689852,2.6050562366857792,1735.0579641673694,A班,1,operator_test
2026-01-01 15:35:00,4268.246792163159,306.73480353753627,39.74564720710406,18321.401083610315,42.70756183150201,2.10634519949523,3573.1230727267352,7.126583326035611,24.298059967301203,31.464322215157114,2.643976665229483,1837.3940427263235,A班,1,operator_test
2026-01-01 15:40:00,4299.493593522369,340.6678361303189,38.509993223966646,18599.94714791455,42.65327385895881,2.3783597245329604,3687.3016976336507,7.314579685850115,23.991295616529097,29.881279309375184,3.090582643395864,1805.998853384411,A班,1,operator_test
2026-01-01 15:45:00,4268.895312629298,296.9412152088144,39.20635861336685,18503.170148811307,44.67540173946971,2.2142927391903866,3616.66610464045,7.15180809765634,23.7472604096869,33.3585086633867,2.909761181283416,1802.7259539087893,A班,1,operator_test
2026-01-01 15:50:00,4288.29307451498,318.6410052506614,39.72200091528633,18601.947117915108,44.25491808975346,2.1293124022512613,3735.907315105801,7.155815202463998,24.01931879392211,32.20526774987104,2.548324588173439,1838.6008006732914,A班,1,operator_test
2026-01-01 15:55:00,4236.04167170122,310.86796580168976,39.42875026702132,18308.7795998091,43.656808256244965,2.015537477341554,3736.517284042001,7.348616043326416,24.159216528697502,32.72196491574708,3.033648432032474,1833.6870838509913,A班,1,operator_test
2026-01-01 16:00:00,4255.203876688654,316.54494200230334,34.91970983966905,18466.449559393877,41.141047098159554,2.1015710534818393,3662.594791059484,7.233765169636299,23.92573664836287,28.71324897481275,2.6102206455683192,1798.5718964017935,A班,1,operator_test
2026-01-01 16:05:00,4231.924651941134,305.8763350964591,38.24873964707541,18397.61029598965,44.37797206368596,2.181664243809964,3743.4740140462395,7.164491178448363,23.92247655144746,29.51184479947017,3.1662476846938428,1781.677842075425,A班,1,operator_test
2026-01-01 16:10:00,4274.056553948378,308.6031415375153,37.709386406783615,18614.4619165588,43.628323547155325,2.1373510730800573,3511.0253112452124,7.174790027995759,24.229223131676367,29.831769488595587,2.566741329870984,1777.0595640125891,A班,1,operator_test
2026-01-01 16:15:00,4289.665366698189,310.67078094685866,37.7450600984703,18448.867830679428,41.608542400662905,2.0582195148233384,3549.211074159257,7.280000778606821,24.201575940833205,32.80666031479589,2.512143391721607,1806.945469161433,A班,1,operator_test
2026-01-01 16:20:00,4197.422338569097,316.31061899394047,38.145266231721706,18318.569937811586,43.73909533956445,2.0789554760691953,3602.363878690613,7.223525566999854,23.633938930894793,29.201858285810882,2.797862673304819,1831.8035160161444,A班,1,operator_test
2026-01-01 16:25:00,4233.965063290056,321.00998521152974,35.715137773014774,18279.058909307903,43.0836964630926,2.257301330120359,3578.1208464940178,7.122147040592032,23.936260479689693,29.906164987282615,2.732465327041462,1759.0552627869502,A班,1,operator_test
2026-01-01 16:30:00,4185.270756354694,328.7825402998012,37.485487047770256,18407.385713269985,41.753616020173325,2.047274796648855,3712.3995490648654,7.145994955143453,23.994277748842734,32.03639069569228,2.6272398145983917,1799.3656842343426,A班,1,operator_test
2026-01-01 16:35:00,4245.73658439802,315.39600151375214,39.17216070952141,18525.194468611993,42.97034385494945,1.925539975540586,3772.7104656285787,7.21742856770702,23.945940277993145,29.761084041837446,2.681368682093335,1776.0178362551096,A班,1,operator_test
2026-01-01 16:40:00,4169.855234941295,290.5600075745894,39.0077258032837,18256.876788157886,41.990335478186665,2.294438028055496,3560.459177816022,7.225437957129738,24.039933914565246,32.0721305646846,2.633709708191404,1780.2221993366938,A班,1,operator_test
2026-01-01 16:45:00,4154.104890739018,280.8717942954837,39.04135649806036,18400.412389982685,44.346890872039225,1.9348440221718115,3610.4650364458807,7.126241320998651,23.807228718701236,28.063975014089092,2.6782086884313334,1798.2838425078892,A班,1,operator_test
2026-01-01 16:50:00,4159.52246090429,301.5310815953326,38.255456247140046,18392.793654015124,43.11309319361105,1.982444548301459,3667.413688015486,7.175988731516456,23.899824465201945,29.554578296733922,3.226921846518925,1785.4426700611348,A班,1,operator_test
2026-01-01 16:55:00,4198.080306579625,303.70253908366993,39.0375621777381,18272.213115174683,43.68882789350644,2.08174115662971,3585.630446530643,7.252051766727625,23.689687472342403,28.1075794604953,2.4246558857528786,1836.5576682540986,A班,1,operator_test
2026-01-01 17:00:00,4185.740888900936,306.48802472024465,40.608801210028226,18594.475407863247,42.45272493073265,2.120889472983084,3694.033797775093,7.144320149629646,24.10551132058499,28.824037788935577,2.6207310113484814,1813.5426499041755,A班,1,operator_test
2026-01-01 17:05:00,4245.1852962389,312.13790586117074,36.53160656102276,18476.89529940619,43.5593670007262,2.1013342998769375,3751.8322555401387,7.187727042459655,23.878191426246513,33.31287234439395,3.073898010449391,1811.4538962299237,A班,1,operator_test
2026-01-01 17:10:00,4203.587300742478,313.6447574737979,39.93479264027186,18109.562479344306,43.989191203373565,2.270224474686106,3614.0716021349,7.237186036299118,24.072482482964816,28.955616991787238,3.2421710660256426,1770.8531219741617,A班,1,operator_test
2026-01-01 17:15:00,4185.545948906033,295.70096718543635,35.335930269421695,18280.180480647192,42.13074571387379,2.1329351352992187,3628.1838468456294,7.242342979950715,23.951247735515594,32.76107837002283,2.8205468890513106,1790.4215774078805,A班,1,operator_test
2026-01-01 17:20:00,4172.8476578347045,298.2207647243447,37.12542397774818,18576.365162101578,43.54183815941636,2.1031223692309604,3573.444760228988,7.181921446628974,24.006329212338127,32.13493890390597,2.8439260916800184,1785.7976018825207,A班,1,operator_test
2026-01-01 17:25:00,4163.09738148169,310.26411689201404,39.00128423567354,18412.948552052596,43.541008601205725,1.788064737703032,3515.5721003573344,7.136859775143545,24.14998026772559,32.13137407689506,2.983928238772315,1845.7780252438642,A班,1,operator_test
2026-01-01 17:30:00,4141.5367866469405,326.2399271530825,36.236875454991576,18559.848882759983,44.34505247924136,2.079058342752466,3542.1789087440534,7.215743558664336,24.102767869592277,30.432718062551903,3.347727751337092,1772.5287803662854,A班,1,operator_test
2026-01-01 17:35:00,4165.098607539857,311.7910419631779,35.37164079380716,18327.958981106083,44.62920465306338,2.3452622610599816,3630.7883222974237,7.100763226544518,24.22806718495469,32.46278163716612,2.466117594269295,1851.7466042973194,A班,1,operator_test
2026-01-01 17:40:00,4203.453813397494,320.2801254490158,39.14465113190433,18327.282932681945,42.20968314625887,2.0124379656714835,3599.3249484036673,7.170625569901648,23.661511459597378,31.23763246542602,2.2775814385242965,1790.4808529672823,A班,1,operator_test
2026-01-01 17:45:00,4211.856890716398,313.13500908187825,35.82980421422335,18620.849553766875,42.06692779092677,2.2928114433916225,3536.2919311015035,7.272929417141014,24.58442032950325,32.83819187417472,3.4447475672631476,1758.2392893222875,A班,1,operator_test
2026-01-01 17:50:00,4184.070554427046,310.26010842167096,40.59170004643496,18297.68864671938,42.153360639423404,2.32390044119685,3647.8902831087403,7.224649944427104,24.028387793261203,32.76279478449842,2.5377505623757632,1750.8575735498664,A班,1,operator_test
2026-01-01 17:55:00,4202.061221435609,300.4682561847255,36.98272730800259,18255.800260250227,42.5991763590992,2.1174354112136062,3674.6505334473154,7.191345842499926,24.2840255219656,32.284754704757326,2.8648002594660125,1870.463820421181,A班,1,operator_test
2026-01-01 18:00:00,4138.09341759869,305.68042639995616,35.64102289576461,18448.36986100791,41.99464255742648,2.0640837902618907,3419.7786855037325,7.198157677093487,24.061206249347407,32.25494586305891,2.7572718410294588,1787.1889405076504,A班,1,operator_test
2026-01-01 18:05:00,4121.151544921286,309.461952590739,38.551185632294214,18187.760545481957,41.94188342953387,2.22922696094178,3634.0133159199413,7.140540864374042,24.108672907387863,27.375478632419558,3.1855711405098437,1813.4961649658524,A班,1,operator_test
2026-01-01 18:10:00,4131.261596557171,325.21589397292604,37.89461418194596,18620.71141884017,41.579439190569545,2.0319008676637202,3574.5513146256876,7.176520907040703,23.960836203755296,32.1005890712089,3.109037287954081,1769.5688202381507,A班,1,operator_test
2026-01-01 18:15:00,4160.401965613475,297.8528833149822,34.72236965944726,18220.994577109523,43.581627391297644,2.0959059228687393,3677.4404979958113,7.177178161800311,24.11080956618151,34.64560226933563,2.596165010554655,1765.2687832158401,A班,1,operator_test
2026-01-01 18:20:00,4158.609466678189,306.5524723763237,36.296062989163616,18719.83166931539,42.681433140068684,1.9867308527522174,3790.395032999877,7.206653523981301,24.098514278296637,32.9994149992453,3.0785071385559317,1815.713746765061,A班,1,operator_test
2026-01-01 18:25:00,4143.624870264966,329.18093962375866,35.507445637888765,18581.672817910094,42.42432386325494,2.0264472555362425,3616.031608893097,7.1610687622626985,23.995912467334065,30.749201996864816,2.8125089137283736,1756.4673914949112,A班,1,operator_test
2026-01-01 18:30:00,4175.2119328716935,309.781549877443,37.52189454927268,18565.613818718877,42.139658752309614,2.0095809192425795,3563.396365828873,7.160987732167418,24.573132226890404,32.04580262970921,2.741155830545607,1804.9367821679639,A班,1,operator_test
2026-01-01 18:35:00,4125.89199288698,300.6202625287594,38.865644448917905,18337.209269455627,42.05534098153611,2.1282969052595693,3566.317401327671,7.258132284257088,24.095097825456612,35.158455297581654,2.441998229824846,1846.9110201692013,A班,1,operator_test
2026-01-01 18:40:00,4085.6416578393355,297.7092864661459,31.140655288581787,18439.188511347777,42.089747132076305,2.0150222103227713,3496.225430694129,7.181903464898327,23.866485985538045,29.87088059974317,2.86867176242578,1803.593086200419,A班,1,operator_test
2026-01-01 18:45:00,4127.051238403047,301.8444938986807,34.06962981312905,18464.048195315478,43.128466833096866,1.9776854496773641,3568.8159946125143,7.225319882096486,23.960507735068347,33.08235900078919,3.1884699995412555,1811.0937314441503,A班,1,operator_test
2026-01-01 18:50:00,4126.178625308544,324.30746149254213,34.50585079879303,18262.124096501946,42.486746502614416,2.2097681999099845,3551.3637488213058,7.127099541927228,23.860587457828462,28.90059259811042,2.6094679049118303,1744.4251690088568,A班,1,operator_test
2026-01-01 18:55:00,4112.51046650038,314.6318547054768,38.75700158708674,18570.473736331292,43.50285532346319,2.286453958191355,3703.053333683362,7.268729413102513,23.92833371419815,29.951729184402694,2.5146743240340728,1807.8352411785775,A班,1,operator_test
2026-01-01 19:00:00,4143.620071887216,288.2943441944641,39.83306215403671,18528.403800293676,42.97463957262551,2.183488799341303,3552.8886829183434,7.1711080409462955,23.706085914557114,30.53920782385997,2.628330431324254,1800.8326644972267,A班,1,operator_test
2026-01-01 19:05:00,4133.496113211045,319.9793588988372,34.8351786353695,18634.465596639377,43.079744804957755,1.9940727907260707,3484.3469544965033,7.274139742191891,24.056594697943808,29.448158467156805,2.676582179217002,1806.4346668585604,A班,1,operator_test
2026-01-01 19:10:00,4150.3636051209805,299.0920721640956,38.51473983219105,18243.76503765484,42.997491671418246,2.263743458398973,3668.133461893678,7.198423361974576,23.948960965413526,30.15243044758628,2.3727163934182838,1824.9208995872402,A班,1,operator_test
2026-01-01 19:15:00,4127.985357649207,312.24350863299765,41.34617115476276,18363.878323766396,42.9159148294111,2.298152217508385,3615.3318650709607,7.24652187278046,24.065272882396833,32.96148836292904,3.015637439382356,1780.7161018373233,A班,1,operator_test
2026-01-01 19:20:00,4084.956039038651,302.95352862644756,35.49150852903065,18394.671119795228,41.53838049779632,2.0414414796542837,3529.74950106589,7.268464121456643,23.882610185613878,32.064411829924296,3.135739846213184,1849.1943721159496,A班,1,operator_test
2026-01-01 19:25:00,4081.163761231911,308.58027778265057,37.57445108222182,18320.46410508901,44.26318160237467,2.0195615778449776,3689.6462612543623,7.126819091806013,24.145089923869463,30.888477402025032,3.1559865811400973,1816.1424227215634,A班,1,operator_test
2026-01-01 19:30:00,4153.580870519407,316.58487559905706,36.237252517628725,18349.17707509456,42.783004712796114,2.1305445350371532,3642.044028370021,7.205595955412613,23.87144186465693,28.354161645318328,2.6533429688554984,1844.3077792019367,A班,1,operator_test
2026-01-01 19:35:00,4095.662701652644,302.3526529128199,38.55243054541031,18229.731991234887,43.46244913216273,1.9448345245727092,3444.698580921811,7.211969410742367,23.821845631693296,35.45734091548054,2.562272068989506,1818.9359175668321,A班,1,operator_test
2026-01-01 19:40:00,4121.70379940599,299.865441193402,37.653314739365584,18362.1323268921,43.71987872334593,2.3357036748453375,3592.075158180107,7.187716438674968,23.912336550811663,34.87742692809298,2.8742886245008177,1727.1305048748218,A班,1,operator_test
2026-01-01 19:45:00,4095.055900766293,303.5716288921291,45.12767081255601,18123.976535197617,42.992662246402794,1.8923549817182594,3733.2442609813456,7.282882624177928,23.741364428723852,29.67375074194478,2.6001051953402468,1772.426230329239,A班,1,operator_test
2026-01-01 19:50:00,4076.4997249925855,303.9590774733955,40.95051674923812,18618.525469443302,44.391554152952665,2.233147468676293,3623.4298647737523,7.178161133644635,24.170991922541916,31.68191850413696,3.067704240892321,1806.056878738253,A班,1,operator_test
2026-01-01 19:55:00,4036.956188110975,310.2051949282656,37.336766167320754,18374.865299130906,42.79564398515812,2.2551725200004378,3606.907432994312,7.261703633882928,24.17034237020293,30.832494180890016,2.619592816360304,1834.172008752854,A班,1,operator_test
