采集时间,GAS_FLOW_NM3H,助燃风量[Nm3/h],ZONE1_TEMP_C,二段炉温(℃),均热段温度(°F),WALKING_BEAM_SPEED,入炉温度,SLAB_OUT_TEMP_C,炉压(kPa),O2_PERCENT,板坯厚度,THROUGHPUT,厂商临时标签
2026-09-02 08:00:00,,45621.292,,1120.101,2255.257,1.197,170.204,,0.00555,3.008,180,170.908,BATCH-001
2026-09-02 08:01:00,25749.091,45567.178,930.828,1121.099,2255.678,1.1917,173.031,1159.949,0.00556,3.026,180,168.006,BATCH-001
2026-09-02 08:02:00,25738.316,45498.276,930.84,1121.255,2257.997,1.2087,174.175,1160.097,0.00694,2.965,180,169.871,BATCH-001
2026-09-02 08:03:00,25675.077,45895.802,931.013,1120.773,2259.574,1.2099,171.928,1159.696,0.00836,3.031,180,168.699,BATCH-001
2026-09-02 08:04:00,25780.37,45705.879,929.946,1120.505,2259.907,1.197,169.18,1159.212,0.00506,2.965,180,168.284,BATCH-001
2026-09-02 08:05:00,25831.874,46154.209,929.75,1121.901,2258.843,1.2164,171.767,1158.82,0.00723,3.009,180,167.949,BATCH-001
2026-09-02 08:06:00,25716.444,46095.054,929.531,1121.982,2260.417,1.2009,173.624,1158.599,0.00437,2.981,180,170.392,BATCH-001
2026-09-02 08:07:00,25722.618,46014.805,929.664,1122.178,2260.803,1.2091,172.733,1158.82,0.0062,3.037,180,170.287,BATCH-001
2026-09-02 08:08:00,25663.11,45621.262,928.556,1122.264,2261.203,1.2132,173.874,1158.542,0.00549,3.042,180,167.297,BATCH-001
2026-09-02 08:09:00,25817.317,45650.705,929.069,1123.009,2261.471,1.1938,171.574,1158.286,0.00697,3.061,180,170.328,BATCH-001
2026-09-02 08:10:00,25923.814,46664.471,927.075,1123.033,2262.1,1.1985,172.659,1157.5,0.00669,3.096,180,167.898,BATCH-001
2026-09-02 08:11:00,25862.857,46550.629,927.329,1124.151,2261.975,1.2021,174.802,1157.619,0.0059,3.152,180,169.721,BATCH-001
2026-09-02 08:12:00,25948.88,46927.555,927.416,1125.689,2261.632,1.2014,173.672,1157.895,0.00541,3.061,180,168.961,BATCH-001
2026-09-02 08:13:00,25792.998,45947.805,929.446,1125.666,2262.995,1.2195,172.289,1157.467,0.006,2.977,180,168.172,BATCH-001
2026-09-02 08:14:00,26025.504,46301.394,929.833,1126.113,2265.47,1.2203,172.767,1156.834,0.00724,2.988,180,168.107,BATCH-001
2026-09-02 08:15:00,25728.374,45939.966,929.509,1126.333,2264.698,1.2212,172.47,1156.804,0.00492,3.039,180,169.328,BATCH-001
2026-09-02 08:16:00,25847.761,46225.176,930.556,1125.861,2266.282,1.2435,171.16,1157.146,0.00491,3.053,180,166.901,BATCH-001
2026-09-02 08:17:00,25976.497,46769.355,929.896,1125.246,2267.022,1.2267,175.945,1157.202,0.00701,3.129,180,170.015,BATCH-001
2026-09-02 08:18:00,25946.598,46486.095,928.931,1126.48,2265.711,1.2132,175.432,1158.073,0.00683,3.043,180,167.762,BATCH-001
2026-09-02 08:19:00,25861.754,46648.419,928.715,1127.123,2265.741,1.2269,173.274,1157.703,0.00522,3.044,180,170.858,BATCH-001
2026-09-02 08:20:00,25999.839,46514.255,928.739,1127.185,2266.606,1.2054,173.324,1157.986,0.00406,3.034,180,169.809,BATCH-001
2026-09-02 08:21:00,25935.405,46675.714,929.56,1127.735,2265.52,1.2209,173.58,1158.118,0.0067,3.165,180,170.97,BATCH-001
2026-09-02 08:22:00,25742.184,46051.563,929.625,1127.089,2266.43,1.2141,171.141,1158.17,0.0078,2.988,180,169.925,BATCH-001
2026-09-02 08:23:00,26025.589,46865.402,929.582,1126.281,2266.282,1.2155,175.95,1158.054,0.00723,3.037,180,170.75,BATCH-001
2026-09-02 08:24:00,25875.209,46300.636,928.153,1126.032,2267.39,1.2231,176.149,1158.085,0.00593,3.141,180,168.94,BATCH-001
2026-09-02 08:25:00,26017.317,46583.454,929.409,1126.43,2266.713,1.2254,171.63,1158.297,0.00628,3.046,180,169.088,BATCH-001
2026-09-02 08:26:00,25857.364,45968.899,930.728,1126.938,2267.421,1.2239,174.579,1158.007,0.00647,3.012,180,168.97,BATCH-001
2026-09-02 08:27:00,25982.48,46700.348,930.896,1127.578,2267.101,1.2373,174.832,1158.085,0.00542,2.963,180,168.673,BATCH-001
2026-09-02 08:28:00,25983.976,45951.782,930.649,1128.437,2267.064,1.2343,173.422,1157.56,0.00461,2.974,180,167.964,BATCH-001
2026-09-02 08:29:00,26049.841,46478.368,930.367,1127.832,2267.701,1.2277,174.329,1157.568,0.00394,3.091,180,170.538,BATCH-001
2026-09-02 08:30:00,26087.246,47005.725,929.144,1127.176,2267.334,1.2435,174.033,1157.558,0.00517,3.169,180,170.471,BATCH-001
2026-09-02 08:31:00,26015.041,46233.508,930.197,1125.998,2268.15,1.2349,175.258,1157.703,0.00624,3.002,180,169.035,BATCH-001
2026-09-02 08:32:00,25796.254,46373.575,930.562,1125.268,2269.277,1.231,174.328,1158.662,0.00766,3.086,180,170.984,BATCH-001
2026-09-02 08:33:00,25990.595,47058.968,930.869,1124.381,2268.975,1.2332,174.915,1158.982,0.00539,3.146,180,167.629,BATCH-001
2026-09-02 08:34:00,26096.953,46816.985,930.679,1123.533,2267.992,1.2378,175.387,1158.631,0.00772,3.209,180,168.515,BATCH-001
2026-09-02 08:35:00,26015.897,46287.057,931.258,1123.419,2267.337,1.2586,175.962,1158.007,0.00413,3.075,180,171.505,BATCH-001
2026-09-02 08:36:00,26082.174,46478.919,931.536,1123.069,2266.592,1.2411,174.853,1157.74,0.00616,3.087,180,168.39,BATCH-001
2026-09-02 08:37:00,,46376.491,932.228,1123.144,2268.65,1.2472,175.422,1158.099,0.00583,3.027,180,172.272,BATCH-001
2026-09-02 08:38:00,26071.621,46388.447,931.433,1123.315,2269.182,1.2437,173.529,1157.797,0.00595,3.029,180,168.965,BATCH-001
2026-09-02 08:39:00,26007.687,46475.895,930.709,1122.657,2268.816,1.2508,175.681,1157.694,0.00554,2.999,180,169.29,BATCH-001
2026-09-02 08:40:00,26051.878,47188.348,929.715,1123.205,2268.154,1.2385,177.583,1158.01,0.0062,3.144,180,169.741,BATCH-001
2026-09-02 08:41:00,26077.341,46554.902,930.509,1124.221,2269.323,1.2572,175.687,1157.697,0.00496,2.978,180,168.232,BATCH-001
2026-09-02 08:42:00,26066.402,46473.208,931.158,1125.117,2270.039,1.2261,176.544,1157.87,0.00668,2.974,180,165.906,BATCH-001
2026-09-02 08:43:00,26013.069,46414.952,,1125.006,2269.624,1.2439,173.151,1158.166,0.00643,3.043,180,167.516,BATCH-001
2026-09-02 08:44:00,26085.527,46716.723,931.656,1124.937,2270.388,1.2331,174.104,1158.044,0.00784,3.138,180,168.082,BATCH-001
2026-09-02 08:45:00,26008.644,46634.695,930.686,1124.423,2269.307,1.2505,177.746,1158.642,0.00548,3.073,180,170.078,BATCH-001
2026-09-02 08:46:00,26136.464,46864.396,931.927,1124.448,2268.855,1.2579,177.118,1158.474,0.00625,3.082,180,168.29,BATCH-001
2026-09-02 08:47:00,25924.714,46446.488,931.733,1124.446,2270.802,1.2523,173.708,1158.341,0.00576,3.154,180,168.366,BATCH-001
2026-09-02 08:48:00,26173.299,46420.839,930.606,1124.986,2271.726,1.2348,178.002,1159.136,0.00666,3.017,180,170.461,BATCH-001
2026-09-02 08:49:00,26068.805,46572.597,930.482,1125.068,2270.79,1.2506,177.035,1159.272,0.00559,3.054,180,170.262,BATCH-001
2026-09-02 08:50:00,26076.995,46889.771,930.642,1125.361,2270.751,1.25,176.737,1159.556,0.00698,3.207,180,169.769,BATCH-001
2026-09-02 08:51:00,26155.316,46883.597,931.367,1125.305,2270.403,1.2364,178.287,1159.485,0.00696,3.15,180,167.99,BATCH-001
2026-09-02 08:52:00,26045.391,46232.121,929.414,1125.207,2269.268,1.2355,178.663,1159.746,0.00425,3.048,180,166.979,BATCH-001
2026-09-02 08:53:00,26215.525,46587.27,929.012,1125.519,2269.666,1.2448,175.589,,0.0065,2.971,180,169.351,BATCH-001
2026-09-02 08:54:00,26073.202,46575.227,929.813,1125.788,2268.539,1.2572,176.886,1159.953,0.00519,3.118,180,170.752,BATCH-001
2026-09-02 08:55:00,26077.586,46657.808,929.107,1124.713,2268.878,1.2646,174.625,1159.777,0.00599,3.002,180,169.002,BATCH-001
2026-09-02 08:56:00,26212.02,46998.234,930.073,1124.337,2269.221,1.245,174.273,1159.956,0.00516,3.076,180,170.284,BATCH-001
2026-09-02 08:57:00,26276.528,47144.711,931.497,1124.384,2268.794,1.2566,175.444,1160.91,0.0049,3.116,180,168.2,BATCH-001
2026-09-02 08:58:00,26050.312,46441.297,931.738,1125.091,2266.408,1.2445,174.653,1160.926,0.00621,2.98,180,168.124,BATCH-001
2026-09-02 08:59:00,26104.256,47042.287,933.07,1125.954,2268.264,1.2433,176.858,1161.193,0.00481,3.109,180,169.921,BATCH-001
2026-09-02 09:00:00,26143.423,46265.279,932.241,1126.464,2267.493,1.2554,176.217,1160.854,0.00649,3.022,180,167.677,BATCH-002
2026-09-02 09:01:00,25949.555,46558.255,931.209,1126.31,2269.3,1.2553,178.638,1160.501,0.00649,3.078,180,167.231,BATCH-002
2026-09-02 09:02:00,26063.574,46761.252,930.789,1127.179,2268.566,1.2489,178.122,1160.259,0.00486,3.164,180,170.547,BATCH-002
2026-09-02 09:03:00,26128.082,46939.441,931.109,1126.398,2268.729,1.2589,177.121,1159.529,0.00686,3.044,180,170.705,BATCH-002
2026-09-02 09:04:00,26089.862,46815.597,931.89,1127.16,2269.907,1.2584,178.283,1159.504,0.00531,3.051,180,168.86,BATCH-002
2026-09-02 09:05:00,26102.374,47155.579,931.498,1127.34,2267.669,1.2644,176.205,1159.758,0.00498,3.149,180,170.098,BATCH-002
2026-09-02 09:06:00,26038.259,46615.702,933.132,1126.812,2268.276,1.2891,177.78,1159.937,0.00498,3.012,180,169.74,BATCH-002
2026-09-02 09:07:00,26171.84,46924.414,931.696,1127.093,2268.227,1.2719,180.75,1160.636,0.00659,3.023,180,167.505,BATCH-002
2026-09-02 09:08:00,26041.617,46646.167,932.152,1126.418,2267.101,1.264,178.655,1160.653,0.00619,3.11,180,169.681,BATCH-002
2026-09-02 09:09:00,26042.771,46551.998,931.267,1125.968,2266.322,1.2713,178.981,1160.334,0.00607,3.097,180,168.968,BATCH-002
2026-09-02 09:10:00,26159.662,46990.698,931.412,1125.557,2266.196,1.2761,177.313,1161.057,0.00739,3.139,180,167.758,BATCH-002
2026-09-02 09:11:00,26128.33,46859.693,931.01,1126.555,2266.809,1.2785,177.683,1160.329,0.00596,3.11,180,173.559,BATCH-002
2026-09-02 09:12:00,26248.996,46619.412,930.895,1126.377,2268.029,1.2642,177.721,1160.845,0.0062,3.106,180,171.441,BATCH-002
2026-09-02 09:13:00,26118.559,47104.47,931.03,1126.362,2269.349,1.2633,178.004,1160.604,0.00646,3.075,180,170.007,BATCH-002
2026-09-02 09:14:00,,47214.234,930.519,1126.775,2269.232,1.2648,178.207,1161.033,0.00541,3.133,180,170.607,BATCH-002
2026-09-02 09:15:00,26150.375,46593.207,930.851,1127.273,2267.341,1.2572,177.654,1160.724,0.00692,3.032,180,168.361,BATCH-002
2026-09-02 09:16:00,26182.327,46681.597,930.488,1127.085,2267.769,1.2507,178.065,1160.618,0.00394,3.103,180,167.044,BATCH-002
2026-09-02 09:17:00,26287.573,47111.893,930.839,1126.196,2267.473,1.2638,179.708,1160.631,0.00435,3.053,180,171.27,BATCH-002
2026-09-02 09:18:00,26153.912,46847.044,929.465,1126.75,2266.795,1.2562,179.749,1160.573,0.00587,3.03,180,167.061,BATCH-002
2026-09-02 09:19:00,26130.822,46467.526,930.278,1126.136,2267.285,1.2585,179.401,1159.826,0.00542,2.916,180,171.183,BATCH-002
2026-09-02 09:20:00,26091.963,46735.226,929.959,1126.957,2267.943,1.2515,177.875,1159.164,0.00696,3.061,180,169.279,BATCH-002
2026-09-02 09:21:00,26117.671,47055.111,930.29,1125.891,2268.811,1.2604,177.331,1159.389,0.00544,3.122,180,170.523,BATCH-002
2026-09-02 09:22:00,26267.464,47108.005,929.933,1126.662,2268.237,1.251,179.024,1158.961,0.0066,3.086,180,168.295,BATCH-002
2026-09-02 09:23:00,26092.541,47057.963,929.514,1125.758,2268.532,1.2607,179.458,1158.937,0.0064,3.16,180,169.917,BATCH-002
2026-09-02 09:24:00,26098.279,46450.149,929.308,1126.389,2267.852,1.2766,177.537,1158.866,0.00635,3.027,180,168.393,BATCH-002
2026-09-02 09:25:00,26216.734,47356.607,929.187,1126.985,2268.394,1.2583,179.507,1158.81,0.00493,3.112,180,171.277,BATCH-002
2026-09-02 09:26:00,26229.144,46612.537,,1127.39,2268.566,1.2683,177.518,1159.457,0.00693,3.003,180,168.826,BATCH-002
2026-09-02 09:27:00,26058.426,46539.873,928.919,1126.263,2269.066,1.2602,178.764,1159.228,0.00733,3.117,180,169.404,BATCH-002
2026-09-02 09:28:00,26191.675,46703.556,930.028,1126.734,2267.896,1.2638,181.836,1158.772,0.00519,3.067,180,170.856,BATCH-002
2026-09-02 09:29:00,26152.669,47057.305,930.714,1127.122,2268.31,1.2811,179.475,1158.951,0.00553,3.187,180,168.786,BATCH-002
2026-09-02 09:30:00,23094.363,41704.201,929.612,1126.36,2266.706,1.2549,178.919,1159.004,0.00617,3.17,180,170.999,BATCH-002
2026-09-02 09:31:00,23181.393,41311.352,927.452,1125.717,2264.435,1.2715,178.252,1158.317,0.00564,3.041,180,166.225,BATCH-002
2026-09-02 09:32:00,23232.574,41809.977,924.404,1124.066,2264.736,1.2591,180.159,1158.235,0.00505,3.116,180,170.004,BATCH-002
2026-09-02 09:33:00,23143.403,41471.674,922.536,1122.6,2264.427,1.28,177.069,1158.062,0.00543,3.04,180,171.728,BATCH-002
2026-09-02 09:34:00,23048.554,40749.298,922.362,1121.94,2264.629,1.2657,180.311,1158.612,0.00516,3.006,180,166.819,BATCH-002
2026-09-02 09:35:00,23224.382,41742.437,921.186,1121.806,2263.445,1.273,178.861,1158.518,0.0063,3.096,180,170.674,BATCH-002
2026-09-02 09:36:00,22951.421,41001.285,919.721,1120.632,2261.901,1.2903,177.292,1158.115,0.006,3.057,180,170.225,BATCH-002
2026-09-02 09:37:00,23146.887,41078.818,919.069,1119.727,2261.442,1.2606,180.926,1158.137,0.00584,3.006,180,169.615,BATCH-002
2026-09-02 09:38:00,23017.174,41298.769,917.155,1119.557,2258.813,1.2838,178.782,1157.188,0.00622,3.045,180,170.116,BATCH-002
2026-09-02 09:39:00,23080.354,41365.903,916.758,1117.742,2257.585,1.279,179.326,1157.452,0.00526,3.019,180,168.135,BATCH-002
2026-09-02 09:40:00,23118.683,41180.99,915.959,1117.66,2257.487,1.2593,180.222,1156.605,0.00663,3.055,180,172.104,BATCH-002
2026-09-02 09:41:00,23121.094,41207.884,914.62,1117.271,2256.454,1.2822,179.883,1156.365,0.00495,3.036,180,171.988,BATCH-002
2026-09-02 09:42:00,23185.7,41458.995,913.672,1116.621,2256.197,1.2559,178.018,1156.127,0.00568,3.118,180,172.034,BATCH-002
2026-09-02 09:43:00,23032.293,41222.664,912.774,1116.025,2256.291,1.268,178.384,1156.576,0.00596,3.035,180,168.902,BATCH-002
2026-09-02 09:44:00,23074.848,41102.941,913.801,1116.228,2255.973,1.2842,180.535,1156.283,0.007,3.044,180,169.55,BATCH-002
2026-09-02 09:45:00,23024.016,41118.054,913.421,1114.992,2253.997,1.2602,180.376,1155.634,0.00698,3.042,180,173.238,BATCH-002
2026-09-02 09:46:00,23089.63,41532.892,914.327,1114.489,2252.642,1.2729,179.505,,0.00587,3.023,180,170.466,BATCH-002
2026-09-02 09:47:00,22973.201,41175.572,914.173,1114.968,2251.812,1.2724,179.17,1154.83,0.00586,3.119,180,166.901,BATCH-002
2026-09-02 09:48:00,23070.423,40669.921,914.881,1112.81,2250.816,1.2667,180.818,1154.577,0.0072,2.972,180,168.746,BATCH-002
2026-09-02 09:49:00,22943.666,40781.246,913.51,1112.77,2249.785,1.2721,180.041,1154.357,0.00561,3.003,180,166.251,BATCH-002
2026-09-02 09:50:00,22914.481,40586.911,912.37,1111.614,2250.532,1.2639,178.129,1154.634,0.0061,2.917,180,170.412,BATCH-002
2026-09-02 09:51:00,,41072.911,912.279,1111.392,2249.202,1.2707,180.422,1154.016,0.0054,2.991,180,169.626,BATCH-002
2026-09-02 09:52:00,22835.935,41253.949,913.68,1112.164,2248.995,1.2529,179.256,1153.79,0.0058,3.065,180,171.427,BATCH-002
2026-09-02 09:53:00,23098.075,41362.111,912.288,1111.673,2247.601,1.2693,180.914,1153.821,0.00505,3.14,180,168.107,BATCH-002
2026-09-02 09:54:00,22975.791,41280.236,911.68,1110.865,2246.996,1.2657,181.978,1153.57,0.00421,3.106,180,169.333,BATCH-002
2026-09-02 09:55:00,23044.032,41024.897,1230.487,1110.484,2245.102,1.2592,180.877,1153.021,0.00504,3.057,180,170.718,BATCH-002
2026-09-02 09:56:00,23011.93,41055.975,911.992,1109.556,2246.67,1.2886,180.637,1152.59,0.00588,2.906,180,170.926,BATCH-002
2026-09-02 09:57:00,23055.292,41421.83,911.811,1109.185,2248.743,1.2752,178.433,1152.399,0.00501,3.089,180,171.259,BATCH-002
2026-09-02 09:58:00,22939.11,40788.581,912.902,1109.362,2247.861,1.2613,179.337,1151.821,0.00553,2.879,180,169.86,BATCH-002
2026-09-02 09:59:00,22960.052,41127.178,910.837,1108.86,2247.764,1.2703,181.47,1151.166,0.00524,3.2,180,166.901,BATCH-002
2026-09-02 10:00:00,22938.966,40749.976,911.004,1109.459,2248.855,1.2577,180.947,1150.928,0.00601,2.991,180,170.483,BATCH-003
2026-09-02 10:01:00,22903.382,40932.415,911.208,1110.456,2246.964,1.2592,181.234,1150.355,0.00668,3.014,180,170.531,BATCH-003
2026-09-02 10:02:00,22860.008,40825.79,910.112,1111.488,2247.095,1.2515,180.494,1149.746,0.00787,2.918,180,171.968,BATCH-003
2026-09-02 10:03:00,22957.232,40748.126,909.614,1111.065,2246.153,1.2646,178.737,1149.364,0.00643,2.979,180,171.126,BATCH-003
2026-09-02 10:04:00,22867.621,40718.858,908.585,1110.786,2244.229,1.2603,180.572,1149.356,0.00627,2.983,180,169.464,BATCH-003
2026-09-02 10:05:00,22990.423,41291.301,909.545,1111.138,2244.903,1.2628,180.353,1149.156,0.00526,3.042,180,169.72,BATCH-003
2026-09-02 10:06:00,23054.066,41171.127,910.102,1110.684,2243.984,1.2553,178.135,1148.225,0.00607,3.004,180,170.176,BATCH-003
2026-09-02 10:07:00,22928.657,41190.74,910.111,1111.355,2243.871,1.2563,178.017,1147.795,0.00458,3.036,180,168.777,BATCH-003
2026-09-02 10:08:00,22788.481,40880.149,910.236,1110.524,2243.387,1.2701,182.099,1147.34,0.00524,3.084,180,169.028,BATCH-003
2026-09-02 10:09:00,22884.507,41059.748,,1110.332,2243.002,1.2553,182.227,1147.32,0.00496,3.173,180,169.249,BATCH-003
2026-09-02 10:10:00,22796.879,41182.284,909.545,1110.925,2244.981,1.2737,180.346,1146.72,0.00545,3.132,180,170.058,BATCH-003
2026-09-02 10:11:00,22767.424,40398.038,910.716,1111.584,2244.855,1.26,180.245,1147.282,0.00613,3.05,180,173.235,BATCH-003
2026-09-02 10:12:00,22692.148,40191.398,910.043,1112.726,2244.278,1.2611,179.315,1147.449,0.00749,2.991,180,167.533,BATCH-003
2026-09-02 10:13:00,22933.736,41155.232,910.855,1112.881,2246.23,1.2423,180.093,1147.094,0.00697,3.1,180,169.83,BATCH-003
2026-09-02 10:14:00,22794.052,40856.666,912.124,1112.159,2245.296,1.2534,179.814,1146.887,0.00533,3.096,180,171.156,BATCH-003
2026-09-02 10:15:00,22756.642,40371.158,910.837,1112.212,2245.779,1.254,179.758,1147.437,0.00703,2.947,180,166.795,BATCH-003
2026-09-02 10:16:00,22699.23,40722.87,910.074,1111.385,2246.103,1.2433,183.607,1147.125,0.0071,3.11,180,169.226,BATCH-003
2026-09-02 10:17:00,22706.221,40619.049,910.42,1112.885,2245.819,1.247,180.388,1147.45,0.00651,3.167,180,169.515,BATCH-003
2026-09-02 10:18:00,22841.198,40962.798,909.475,1112.783,2244.47,1.2675,178.026,1147.156,0.00506,3.059,180,168.421,BATCH-003
2026-09-02 10:19:00,22659.425,40260.45,908.436,1112.057,2245.573,1.2528,179.693,1147.349,0.00474,2.986,180,171.24,BATCH-003
2026-09-02 10:20:00,22800.345,40472.145,908.166,1112.11,2245.286,1.2626,179.961,1146.622,0.00714,2.988,180,170.241,BATCH-003
2026-09-02 10:21:00,22810.081,40354.107,907.434,1112.335,2245.408,1.257,180.748,1146.409,0.00626,2.904,180,168.873,BATCH-003
2026-09-02 10:22:00,22733.937,40829.214,906.869,1111.959,2245.76,1.2629,178.668,1146.486,0.00544,3.142,180,169.796,BATCH-003
2026-09-02 10:23:00,22758.894,40627.077,907.133,1111.944,2245.314,1.2528,180.987,1147.347,0.00571,2.962,180,169.008,BATCH-003
2026-09-02 10:24:00,22856.115,40564.113,907.271,1111.366,2245.109,1.2389,181.964,1147.414,0.00619,3.051,180,168.505,BATCH-003
2026-09-02 10:25:00,22683.441,40609.022,906.329,1111.99,2244.912,1.2596,178.809,1147.044,0.00593,3.054,180,168.47,BATCH-003
2026-09-02 10:26:00,22787.894,40715.258,904.758,1112.291,2244.25,1.2225,181.029,1146.68,0.0058,3.104,180,172.311,BATCH-003
2026-09-02 10:27:00,22818.176,41101.41,904.455,1112.415,2242.943,1.2325,177.976,1147.187,0.00439,3.116,180,170.394,BATCH-003
2026-09-02 10:28:00,,40683.671,904.711,1110.805,2244.23,1.254,179.003,1146.47,0.00583,3.05,180,168.841,BATCH-003
2026-09-02 10:29:00,22674.427,40861.317,904.329,1111.169,2243.498,1.2423,178.81,1146.719,0.00522,3.093,180,168.871,BATCH-003
2026-09-02 10:30:00,22798.698,40909.48,905.037,1111.518,2243.78,1.2373,177.793,1146.659,0.00398,3.125,180,168.261,BATCH-003
2026-09-02 10:31:00,22600.399,40833.824,906.163,1111.665,2243.088,1.2421,180.397,1146.523,0.00422,3.079,180,169.469,BATCH-003
2026-09-02 10:32:00,22664.129,40733.819,905.642,1111.19,2243.002,1.2281,180.265,1147.24,0.00463,3.024,180,169.175,BATCH-003
2026-09-02 10:33:00,22611.169,40137.718,905.302,1110.36,2243.325,1.2286,180.586,1146.526,0.00534,2.926,180,168.133,BATCH-003
2026-09-02 10:34:00,22561.977,40260.429,905.906,1110.71,2241.337,1.2541,179.249,1146.311,0.0068,2.98,180,165.589,BATCH-003
2026-09-02 10:35:00,22518.691,39658.192,905.442,1110.15,2240.936,1.2423,178.188,1145.813,0.00567,3.036,180,170.783,BATCH-003
2026-09-02 10:36:00,22657.631,40632.156,904.974,1109.742,2240.762,1.2429,179.537,1146.017,0.00417,2.996,180,171.53,BATCH-003
2026-09-02 10:37:00,22581.794,40810.348,905.478,1110.155,2240.844,1.2418,179.576,1146.398,0.00448,3.088,180,172.709,BATCH-003
2026-09-02 10:38:00,22523.358,40220.153,903.332,1110.159,2241.735,1.2559,182.483,1146.41,0.00608,3.029,180,172.524,BATCH-003
2026-09-02 10:39:00,22596.18,40070.289,902.952,1110.752,2242.162,1.2294,178.885,,0.00468,2.972,180,167.975,BATCH-003
2026-09-02 10:40:00,22568.298,41023.579,902.975,1109.231,2240.302,1.2364,177.205,1146.734,0.00603,3.227,180,168.377,BATCH-003
2026-09-02 10:41:00,22544.427,40218.627,901.686,1108.577,2240.601,1.2334,182.215,1145.916,0.00534,3.006,180,168.879,BATCH-003
2026-09-02 10:42:00,22478.466,39637.196,903.149,1108.632,2239.362,1.2257,177.982,1145.37,0.00716,2.958,180,166.499,BATCH-003
2026-09-02 10:43:00,22595.988,40260.479,902.416,1108.228,2239.181,1.2359,179.025,1145.098,0.0062,3.088,180,171.772,BATCH-003
2026-09-02 10:44:00,22516.752,40618.376,904.18,1109.343,2240.013,1.2366,180.257,1145.738,0.00727,3.156,180,169.705,BATCH-003
2026-09-02 10:45:00,22587.19,40254.667,905.817,1110.711,2239.769,1.2268,179.54,1146.509,0.00613,3.051,180,168.696,BATCH-003
2026-09-02 10:46:00,22482.92,40225.491,905.256,1111.531,2241.145,1.2363,180.434,1146.793,0.00485,3.094,180,170.463,BATCH-003
2026-09-02 10:47:00,22541.234,39844.518,905.265,1112.42,2241.304,1.2221,177.346,1147.12,0.00768,3.012,180,169.923,BATCH-003
2026-09-02 10:48:00,22493.609,40294.124,905.399,1111.656,2241.328,1.2354,178.08,1147.014,0.00499,3.044,180,171.218,BATCH-003
2026-09-02 10:49:00,22538.196,40425.166,905.846,1112.307,2241.536,1.2275,180.19,1147.06,0.00505,3.023,180,170.071,BATCH-003
2026-09-02 10:50:00,22592.332,40338.958,906.353,1111.22,2241.928,1.2167,180.325,1147.013,0.00598,2.976,180,169.815,BATCH-003
2026-09-02 10:51:00,22455.027,40358.148,905.773,1112.222,2241.489,1.2386,179.183,1146.878,0.00658,3.122,180,167.7,BATCH-003
2026-09-02 10:52:00,22359.476,39735.686,,1111.415,2239.807,1.2247,177.661,1146.709,0.00675,3.004,180,168.619,BATCH-003
2026-09-02 10:53:00,22485.552,40222.208,905.638,1111.036,2238.772,1.2048,179.6,1146.045,0.0063,3.01,180,170.628,BATCH-003
2026-09-02 10:54:00,22472.305,40033.403,905.869,1111.573,2237.903,1.2038,179.142,1146.008,0.00688,3.05,180,170.418,BATCH-003
2026-09-02 10:55:00,22360.468,39497.093,906.38,1111.665,2238.857,1.2096,178.876,1147.005,0.00485,2.928,180,169.366,BATCH-003
2026-09-02 10:56:00,22364.953,40286.008,905.988,1111.484,2237.035,1.2144,177.186,1147.252,0.00663,3.119,180,168.954,BATCH-003
2026-09-02 10:57:00,22517.351,40097.858,906.458,1111.624,2236.537,1.2183,177.609,1147.527,0.00507,3.068,180,165.908,BATCH-003
2026-09-02 10:58:00,22308.432,39815.409,905.477,1111.125,2235.456,1.2166,178.373,1146.609,0.00538,3.064,180,166.79,BATCH-003
2026-09-02 10:59:00,22410.647,40469.76,905.897,1110.918,2235.764,1.2218,179.56,1146.329,0.00594,3.124,180,166.479,BATCH-003
2026-09-02 11:00:00,25500.625,45792.615,908.242,1113.229,2238.903,1.2144,177.044,1146.12,0.0062,3.093,200,167.469,BATCH-004
2026-09-02 11:01:00,25331.677,45176.061,908.975,1113.989,2240.315,1.2193,178.452,1146.205,0.00558,3.076,200,166.791,BATCH-004
2026-09-02 11:02:00,25416.292,45314.241,908.62,1114.99,2241.175,1.2199,177.305,1146.604,0.0068,3.05,200,169.219,BATCH-004
2026-09-02 11:03:00,25368.639,45396.429,910.935,1116.159,2242.435,1.2175,177.772,1146.829,0.00579,3.053,200,165.645,BATCH-004
2026-09-02 11:04:00,25367.065,45214.906,913.155,1116.897,2243.22,1.1988,177.622,1146.993,0.00555,3.125,200,169.324,BATCH-004
2026-09-02 11:05:00,,45386.936,915.16,1116.199,2245.826,1.2132,179.768,1146.543,0.00602,3.006,200,169.586,BATCH-004
2026-09-02 11:06:00,25331.452,45132.935,917.039,1117.49,2247.963,1.2148,177.425,1146.432,0.12447,3.016,200,167.678,BATCH-004
2026-09-02 11:07:00,25387.506,45785.457,918.907,1117.074,2248.971,1.2111,178.851,1146.737,0.00486,3.071,200,170.248,BATCH-004
2026-09-02 11:08:00,25214.832,45265.756,919.051,1117.505,2247.593,1.1775,179.306,1146.605,0.00624,3.007,200,172.565,BATCH-004
2026-09-02 11:09:00,25440.174,44894.373,917.83,1117.752,2247.435,1.1876,176.994,1146.906,0.00609,3.053,200,165.862,BATCH-004
2026-09-02 11:10:00,25239.46,44668.002,918.582,1117.797,2248.541,1.2022,175.819,1146.466,0.00521,3.001,200,169.942,BATCH-004
2026-09-02 11:11:00,25360.295,45429.77,919.62,1118.741,2249.231,1.2171,181.533,1146.991,0.00511,3.127,200,167.869,BATCH-004
2026-09-02 11:12:00,25424.465,45600.709,920.893,1117.817,2248.657,1.2143,175.883,1147.597,0.00536,3.079,200,167.87,BATCH-004
2026-09-02 11:13:00,25390.436,44877.635,921.538,1118.839,2248.681,1.2018,176.567,1147.613,0.00699,3.038,200,167.959,BATCH-004
2026-09-02 11:14:00,25325.85,45385.919,920.668,1117.916,2249.468,1.2189,178.377,1147.294,0.00535,3.059,200,167.874,BATCH-004
2026-09-02 11:15:00,25310.034,44904.963,921.273,1119.046,2248.936,1.1959,180.156,1146.937,0.00547,2.99,200,165.861,BATCH-004
2026-09-02 11:16:00,25336.49,45453.677,921.211,1119.086,2249.022,1.1932,178.742,1147.293,0.00448,3.072,200,166.879,BATCH-004
2026-09-02 11:17:00,25345.403,45308.651,922.474,1118.329,2247.523,1.1714,178.324,1147.009,0.00693,3.127,200,167.47,BATCH-004
2026-09-02 11:18:00,25256.136,45422.332,922.912,1118.471,2246.928,1.194,177.784,1147.452,0.00571,3.183,200,166.473,BATCH-004
2026-09-02 11:19:00,25129.731,45033.899,922.084,1117.818,2247.123,1.18,177.856,1147.078,0.00641,3.124,200,169.348,BATCH-004
2026-09-02 11:20:00,25331.411,45440.138,922.525,1118.093,2248.618,1.1961,177.27,1146.622,0.00518,3.1,200,168.814,BATCH-004
2026-09-02 11:21:00,25263.078,45446.614,923.541,1117.432,2249.001,1.2096,177.702,1146.37,0.00561,3.148,200,168.768,BATCH-004
2026-09-02 11:22:00,25215.813,45283.651,924.233,1118.011,2250.519,1.1823,177.729,1145.793,0.00713,3.114,200,166.145,BATCH-004
2026-09-02 11:23:00,25232.377,45170.204,924.22,1118.651,2250.946,1.2017,173.372,1145.769,0.00688,3.033,200,169.459,BATCH-004
2026-09-02 11:24:00,25269.712,45244.734,925.042,1119.365,2251.636,1.1791,178.453,1145.878,0.00452,3.005,200,166.289,BATCH-004
2026-09-02 11:25:00,25231.437,44783.383,924.488,1119.179,2250.966,1.1779,178.94,1146.33,0.00722,3.018,200,165.813,BATCH-004
2026-09-02 11:26:00,25260.353,45243.55,923.464,1118.952,2251.627,1.1848,177.498,1146.265,0.00593,3.045,200,169.666,BATCH-004
2026-09-02 11:27:00,25250.94,45671.267,923.706,1119.678,2253.163,1.1856,176.441,1146.058,0.00582,3.003,200,167.655,BATCH-004
2026-09-02 11:28:00,25271.856,45017.469,923.57,1119.128,2253.557,1.1699,176.08,1146.411,0.0056,3.082,200,166.496,BATCH-004
2026-09-02 11:29:00,25208.44,44978.076,924.078,1119.86,2254.228,1.1899,175.274,1146.501,0.00698,2.988,200,168.578,BATCH-004
2026-09-02 11:30:00,25315.211,45342.963,925.475,1119.595,2254.111,1.1845,176.379,1146.749,0.00594,3.167,200,171.264,BATCH-004
2026-09-02 11:31:00,25208.366,44712.536,924.967,1120.812,2253.676,1.182,177,1147.207,0.00518,2.921,200,166.408,BATCH-004
2026-09-02 11:32:00,25328.284,45635.609,924.611,1120.724,2253.354,1.1606,174.938,,0.00549,3.127,200,167.936,BATCH-004
2026-09-02 11:33:00,25282.021,45042.474,926.259,1121.387,2254.909,1.1788,177.542,1148.351,0.00607,3.09,200,168.799,BATCH-004
2026-09-02 11:34:00,25305.815,45622.785,927.187,1121.265,2255.75,1.1822,173.66,1148.142,0.00647,3.221,200,168.117,BATCH-004
2026-09-02 11:35:00,25387.581,45254.823,,1120.495,2256.464,1.1693,173.786,1148.153,0.00693,3.092,200,167.611,BATCH-004
2026-09-02 11:36:00,25299.415,44863.676,929.451,1120.57,2257.048,1.179,177.613,1148.329,0.00575,2.988,200,169.402,BATCH-004
2026-09-02 11:37:00,25280.094,44962.916,930.014,1121.305,2257.312,1.1682,176.781,1149.171,0.00721,3.015,200,167.331,BATCH-004
2026-09-02 11:38:00,25287.572,44916.569,929.528,1120.17,2257.297,1.1969,173.027,1149.252,0.00686,2.932,200,168.741,BATCH-004
2026-09-02 11:39:00,25161.485,45269.994,928.623,1120.867,2258.188,1.1621,174.338,1149.646,0.0055,3.175,200,170.648,BATCH-004
2026-09-02 11:40:00,25175.645,45018.855,927.618,1120.794,2258.924,1.1632,175.695,1149.665,0.00648,3.021,200,168.962,BATCH-004
2026-09-02 11:41:00,25160.549,44958.399,926.654,1121.428,2257.894,1.1635,177.229,1149.599,0.00558,3.083,200,167.683,BATCH-004
2026-09-02 11:42:00,,44937.828,928.002,1122.009,2258.54,1.1575,175.969,1150.247,0.00644,3.048,200,166.935,BATCH-004
2026-09-02 11:43:00,25202.956,45056.877,927.956,1122.369,2258.426,1.1748,175.192,1150.551,0.00436,3.101,200,169.301,BATCH-004
2026-09-02 11:44:00,25207.346,45523.686,927.859,1123.111,2259.375,1.159,176.169,1150.205,0.00624,3.116,200,168.353,BATCH-004
2026-09-02 11:45:00,25271.25,45465.978,927.869,1123.325,2259.087,1.1701,174.323,1150.87,0.0069,3.1,200,170.567,BATCH-004
2026-09-02 11:46:00,25316.061,45247.331,927.799,1123.36,2258.378,1.1729,175.173,1151.136,0.00602,3.067,200,166.339,BATCH-004
2026-09-02 11:47:00,25144.849,44972.656,928.056,1123.2,2258.688,1.1497,177.286,1150.882,0.00545,3.155,200,170.778,BATCH-004
2026-09-02 11:48:00,25124.866,45349.869,927.05,1122.567,2258.784,1.1764,172.824,1150.377,0.0066,3.141,200,166.219,BATCH-004
2026-09-02 11:49:00,25310.042,45279.167,927.226,1123.237,2256.549,1.1574,176.701,1150.996,0.00637,3.162,200,170.805,BATCH-004
2026-09-02 11:50:00,25213.488,45405.807,927.762,1122.494,2257.405,1.1722,174.327,1151.447,0.00644,3.114,200,166.351,BATCH-004
2026-09-02 11:51:00,25269.994,44617.973,928.108,1122.242,2259.134,1.1373,172.757,1150.806,0.00472,2.997,200,166.347,BATCH-004
2026-09-02 11:52:00,25178.53,45359.859,928.615,1121.657,2259.734,1.1532,172.648,1150.902,0.00766,3.096,200,169.034,BATCH-004
2026-09-02 11:53:00,25234.743,45576.838,928.512,1121.107,2259.473,1.167,175.401,1151.101,0.00668,3.274,200,166.596,BATCH-004
2026-09-02 11:54:00,25323.464,45672.04,929.129,1121.241,2259.512,1.1742,174.917,1151.835,0.00552,3.133,200,169.889,BATCH-004
2026-09-02 11:55:00,25211.2,45309.929,929.022,1121.457,2259.526,1.152,173.544,1152.915,0.00712,3.045,200,166.593,BATCH-004
2026-09-02 11:56:00,25228.639,44757.971,930.136,1122.263,2259.375,1.1536,176.027,1152.78,0.00797,2.937,200,167.473,BATCH-004
2026-09-02 11:57:00,25393.149,45355.918,929.215,1123.074,2260.742,1.1501,174.659,1153.104,0.00604,3.041,200,166.618,BATCH-004
2026-09-02 11:58:00,25311.277,45621.276,929.853,1122.575,2260.914,1.1438,174.032,1153.643,0.00709,3.136,200,168.24,BATCH-004
2026-09-02 11:59:00,25381.25,45441.782,930.742,1121.968,2262.413,1.1724,173.983,1153.342,0.00711,3.03,200,167.809,BATCH-004
2026-09-02 12:00:00,25265.473,44901.181,929.916,1121.16,2262.443,1.1332,174.549,1153.42,0.00613,3.068,200,165.354,BATCH-005
2026-09-02 12:01:00,25223.033,44864.398,929.538,1121.373,2263.258,1.1482,172.114,1153.462,0.00715,3.007,200,169.071,BATCH-005
2026-09-02 12:02:00,25362.195,45759.517,927.803,1122.194,2264.318,1.154,177.559,1152.914,0.00598,19.8,200,167.555,BATCH-005
2026-09-02 12:03:00,25282.905,45137.851,928.317,1122.209,2263.147,1.1407,175.013,1153.377,0.00663,19.8,200,168.803,BATCH-005
2026-09-02 12:04:00,25409.287,44979.12,928.848,1122.543,2263.635,1.1562,173.003,1153.232,0.0067,19.8,200,170.153,BATCH-005
2026-09-02 12:05:00,25332.146,45484.526,928.721,1122.185,2262.548,1.1308,174.203,1152.909,0.0067,3.044,200,165.976,BATCH-005
2026-09-02 12:06:00,25271.464,44934.628,928.218,1122.064,2262.03,1.1517,173.786,1153.092,0.006,3.102,200,170.176,BATCH-005
2026-09-02 12:07:00,25198.907,44478.615,929.44,1122.28,2260.484,1.1614,173.17,1153.099,0.00615,2.944,200,166.877,BATCH-005
2026-09-02 12:08:00,25390.316,45403.283,930.641,1122.149,2260.727,1.1603,173.975,1153.386,0.00676,3.038,200,168.742,BATCH-005
2026-09-02 12:09:00,25288.216,45296.911,930.522,1122.326,2259.822,1.1393,171.964,1154.183,0.00591,3.091,200,166.732,BATCH-005
2026-09-02 12:10:00,25224.307,45092.533,930.834,1122.163,2260.024,1.1378,175.2,1154.434,0.00649,2.975,200,167.679,BATCH-005
2026-09-02 12:11:00,25281.973,45231.815,931.341,1122.643,2261.278,1.141,173.793,1154.776,0.0046,3.041,200,168.95,BATCH-005
2026-09-02 12:12:00,25198.774,45610.528,931.106,1122.726,2260.916,1.1557,173.453,1154.676,0.00639,3.171,200,168.167,BATCH-005
2026-09-02 12:13:00,25438.952,45218.328,930.839,1122.141,2260.745,1.1251,171.833,1154.517,0.00747,3.021,200,168.819,BATCH-005
2026-09-02 12:14:00,25405.928,45299.123,929.694,1121.35,2262.022,1.1313,174.489,1155.064,0.00678,3.106,200,165.78,BATCH-005
2026-09-02 12:15:00,25424.801,45339.757,928.59,1121.479,2260.381,1.1479,173.419,1155.174,0.00544,2.966,200,166.435,BATCH-005
2026-09-02 12:16:00,25344.853,45488.476,929.635,1121.79,2261.845,1.152,171.824,1155.057,0.00716,3.039,200,169.875,BATCH-005
2026-09-02 12:17:00,25222.043,45016.613,929.453,1122.254,2261.487,1.1296,171.45,1154.812,0.00508,3.041,200,164.833,BATCH-005
2026-09-02 12:18:00,25351.51,45856.751,,1121.804,2262.43,1.1511,173.14,1154.692,0.00618,3.101,200,170.2,BATCH-005
2026-09-02 12:19:00,,45392.011,928.991,1122.238,2263.192,1.1424,172.986,1154.798,0.00612,3.005,200,166.685,BATCH-005
2026-09-02 12:20:00,25298.729,44983.115,928.399,1121.383,2262.621,1.1414,173.878,1154.872,0.00465,3.068,200,166.768,BATCH-005
2026-09-02 12:21:00,25375.159,45826.571,928.214,1122.48,2263.429,1.1583,172.851,1155.09,0.00595,3.135,200,166.687,BATCH-005
2026-09-02 12:22:00,25376.219,45103.94,929.333,1121.959,2264.216,1.144,172.642,1155.471,0.00553,3.09,200,169.281,BATCH-005
2026-09-02 12:23:00,25460.447,45468.917,929.486,1122.866,2264.032,1.1211,171.231,1155.624,0.0071,3.063,200,171.737,BATCH-005
2026-09-02 12:24:00,25440.559,45669.301,928.831,1123.156,2263.565,1.1337,171.2,1155.885,0.00643,3.055,200,165.894,BATCH-005
2026-09-02 12:25:00,25465.953,45728.677,928.932,1122.965,2265.363,1.1446,171.474,,0.00527,3.065,200,168.914,BATCH-005
2026-09-02 12:26:00,25405.204,45481.081,930.25,1123.692,2266.07,1.1291,172.281,1156.309,0.00565,3.056,200,168.74,BATCH-005
2026-09-02 12:27:00,25398.57,45199.984,929.19,1124.31,2265.879,1.1343,173.492,1156.615,0.00431,3.023,200,170.061,BATCH-005
2026-09-02 12:28:00,25500.484,45558.363,931.054,1123.612,2264.832,1.1389,168.578,1156.889,0.00659,3.004,200,168.698,BATCH-005
2026-09-02 12:29:00,25322.062,45188.775,930.928,1123.533,2262.775,1.1298,171.557,1156.875,0.00575,3.038,200,169.714,BATCH-005
2026-09-02 12:30:00,22493.6,40451.237,929.298,1122.036,2262.257,1.1253,173.546,1157.008,0.00586,3.086,200,168.698,BATCH-005
2026-09-02 12:31:00,22487.071,40255.495,928.374,1120.276,2259.924,1.1245,171.906,1156.775,0.00573,3.015,200,166.065,BATCH-005
2026-09-02 12:32:00,22338.63,39924.3,924.379,1119.183,2258.955,1.1487,168.601,1157.228,0.0052,3.071,200,168.083,BATCH-005
2026-09-02 12:33:00,22421.111,39986.188,923.515,1117.589,2257.436,1.1376,170.738,1157.692,0.00558,3.013,200,167.14,BATCH-005
2026-09-02 12:34:00,22436.526,40082.05,921.451,1118.043,2256.947,1.1334,171.323,1157.956,0.0055,3.022,200,166.328,BATCH-005
2026-09-02 12:35:00,22488.568,40044.909,919.709,1117.53,2257.052,1.1241,171.812,1157.911,0.00578,3.055,200,164.876,BATCH-005
2026-09-02 12:36:00,22465.112,39874.593,919.239,1116.462,2256.655,1.1373,171.655,1158.07,0.00683,3.03,200,168.007,BATCH-005
2026-09-02 12:37:00,22590.708,40366.713,918.279,1116.546,2255.963,1.1371,171.053,1157.639,0.00597,3.071,200,170.016,BATCH-005
2026-09-02 12:38:00,22549.089,40221.937,1237.041,1116.528,2255.101,1.1364,171.502,1157.963,0.00689,3.137,200,167.061,BATCH-005
2026-09-02 12:39:00,22685.666,40718.464,916.208,1115.562,2253.748,1.1295,171.946,1157.598,0.00494,3.17,200,165.73,BATCH-005
2026-09-02 12:40:00,22610.031,39970.498,913.491,1115.001,2253.808,1.1325,169.329,1156.841,0.00706,2.977,200,170.062,BATCH-005
2026-09-02 12:41:00,22528.455,40233.428,913.077,1115.332,2253.239,1.1339,167.941,1157.029,0.00663,3.1,200,167.851,BATCH-005
2026-09-02 12:42:00,22496.387,40445.797,911.533,1114.432,2253.209,1.1172,168.968,1157.393,0.00636,3.083,200,167.927,BATCH-005
2026-09-02 12:43:00,22580.96,40480.18,910.708,1113.948,2254.029,1.1371,171.047,1156.827,0.00514,3.007,200,167.868,BATCH-005
2026-09-02 12:44:00,22633.481,40375.959,911.514,1113.381,2253.239,1.1262,170.81,1156.317,0.00747,3.099,200,169.95,BATCH-005
2026-09-02 12:45:00,22451.941,40270.197,909.976,1112.556,2252.325,1.1334,167.838,1156.283,0.00424,3.067,200,169.757,BATCH-005
2026-09-02 12:46:00,22593.51,40052.015,907.403,1113.44,2250.955,1.1127,169.61,1155.53,0.00472,2.922,200,169.19,BATCH-005
2026-09-02 12:47:00,22587.036,40122.964,905.824,1112.609,2250.78,1.1253,170.051,1155.493,0.00685,2.987,200,167.583,BATCH-005
2026-09-02 12:48:00,22655.547,40280.302,905.661,1112.796,2248.929,1.1283,169.885,1154.183,0.00512,2.999,200,169.116,BATCH-005
2026-09-02 12:49:00,22578.752,40680.87,905.846,1112.564,2247.894,1.105,168.384,1154.117,0.00602,3.132,200,167.756,BATCH-005
2026-09-02 12:50:00,22635.539,40768.163,907.69,1111.589,2247.922,1.1419,170.516,1153.878,0.00432,3.147,200,168.166,BATCH-005
2026-09-02 12:51:00,22726.476,40701.61,908.55,1111.218,2247.943,1.1266,169.897,1153.162,0.0075,3.055,200,167.203,BATCH-005
2026-09-02 12:52:00,22666.309,40560.146,907.547,1110.865,2246.931,1.1307,171.343,1153.203,0.00611,3.029,200,168.865,BATCH-005
2026-09-02 12:53:00,22736.466,40491.187,908.92,1110.708,2247.51,1.1261,169.415,1152.924,0.00566,3.024,200,168.733,BATCH-005
2026-09-02 12:54:00,22807.553,40699.905,909.223,1109.717,2248.031,1.1336,168.772,1152.345,0.00597,3.13,200,167.056,BATCH-005
2026-09-02 12:55:00,22761.857,40885.507,910.35,1109.775,2246.995,1.1194,167.122,1152.308,0.00755,3.033,200,168.621,BATCH-005
2026-09-02 12:56:00,,41132.102,909.211,1109.91,2246.094,1.1254,166.77,1152.313,0.00601,3.121,200,164.897,BATCH-005
2026-09-02 12:57:00,22882.658,40399.583,908.617,1110.095,2245.492,1.1482,170.768,1152.57,0.00587,2.962,200,167.369,BATCH-005
2026-09-02 12:58:00,22644.626,40149.401,909.531,1109.01,2245.55,1.1248,168.067,1152.191,0.006,3.035,200,171.721,BATCH-005
2026-09-02 12:59:00,22715.753,40769.437,909.06,1108.681,2243.591,1.136,169.264,1152.78,0.00446,3.078,200,168.564,BATCH-005
2026-09-02 13:00:00,22614.224,40472.778,908.412,1109.322,2244.594,1.1223,167.555,1151.81,0.00488,2.985,200,164.261,BATCH-006
2026-09-02 13:01:00,22584.903,40406.393,,1108.764,2245.068,1.1225,167.882,1151.744,0.00634,2.985,200,166.741,BATCH-006
2026-09-02 13:02:00,22721.833,40320.41,907.666,1108.528,2243.683,1.1164,169.888,1151.672,0.00524,3.057,200,168.137,BATCH-006
2026-09-02 13:03:00,22740.74,40680.885,908.242,1108.629,2245.183,1.137,168.46,1151.051,0.00617,3.071,200,168.782,BATCH-006
2026-09-02 13:04:00,22921.526,41116.883,908.34,1107.807,2245.511,1.1313,167.484,1150.752,0.00581,3.03,200,165.601,BATCH-006
2026-09-02 13:05:00,22840.775,40671.651,908.828,1106.803,2245.021,1.1266,167.194,1150.496,0.00828,3.033,200,168.136,BATCH-006
2026-09-02 13:06:00,22704.25,40787.791,909.193,1107.798,2244.24,1.1272,169.122,1150.383,0.00601,3.119,200,167.62,BATCH-006
2026-09-02 13:07:00,22859.393,41194.637,908.781,1107.382,2241.635,1.1366,167.847,1150.493,0.00564,3.24,200,168.659,BATCH-006
2026-09-02 13:08:00,22917.827,41337.532,909.06,1106.475,2242.851,1.1262,169.145,1150.23,0.00588,3.114,200,167.278,BATCH-006
2026-09-02 13:09:00,22697.854,40744.896,908.189,1108.052,2242.759,1.1479,166.341,1150.19,0.00539,3.13,200,166.52,BATCH-006
2026-09-02 13:10:00,22776.956,41097.211,908.258,1107.846,2243.108,1.1223,167.258,1149.737,0.00614,3.089,200,167.058,BATCH-006
2026-09-02 13:11:00,22704.294,40267.388,908.016,1108.359,2244.547,1.1314,166.164,1149.358,0.00481,3.067,200,170.232,BATCH-006
2026-09-02 13:12:00,22853.209,40556.743,906.639,1108.71,2243.569,1.1531,168.526,1149.114,0.00665,3.024,200,171.024,BATCH-006
2026-09-02 13:13:00,23023.722,41033.478,906.42,1108.14,2242.334,1.1197,167.362,1148.762,0.00486,3.11,200,167.628,BATCH-006
2026-09-02 13:14:00,22865.035,40808.948,907.239,1107.442,2242.356,1.1384,167.982,1149.213,0.00645,2.998,200,169.514,BATCH-006
2026-09-02 13:15:00,22948.027,41077.44,908.614,1107.756,2241.08,1.1536,166.547,1149.568,0.00564,3.093,200,170.228,BATCH-006
2026-09-02 13:16:00,22977.758,41076.551,907.651,1107.911,2241.144,1.1317,166.015,1149.651,0.00521,3.076,200,166.367,BATCH-006
2026-09-02 13:17:00,22865.969,41086.956,908.038,1108.104,2240.63,1.1375,167.892,1149.339,0.00491,3.085,200,167.29,BATCH-006
2026-09-02 13:18:00,22893.579,40923.288,906.382,1108.204,2240.493,1.1586,166.181,,0.00628,3.096,200,169.218,BATCH-006
2026-09-02 13:19:00,22963.187,41116.113,907.668,1109.462,2240.357,1.1458,167.734,1148.577,0.00558,3.157,200,167.453,BATCH-006
2026-09-02 13:20:00,22891.572,41155.502,907.453,1109.856,2241.503,1.1261,166.398,1148.65,0.00764,3.146,200,169.184,BATCH-006
2026-09-02 13:21:00,23092.193,41312.707,907.521,1110.204,2242.345,1.1347,165.57,1148.559,0.00523,2.98,200,165.64,BATCH-006
2026-09-02 13:22:00,22917.689,40753.24,906.81,1110.737,2241.893,1.1476,167.744,1148.539,0.00494,3.073,200,168.655,BATCH-006
2026-09-02 13:23:00,23032.377,41423.641,907.835,1110.133,2241.27,1.1403,168.462,1148.507,0.00658,3.127,200,167.035,BATCH-006
2026-09-02 13:24:00,22844.756,40695.66,908.345,1109.454,2242.775,1.1281,167.863,1148.58,0.0065,3.002,200,169.579,BATCH-006
2026-09-02 13:25:00,23010.003,41245.726,908.59,1110.396,2242.432,1.1346,164.634,1148.395,0.00552,3.104,200,169.134,BATCH-006
2026-09-02 13:26:00,22992.477,40571.826,908.1,1109.764,2243.278,1.1425,167.558,1148.623,0.00477,2.942,200,168.089,BATCH-006
2026-09-02 13:27:00,22918.213,41149.48,908.619,1109.572,2244.931,1.1516,167.47,1148.711,0.00609,3.085,200,165.554,BATCH-006
2026-09-02 13:28:00,22827.428,41053.712,908.188,1109.939,2245.083,1.1476,166.398,1148.668,0.00487,3.068,200,168.998,BATCH-006
2026-09-02 13:29:00,23097.021,41555.329,909.029,1109.507,2244.743,1.1428,164.919,1148.452,0.00698,3.078,200,170.08,BATCH-006
2026-09-02 13:30:00,22913.066,41146.696,911.346,1109.961,2244.86,1.1261,167.11,1148.827,0.00659,3.042,200,164.551,BATCH-006
2026-09-02 13:31:00,23033.321,41086.608,911.411,1110.488,2246.35,1.1399,165.693,1148.367,0.00606,3.093,200,167.562,BATCH-006
2026-09-02 13:32:00,22829.72,40706.368,910.785,1110.664,2245.995,1.1405,164.589,1147.948,0.00734,3.145,200,168.455,BATCH-006
2026-09-02 13:33:00,,41267.359,911.536,1110.034,2247.185,1.1285,168.465,1147.493,0.00632,2.992,200,168.903,BATCH-006
2026-09-02 13:34:00,23124.597,41049.023,909.886,1108.975,2246.342,1.1353,165.688,1148.039,0.00672,3.025,200,166.701,BATCH-006
2026-09-02 13:35:00,23010.345,41111.831,908.575,1108.743,2246.164,1.1558,166.271,1148.255,0.00394,3.017,200,167.129,BATCH-006
2026-09-02 13:36:00,23101.778,40515.765,909.125,1109.084,2245.294,1.1528,167.224,1147.575,0.00647,2.973,200,169.685,BATCH-006
2026-09-02 13:37:00,23089.233,41327.684,908.994,1109.378,2246.506,1.1512,166.308,1147.487,0.00774,3.046,200,166.744,BATCH-006
2026-09-02 13:38:00,23032.223,40828.407,909.906,1109.247,2245.868,1.1711,164.778,1147.056,0.006,2.942,200,168.916,BATCH-006
2026-09-02 13:39:00,23001.943,41072.784,911.495,1108.176,2245.399,1.1597,167.939,1146.01,0.00619,3.119,200,166.005,BATCH-006
2026-09-02 13:40:00,22983.766,41635.171,911.322,1107.56,2244.352,1.1582,165.891,1146.486,0.00685,3.205,200,168.246,BATCH-006
2026-09-02 13:41:00,22909.746,40747.605,911.001,1108.537,2245.964,1.1443,164.885,1147.185,0.00644,2.987,200,166.537,BATCH-006
2026-09-02 13:42:00,23081.117,41456.084,909.665,1109.266,2243.39,1.1442,163.668,1147.417,0.00674,3.077,200,167.648,BATCH-006
2026-09-02 13:43:00,22900.792,41311.732,910.202,1108.842,2243.439,1.1479,165.035,1147.597,0.00576,3.175,200,169.029,BATCH-006
2026-09-02 13:44:00,23115.864,41304.884,,1108.699,2241.937,1.1668,167.577,1146.99,0.00704,3.013,200,171.184,BATCH-006
2026-09-02 13:45:00,23120.105,41636.555,909.16,1108.84,2241.641,1.1671,164.034,1146.451,0.00661,3.105,200,169.426,BATCH-006
2026-09-02 13:46:00,23066.469,40819.817,908.798,1109.745,2243.055,1.1457,166.046,1145.927,0.00678,2.975,200,166.393,BATCH-006
2026-09-02 13:47:00,23119.587,41181.775,908.906,1110.844,2243.877,1.1528,162.896,1145.432,0.00759,3.029,200,167.328,BATCH-006
2026-09-02 13:48:00,23228.272,40896.338,908.416,1111.525,2243.656,1.1704,166.068,1144.916,0.00563,2.981,200,168.602,BATCH-006
2026-09-02 13:49:00,23158.016,41362.4,909.686,1112.345,2243.765,1.1532,165.792,1145,0.00646,3.073,200,167.144,BATCH-006
2026-09-02 13:50:00,23173.489,41345.51,910.669,1112.242,2244.826,1.1584,164.598,1144.456,0.00544,3.029,200,167.781,BATCH-006
2026-09-02 13:51:00,23161.044,41287.148,910.351,1112.552,2244.31,1.1708,164.66,1144.534,0.00614,2.963,200,165.739,BATCH-006
2026-09-02 13:52:00,23051.212,41301.003,911.44,1113.451,2244.554,1.161,163.952,1144.887,0.0072,3.169,200,170.202,BATCH-006
2026-09-02 13:53:00,23111.203,41336.545,912.086,1112.109,2243.082,1.1618,163.396,1144.826,0.0057,3.092,200,166.433,BATCH-006
2026-09-02 13:54:00,23067.409,41168.299,910.845,1110.864,2244.509,1.1472,165.211,1144.957,0.00505,3.126,200,168.699,BATCH-006
2026-09-02 13:55:00,23047.9,41242.925,910.67,1111.104,2245.106,1.1624,164.663,1145.441,0.00636,3.149,200,168.812,BATCH-006
2026-09-02 13:56:00,23224.925,41199.287,910.11,1112.16,2244.329,1.1843,163.817,1145.213,0.0058,3.057,200,169.318,BATCH-006
2026-09-02 13:57:00,23197.416,41283.132,910.668,1112.516,2244.556,1.1624,163.284,1145.34,0.00701,2.982,200,170.517,BATCH-006
2026-09-02 13:58:00,23063.481,41506.864,911.803,1112.662,2243.591,1.1671,164.974,1145.161,0.00643,3.082,200,169.552,BATCH-006
2026-09-02 13:59:00,23062.911,41129.618,910.938,1112.451,2242.412,1.1599,163.844,1145.328,0.0072,3.036,200,167.675,BATCH-006
2026-09-02 14:00:00,26089.675,46634.637,913.872,1113.085,2244.32,1.1604,163.849,1145.741,0.00454,2.959,220,168.877,BATCH-007
2026-09-02 14:01:00,26244.422,47038.244,916.736,1115.096,2246.153,1.1604,163.091,1146.118,0.00561,3.139,220,168.305,BATCH-007
2026-09-02 14:02:00,26086.98,46811.821,917.875,1115.308,2247.821,1.1828,165.372,1146.179,0.00591,3.034,220,169.427,BATCH-007
2026-09-02 14:03:00,26228.86,46892.38,920.089,1115.924,2249.005,1.1777,165.338,1146.733,0.00611,3.032,220,166.71,BATCH-007
2026-09-02 14:04:00,26155.748,46754.84,920.86,1118.107,2250.009,1.171,164.435,1146.2,0.00647,3.02,220,166.502,BATCH-007
2026-09-02 14:05:00,26080.014,46408.004,923.5,1119.19,2250.581,1.1972,164.856,1146.542,0.0057,3.047,220,167.596,BATCH-007
2026-09-02 14:06:00,26193.205,47096.528,924.69,1120,2252.116,1.1954,163.493,1146.855,0.00581,3.162,220,169.499,BATCH-007
2026-09-02 14:07:00,26178.549,46708.304,925.495,1119.623,2253.427,1.1942,163.483,1147.028,0.00654,3.128,220,166.21,BATCH-007
2026-09-02 14:08:00,26153.455,46861.527,925.637,1119.991,2254.058,1.1722,165.963,1147.607,0.00568,3.066,220,165.406,BATCH-007
2026-09-02 14:09:00,26312.008,47584.776,926.729,1120.36,2254.417,1.1701,161.816,1148.471,0.00547,3.043,220,167.635,BATCH-007
2026-09-02 14:10:00,,46826.287,928.011,1119.865,2255.931,1.1697,163.024,1148.391,0.00547,3.049,220,166.053,BATCH-007
2026-09-02 14:11:00,26194.807,46988.026,928.596,1120.96,2256.117,1.1879,163.616,,0.00595,3.092,220,170.271,BATCH-007
2026-09-02 14:12:00,26203.127,47104.468,929.298,1120.895,2256.005,1.1738,164.418,1148.919,0.00524,3.12,220,167.036,BATCH-007
2026-09-02 14:13:00,26248.242,46743.968,930.394,1122.384,2255.556,1.1746,164.806,1149.292,0.00612,3.062,220,169.855,BATCH-007
2026-09-02 14:14:00,26095.139,46972.639,929.273,1122.527,2255.71,1.1965,163.251,1149.109,0.0057,3.154,220,165.384,BATCH-007
2026-09-02 14:15:00,26300.484,46866.824,930.743,1123.022,2256.417,1.1911,164.473,1150.007,0.00628,3.039,220,170.019,BATCH-007
2026-09-02 14:16:00,26295.122,46920.776,931.362,1122.709,2257.529,1.1856,162.39,1151.058,0.00523,2.962,220,167.238,BATCH-007
2026-09-02 14:17:00,26236.58,47202.628,930.912,1121.506,2257.662,1.18,164.865,1150.843,0.00587,3.113,220,169.076,BATCH-007
2026-09-02 14:18:00,26001.562,46150.968,931.112,1122.871,2257.917,1.1869,165.663,1150.977,0.00584,3.002,220,166.747,BATCH-007
2026-09-02 14:19:00,26128.454,46701.919,931.318,1123.521,2256.537,1.2001,164.793,1151.03,0.00649,3.159,220,167.492,BATCH-007
2026-09-02 14:20:00,26159.821,46722.208,930.81,1124.432,2258.06,1.1997,164.663,1151.17,0.00722,3.104,220,170.115,BATCH-007
2026-09-02 14:21:00,26104.907,47027.047,932.207,1125.378,2257.158,1.1918,164.03,1151.405,0.0074,3.08,220,166.01,BATCH-007
2026-09-02 14:22:00,26082.137,46540.202,932.073,1124.394,2257.552,1.1776,162.945,1151.815,0.00671,2.975,220,167.603,BATCH-007
2026-09-02 14:23:00,26091.615,46806.771,930.8,1124.063,2257.87,1.1935,161.111,1152.249,0.00553,3.092,220,170.183,BATCH-007
2026-09-02 14:24:00,26177.626,47124.061,932.273,1123.425,2259.783,1.2078,165.026,1152.217,0.0068,3.03,220,168.569,BATCH-007
2026-09-02 14:25:00,26071.132,46901.658,930.989,1123.781,2261.367,1.1974,162.136,1152.803,0.00593,3.103,220,166.822,BATCH-007
2026-09-02 14:26:00,26002.279,46275.807,930.726,1124.727,2261.288,1.2236,163.185,1152.262,0.00614,3.072,220,168.36,BATCH-007
2026-09-02 14:27:00,26212.888,47276.784,,1123.944,2261.379,1.2035,163.165,1152.326,0.00534,3.168,220,166.421,BATCH-007
2026-09-02 14:28:00,26078.963,46618.172,929.699,1124.562,2262.562,1.202,163.864,1152.758,0.00553,2.996,220,169.502,BATCH-007
2026-09-02 14:29:00,26223.188,47278.235,929.638,1124.426,2262.382,1.202,165.621,1152.677,0.00715,3.14,220,166.623,BATCH-007
2026-09-02 14:30:00,26077.425,46576.794,931.376,1125.269,2263.28,1.1998,163.469,1152.799,0.00644,3.098,220,167.983,BATCH-007
2026-09-02 14:31:00,25995.216,46316.602,932.003,1124.691,2262.381,1.2087,163.09,1152.996,0.00488,3.143,220,166.499,BATCH-007
2026-09-02 14:32:00,26114.283,46547.22,932.093,1123.969,2262.748,1.2099,163.766,1152.96,0.005,2.973,220,168.904,BATCH-007
2026-09-02 14:33:00,26129.029,46717.79,932.514,1123.401,2263.305,1.2112,165.522,1153.469,0.00626,3.113,220,168.923,BATCH-007
2026-09-02 14:34:00,26103.035,46771.409,933.92,1124.049,2261.382,1.2151,165.284,1153.923,0.00546,3.091,220,164.511,BATCH-007
2026-09-02 14:35:00,26111.564,46625.208,932.182,1124.011,2261.856,1.2233,164.025,1154.05,0.00611,3.092,220,169.799,BATCH-007
2026-09-02 14:36:00,26014.055,46363.124,931.288,1125.049,2261.843,1.2057,165.116,1155.065,0.00527,3.076,220,167.935,BATCH-007
2026-09-02 14:37:00,26006.631,46384.876,930.392,1125.999,2262.706,1.2304,163.875,1154.4,0.00596,2.956,220,166.032,BATCH-007
2026-09-02 14:38:00,26004.592,46900.639,929.056,1126.648,2262.187,1.2343,163.517,1154.47,0.00551,3.06,220,166.03,BATCH-007
2026-09-02 14:39:00,26194.918,47120.021,929.766,1127.371,2262.143,1.2078,162.506,1155.088,0.00647,3.102,220,166.872,BATCH-007
2026-09-02 14:40:00,26028.771,46448.636,929.986,1126.495,2261.248,1.2171,166.103,1155.277,0.00643,3.149,220,168.184,BATCH-007
2026-09-02 14:41:00,26073.99,46484.081,930.873,1126.547,2262.306,1.2108,164.917,1155.382,0.00596,3.015,220,169.43,BATCH-007
2026-09-02 14:42:00,25837.595,46278.207,931.134,1126.298,2262.388,1.2044,164.054,1155.791,0.00592,3.069,220,166.482,BATCH-007
2026-09-02 14:43:00,26008.286,46471.199,931.926,1126.577,2261.078,1.2126,163.868,1156.679,0.00641,3.018,220,168.587,BATCH-007
2026-09-02 14:44:00,25888.942,45775.749,931.389,1126.218,2262.719,1.2181,164.912,1156.591,0.00705,2.971,220,168.01,BATCH-007
2026-09-02 14:45:00,26029.123,46769.229,931.74,1126.125,2263.914,1.212,164.084,1157.03,0.00595,2.978,220,166.258,BATCH-007
2026-09-02 14:46:00,26047.566,46835.969,931.803,1125.913,2262.139,1.2342,163.982,1157.303,0.00452,3.077,220,163.907,BATCH-007
2026-09-02 14:47:00,,46665.132,931.627,1126.041,2261.773,1.216,164.65,1156.994,0.00638,3.031,220,168.441,BATCH-007
2026-09-02 14:48:00,26105.098,46632.684,930.63,1126.426,2260.408,1.2365,161.931,1156.356,0.00721,3.12,220,169.002,BATCH-007
2026-09-02 14:49:00,25960.063,46732.276,929.459,1126.671,2260.679,1.2213,165.614,1156.386,0.00564,3.127,220,165.482,BATCH-007
2026-09-02 14:50:00,26040.044,46244.216,930.753,1126.676,2262.664,1.2347,164.788,1156.345,0.00664,3.082,220,168.757,BATCH-007
2026-09-02 14:51:00,25957.18,46386.641,931.092,1127.078,2263.017,1.2325,165.787,1156.721,0.00684,2.959,220,168.614,BATCH-007
2026-09-02 14:52:00,26017.787,46813.397,930.396,1127.138,2263.284,1.2283,166.345,1156.479,0.00548,3.04,220,166.576,BATCH-007
2026-09-02 14:53:00,26084.863,47057.911,930.171,1127.032,2264.745,1.2441,162.743,1157.053,0.00474,3.151,220,167.813,BATCH-007
2026-09-02 14:54:00,25870.584,46696.766,929.758,1126.004,2265.679,1.2247,165.758,1157.197,0.00709,3.084,220,169.952,BATCH-007
2026-09-02 14:55:00,26008.808,46429.479,929.503,1126.744,2266.105,1.2404,163.817,1157.361,0.00524,3.044,220,168.201,BATCH-007
2026-09-02 14:56:00,26007.571,46453.471,929.905,1126.965,2265.333,1.2393,163.142,1157.501,0.00495,3.051,220,168.066,BATCH-007
2026-09-02 14:57:00,25841.589,46554.647,929.366,1126.669,2263.954,1.2498,166.307,1158.419,0.00593,3.127,220,168.074,BATCH-007
2026-09-02 14:58:00,26114.757,46518.267,929.76,1126.471,2263.006,1.2412,163.979,1158.714,0.00521,2.975,220,167.754,BATCH-007
2026-09-02 14:59:00,25882.652,46671.223,931.703,1126.592,2262.577,1.2542,161.874,1159.059,0.00652,3.144,220,169.385,BATCH-007
2026-09-02 15:00:00,25935.029,46677.716,931.774,1127.44,2262.389,1.2254,163.708,1159.386,0.00568,3.01,220,168.886,BATCH-008
2026-09-02 15:01:00,25968.322,46358.025,932.099,1127.124,2263.066,1.2438,165.143,1159.562,0.00592,3.037,220,166.974,BATCH-008
2026-09-02 15:02:00,25918.147,45793.688,932.345,1126.583,2263.531,1.249,165.336,1158.95,0.00632,2.961,220,170.249,BATCH-008
2026-09-02 15:03:00,25861.798,45752.976,932.414,1126.843,2263.719,1.2523,165.297,1158.721,0.00665,2.971,220,168.459,BATCH-008
2026-09-02 15:04:00,25920.75,46196.363,931.006,1126.718,2264.289,1.2506,164.03,,0.00625,3.017,220,165.314,BATCH-008
2026-09-02 15:05:00,25903.156,46716.607,931.399,1126.314,2264.969,1.2675,163.486,1158.427,0.00591,3.063,220,168.312,BATCH-008
2026-09-02 15:06:00,25856.35,46207.723,932.076,1126.389,2265.273,1.249,166.918,1157.98,0.00675,3.118,220,166.212,BATCH-008
2026-09-02 15:07:00,25839.346,46417.758,932.323,1126.798,2267.073,1.249,164.021,1157.68,0.00756,2.979,220,167.607,BATCH-008
2026-09-02 15:08:00,25955.337,46846.963,930.772,1127.582,2266.152,1.2708,166.693,1158.178,0.00524,3.085,220,169.565,BATCH-008
2026-09-02 15:09:00,25734.195,46162.474,932.415,1127.829,2266.984,1.2543,167.775,1158.326,0.00561,2.995,220,169.423,BATCH-008
2026-09-02 15:10:00,25854.974,45881.582,,1127.667,2265.532,1.2602,165.809,1157.86,0.00582,2.929,220,169.761,BATCH-008
2026-09-02 15:11:00,25838.405,45881.31,931.947,1126.322,2266.32,1.2407,163.383,1158.498,0.00522,2.929,220,168.866,BATCH-008
2026-09-02 15:12:00,25769.4,46161.687,931.088,1125.541,2267.405,1.2597,165.484,1158.46,0.00573,2.979,220,165.997,BATCH-008
2026-09-02 15:13:00,25809.552,45613.124,1250.532,1124.151,2267.378,1.2636,164.644,1158.455,0.00621,2.973,220,168.649,BATCH-008
2026-09-02 15:14:00,25709.632,46063.791,931.261,1124.033,2267.311,1.2654,165.696,1159.222,0.00586,3.138,220,169.526,BATCH-008
2026-09-02 15:15:00,25752.09,45926.685,929.032,1124.226,2265.355,1.2599,166.519,1158.538,0.00457,3.144,220,168.964,BATCH-008
2026-09-02 15:16:00,25613.558,45483.514,928.401,1124.097,2266.068,1.2454,165.189,1159.093,0.00478,2.941,220,170.201,BATCH-008
2026-09-02 15:17:00,25697.347,46029.866,928.654,1123.744,2267.607,1.2467,164.931,1159.144,0.00592,3.062,220,166.267,BATCH-008
2026-09-02 15:18:00,25735.945,46053.685,928.73,1123.05,2267.16,1.2476,165.866,1158.69,0.0047,3.113,220,168.138,BATCH-008
2026-09-02 15:19:00,25733.525,46402.348,929.842,1123.618,2266.932,1.2489,165.565,1158.543,0.00606,3.173,220,169.505,BATCH-008
2026-09-02 15:20:00,25608.434,45922.737,929.533,1123.001,2267.117,1.2557,163.995,1158.107,0.00549,3.127,220,169.767,BATCH-008
2026-09-02 15:21:00,25745.703,45930.218,929.705,1124.14,2266.352,1.2452,164.071,1158.126,0.00593,2.986,220,168.878,BATCH-008
2026-09-02 15:22:00,25599.541,45427.111,929.104,1125.163,2266.784,1.2616,165.605,1157.52,0.00617,3.044,220,168.804,BATCH-008
2026-09-02 15:23:00,25675.836,45731.37,929.673,1125.257,2267.231,1.2582,165.858,1157.047,0.00565,3.151,220,164.562,BATCH-008
2026-09-02 15:24:00,,45724.254,928.493,1125.241,2265.933,1.2646,164.488,1157.123,0.00642,3.095,220,168.653,BATCH-008
2026-09-02 15:25:00,25652.75,46028.204,926.06,1124.561,2265.859,1.2464,166.3,1157.261,0.00596,3.107,220,168.646,BATCH-008
2026-09-02 15:26:00,25616.046,45883.418,926.216,1124.952,2266.728,1.2543,166.399,1157.579,0.00508,2.984,220,168.264,BATCH-008
2026-09-02 15:27:00,25732.151,46162.226,925.973,1125.663,2266.316,1.2662,166.134,1157.101,0.00828,3.042,220,170.027,BATCH-008
2026-09-02 15:28:00,25752.852,46478.363,927.018,1124.455,2266.565,1.2459,164.854,1156.952,0.00614,3.153,220,168.018,BATCH-008
2026-09-02 15:29:00,25636.616,45568.649,927.204,1124.519,2267.114,1.2557,167.056,1157.052,0.00569,3.098,220,169.083,BATCH-008
2026-09-02 15:30:00,22581.089,40421.156,925.284,1122.56,2266.36,1.2627,165.334,1156.929,0.00526,3.197,220,166.783,BATCH-008
2026-09-02 15:31:00,22665.599,40515.29,923.984,1123.094,2264.846,1.2692,167.328,1156.841,0.00691,2.983,220,168.341,BATCH-008
2026-09-02 15:32:00,22623.649,40594.566,922.839,1122.293,2263.93,1.2636,165.479,1156.217,0.00625,3.132,220,166.94,BATCH-008
2026-09-02 15:33:00,22785.428,41073.676,921.382,1121.04,2264.266,1.2605,166.174,1156.335,0.00483,3.121,220,165.154,BATCH-008
2026-09-02 15:34:00,22680.298,41246.972,920.619,1121.453,2262.789,1.2696,166.096,1156.528,0.00605,3.209,220,169.79,BATCH-008
2026-09-02 15:35:00,22499.306,40106.335,918.779,1120.059,2260.635,1.2816,168.178,1156.512,0.00649,3.1,220,170.084,BATCH-008
2026-09-02 15:36:00,22607.675,40388.556,917.295,1118.053,2261.143,1.2555,168.95,1156.325,0.0068,2.999,220,169.09,BATCH-008
2026-09-02 15:37:00,22537.311,40651.904,917.295,1117.507,2258.148,1.2482,167.89,1156.229,0.00608,3.136,220,168.627,BATCH-008
2026-09-02 15:38:00,22579.296,39686.708,916.672,1116.537,2256.803,1.2759,167.972,1156.29,0.00527,3.039,220,168.86,BATCH-008
2026-09-02 15:39:00,22516.394,40606.525,915.299,1115.639,2255.931,1.2819,165.219,1156.066,0.00597,3.085,220,165.952,BATCH-008
2026-09-02 15:40:00,22565.55,40655.221,915.05,1116.449,2254.746,1.2675,166.852,1155.796,0.00638,3.038,220,165.002,BATCH-008
2026-09-02 15:41:00,22630.384,40548.943,914.033,1115.11,2254.451,1.2783,165.44,1155.679,0.00615,3.01,220,166.643,BATCH-008
2026-09-02 15:42:00,22463.701,40566.995,913.192,1115.167,2253.778,1.2646,165.847,1155.488,0.00674,3.19,220,169.424,BATCH-008
2026-09-02 15:43:00,22479.981,40686.211,911.806,1114.782,2251.965,1.2845,165.987,1155.498,0.0043,3.211,220,169.327,BATCH-008
2026-09-02 15:44:00,22487.888,40352.135,911.496,1113.416,2249.845,1.2556,166.172,1155.095,0.00657,3.123,220,169.69,BATCH-008
2026-09-02 15:45:00,22502.762,40533.388,910.705,1111.944,2249.976,1.248,167.46,1155.412,0.00473,3.055,220,170.25,BATCH-008
2026-09-02 15:46:00,22519.124,40074.451,911.316,1111.908,2250.633,1.2546,165.608,1154.89,0.00528,3.007,220,168.799,BATCH-008
2026-09-02 15:47:00,22413.175,39961.135,910.83,1112.848,2248.538,1.2678,167.019,1154.858,0.00793,3.017,220,170.903,BATCH-008
2026-09-02 15:48:00,22495.296,40589.559,911.46,1112.491,2248.602,1.2837,167.296,1153.526,0.00594,3.245,220,168.234,BATCH-008
2026-09-02 15:49:00,22372.546,40330.021,911.065,1112.291,2247.137,1.2889,164.987,1153.191,0.00603,3.179,220,169.965,BATCH-008
2026-09-02 15:50:00,22411.166,40184.878,910.403,1112.394,2246.15,1.2468,168.74,1153.188,0.00474,3.058,220,166.96,BATCH-008
2026-09-02 15:51:00,22599.074,40432.418,909.24,1112.27,2245.712,1.2642,167.05,1152.23,0.00531,3.062,220,167.406,BATCH-008
2026-09-02 15:52:00,22448.37,40092.335,909.016,1111.631,2245.236,1.2717,166.209,1152.219,0.00456,3.098,220,166.959,BATCH-008
2026-09-02 15:53:00,22457.831,40143.604,,1110.917,2245.71,1.2623,166.656,1151.659,0.00524,3.09,220,165.347,BATCH-008
2026-09-02 15:54:00,22455.417,40197.558,908.772,1110.342,2246.615,1.26,165.731,1151.121,0.00743,3.133,220,166.826,BATCH-008
2026-09-02 15:55:00,22540.766,40304.961,909.44,1110.727,2247.088,1.27,167.017,1151.594,0.0059,3.08,220,169.277,BATCH-008
2026-09-02 15:56:00,22467.694,40450.683,908.895,1111.033,2245.527,1.2654,167.698,1151.675,0.00702,3.018,220,170.399,BATCH-008
2026-09-02 15:57:00,22456.698,40688.076,910.521,1109.916,2244.832,1.2817,170.104,,0.00507,3.176,220,169.171,BATCH-008
2026-09-02 15:58:00,22447.456,40400.949,909.567,1108.31,2244.523,1.2593,166.864,1150.933,0.00517,3.053,220,170.883,BATCH-008
2026-09-02 15:59:00,22391.324,39427.141,907.443,1107.75,2243.462,1.2818,167.854,1151.088,0.00715,2.878,220,167.352,BATCH-008
2026-09-02 16:00:00,22413.838,40389.4,908.52,1107.034,2242.974,1.2749,167.748,1151.753,0.00588,3.148,220,171.603,BATCH-009
2026-09-02 16:01:00,,40262.753,907.223,1106.837,2243.472,1.2625,166.366,1151.294,0.00521,3.194,220,167.427,BATCH-009
2026-09-02 16:02:00,22442.845,40108.884,906.84,1108.007,2243.655,1.2634,167.028,1150.965,0.0063,3.043,220,168.05,BATCH-009
2026-09-02 16:03:00,22433.809,40280.01,906.591,1108.74,2242.891,1.2779,168.3,1150.566,0.0065,3.001,220,169.126,BATCH-009
2026-09-02 16:04:00,22407.358,40058.654,905.146,1109.237,2242.744,1.256,168.946,1150.344,0.00573,3.06,220,165.983,BATCH-009
2026-09-02 16:05:00,22417.428,40265.02,905.023,1110.566,2242.103,1.282,168.478,1150.33,0.00688,3.094,220,167.001,BATCH-009
2026-09-02 16:06:00,22367.131,39842.467,905.907,1110.65,2241.071,1.2554,169.907,1149.866,0.00714,3.011,220,166.557,BATCH-009
2026-09-02 16:07:00,22301.262,39861.089,905.862,1109.59,2240.269,1.2728,169.288,1149.262,0.00741,2.958,220,168.382,BATCH-009
2026-09-02 16:08:00,22308.792,39623.185,905.834,1109.482,2238.985,1.2546,167.277,1149.02,0.00664,3.122,220,169.274,BATCH-009
2026-09-02 16:09:00,22295.376,39736.033,908.011,1109.932,2238.512,1.2558,167.477,1149.173,0.00677,3.127,220,167.885,BATCH-009
2026-09-02 16:10:00,22405.844,39628.172,908.155,1110.976,2237.86,1.2901,168.187,1148.783,0.00552,3.079,220,166.811,BATCH-009
2026-09-02 16:11:00,22276.708,39691.368,906.783,1111.41,2237.856,1.2628,169.555,1148.97,0.00732,3.052,220,169.958,BATCH-009
2026-09-02 16:12:00,22368.661,39465.798,904.85,1111.215,2237.883,1.2806,169.728,1148.11,0.00719,2.997,220,168.924,BATCH-009
2026-09-02 16:13:00,22309.073,40073.116,904.978,1111.392,2239.004,1.2612,167.597,1147.217,0.00608,3.065,220,171.363,BATCH-009
2026-09-02 16:14:00,22224.494,39521.637,905.157,1111.169,2239.759,1.2785,169.955,1147.338,0.00526,3.066,220,168.066,BATCH-009
2026-09-02 16:15:00,22383.155,40346.403,906.044,1111.133,2238.961,1.2623,167.838,1147.348,0.0067,3.062,220,164.837,BATCH-009
2026-09-02 16:16:00,22317.466,39998.466,907.198,1110.529,2238.304,1.2721,170.084,1147.117,0.00596,3.126,220,168.602,BATCH-009
2026-09-02 16:17:00,22156.515,39590.057,908.009,1111.062,2237.795,1.2676,168.676,1146.222,0.00451,3.009,220,172.261,BATCH-009
2026-09-02 16:18:00,22138.573,39781.967,907.005,1109.495,2236.427,1.2575,170.095,1146.009,0.00569,3.092,220,167.784,BATCH-009
2026-09-02 16:19:00,22383.587,39536.313,907.031,1108.562,2236.37,1.2679,169.471,1146.09,0.00599,2.931,220,169.058,BATCH-009
2026-09-02 16:20:00,22275.687,39931.224,905.891,1108.496,2237.369,1.2748,168.731,1146.142,0.00751,3.128,220,170.042,BATCH-009
2026-09-02 16:21:00,22185.679,39684.107,906.25,1108.818,2239.075,1.2624,168.348,1145.935,0.00477,3.09,220,165.542,BATCH-009
2026-09-02 16:22:00,22203.551,39722.828,905.755,1108.723,2239.843,1.2639,170.095,1146.109,0.00613,3.022,220,166.229,BATCH-009
2026-09-02 16:23:00,22300.97,40236.581,904.087,1108.882,2240.95,1.2759,170.992,1145.946,0.00564,3.084,220,167.858,BATCH-009
2026-09-02 16:24:00,22233.784,40141.37,902.592,1108.969,2239.615,1.2447,170.455,1145.844,0.00593,3.174,220,168.661,BATCH-009
2026-09-02 16:25:00,22354.517,40094.379,901.933,1108.078,2239.317,1.2511,170.85,1145.371,0.00506,3.019,220,165.919,BATCH-009
2026-09-02 16:26:00,22344.876,39865.148,902.419,1107.19,2238.41,1.2628,169.24,1145.416,0.00592,3.036,220,168.687,BATCH-009
2026-09-02 16:27:00,22288.247,39895.35,901.136,1106.611,2237.992,1.2467,171.135,1145.88,0.00611,3.133,220,168.589,BATCH-009
2026-09-02 16:28:00,22312.194,39818.862,901.953,1106.993,2238.275,1.2818,171.242,1146.238,0.00579,3.047,220,166.623,BATCH-009
2026-09-02 16:29:00,22100.962,39149.145,903.805,1107.174,2238.605,1.2391,169.418,1146.195,0.00657,2.971,220,168.502,BATCH-009
2026-09-02 16:30:00,22227.975,39784.416,903.645,1106.098,2238.414,1.255,171.216,1145.806,0.00587,3.059,220,169.532,BATCH-009
2026-09-02 16:31:00,22368.337,40048.021,902.776,1105.452,2237.801,1.2668,173.036,1145.253,0.00634,3.008,220,168.409,BATCH-009
2026-09-02 16:32:00,22241.332,39855.517,902.155,1104.975,2235.63,1.2519,169.278,1144.65,0.12717,3.085,220,169.824,BATCH-009
2026-09-02 16:33:00,22292.922,40136.337,901.789,1105.201,2234.913,1.2679,170.487,1144.097,0.006,3.051,220,168.688,BATCH-009
2026-09-02 16:34:00,22428.25,40204.976,901.169,1104.376,2234.826,1.2775,170.908,1143.811,0.00682,3.121,220,169.027,BATCH-009
2026-09-02 16:35:00,22304.139,39844.557,901.533,1104.743,2234.977,1.2605,171.032,1143.218,0.00529,3.057,220,171.581,BATCH-009
2026-09-02 16:36:00,22271.589,39193.91,,1105.787,2233.817,1.2549,171.548,1143.371,0.00714,2.994,220,169.231,BATCH-009
2026-09-02 16:37:00,22238.284,40191.446,902.054,1104.45,2235.12,1.2528,169.493,1143.052,0.00607,3.102,220,169.27,BATCH-009
2026-09-02 16:38:00,,40004.135,903.305,1104.589,2233.743,1.2591,174.202,1142.92,0.00659,3.057,220,166.57,BATCH-009
2026-09-02 16:39:00,22248.526,39612.976,903.661,1105.12,2233.237,1.2424,170.457,1143.212,0.0079,3.075,220,169.086,BATCH-009
2026-09-02 16:40:00,22263.334,39918.475,902.237,1106.806,2232.139,1.2469,171.838,1142.926,0.00729,2.994,220,165.857,BATCH-009
2026-09-02 16:41:00,22414.908,40464.22,903.839,1106.891,2232.573,1.2532,170.673,1142.521,0.00497,3.09,220,165.789,BATCH-009
2026-09-02 16:42:00,22311.826,39658.855,906.047,1107.282,2232.276,1.2549,171.585,1142.711,0.006,3.091,220,168.169,BATCH-009
2026-09-02 16:43:00,22224.348,39448.556,905.611,1106.389,2230.933,1.2448,172.249,1142.827,0.00713,3.034,220,171.653,BATCH-009
2026-09-02 16:44:00,22336.911,39299.004,905.393,1106.914,2233.011,1.2557,172.735,1142.791,0.00618,2.924,220,166.894,BATCH-009
2026-09-02 16:45:00,22260.635,39762.764,905.31,1106.734,2232.843,1.2386,171.661,1142.306,0.0069,2.998,220,167.069,BATCH-009
2026-09-02 16:46:00,22235.816,39471.756,906.43,1107.579,2232.147,1.2657,173.342,1142.448,0.00589,2.938,220,168.197,BATCH-009
2026-09-02 16:47:00,22254.432,39926.531,906.223,1106.63,2234.051,1.2461,172.943,1142.682,0.00493,3.073,220,167.174,BATCH-009
2026-09-02 16:48:00,22222.641,40147.147,905.66,1105.457,2232.972,1.2552,172.424,1142.673,0.00539,3.065,220,170.7,BATCH-009
2026-09-02 16:49:00,22253.278,39716.744,906.618,1105.585,2233.135,1.2505,174.494,1142.424,0.00556,3.046,220,168.507,BATCH-009
2026-09-02 16:50:00,22308.36,39701.617,906.671,1105.569,2232.347,1.2564,172.159,,0.00558,3.08,220,169.142,BATCH-009
2026-09-02 16:51:00,22231.582,39469.395,906.089,1105.187,2231.339,1.2429,173.474,1142.194,0.00626,3.032,220,166.09,BATCH-009
2026-09-02 16:52:00,22300.821,39718.011,906.359,1105.386,2231.913,1.2554,173.49,1142.538,0.0065,3.001,220,167.521,BATCH-009
2026-09-02 16:53:00,22350.63,39584.98,905.935,1106.037,2231.999,1.2402,174.607,1141.871,0.00666,2.961,220,167.582,BATCH-009
2026-09-02 16:54:00,22324.744,40636.375,905.381,1106.46,2231.286,1.2461,171.721,1141.51,0.00589,3.246,220,168.322,BATCH-009
2026-09-02 16:55:00,22308.578,40324.999,905.543,1106.259,2232.17,1.2314,174.778,1141.328,0.00705,3.183,220,167.639,BATCH-009
2026-09-02 16:56:00,22301.725,39863.162,905.923,1106.236,2232.828,1.2483,176.32,1140.899,0.00509,3.133,220,169.861,BATCH-009
2026-09-02 16:57:00,22250.459,39120.855,906.568,1106.284,2234.041,1.2492,174.037,1140.868,0.00689,2.978,220,170.893,BATCH-009
2026-09-02 16:58:00,22210.233,39436.626,904.503,1104.82,2234.802,1.2356,173.516,1141.083,0.00465,2.909,220,168.511,BATCH-009
2026-09-02 16:59:00,22248.178,39723.055,904.82,1106.204,2234.978,1.2262,175.592,1140.43,0.00777,3.126,220,168.402,BATCH-009
2026-09-02 17:00:00,25215.608,45389.528,907.83,1108.028,2236.261,1.2436,174.7,1139.895,0.00573,3.131,250,167.065,BATCH-010
2026-09-02 17:01:00,25300.514,45091.211,909.258,1108.523,2236.716,1.2469,174.819,1139.853,0.00445,2.964,250,166.763,BATCH-010
2026-09-02 17:02:00,25410.067,45323.729,911.803,1109.02,2238.668,1.2258,174.627,1141.044,0.00718,3.079,250,165.984,BATCH-010
2026-09-02 17:03:00,25333.118,45034.036,914.732,1109.997,2239.935,1.2416,172.451,1140.902,0.00586,2.975,250,169.664,BATCH-010
2026-09-02 17:04:00,25292.698,45459.396,916.015,1111.23,2240.484,1.2154,173.415,1140.071,0.0055,3.044,250,167.693,BATCH-010
2026-09-02 17:05:00,25328.518,45782.051,918.066,1110.79,2242.367,1.2387,174.588,1140.997,0.00506,3.074,250,166.102,BATCH-010
2026-09-02 17:06:00,25459.466,45460.1,918.271,1111.145,2243.697,1.2537,174.342,1140.907,0.00682,3.089,250,165.604,BATCH-010
2026-09-02 17:07:00,25326.113,45147.577,918.603,1111.724,2244.49,1.2202,175.091,1141.443,0.00628,3.049,250,166.43,BATCH-010
2026-09-02 17:08:00,25393.207,45126.917,919.993,1112.587,2245.039,1.2277,177.251,1141.842,0.00597,3.076,250,167.123,BATCH-010
2026-09-02 17:09:00,25422.177,45094.741,919.561,1112.135,2245.756,1.2121,175.382,1141.628,0.0069,3.017,250,168.577,BATCH-010
2026-09-02 17:10:00,25283.631,45256.225,920.026,1113.176,2247.741,1.2302,176.346,1141.495,0.0059,3.136,250,165.726,BATCH-010
2026-09-02 17:11:00,25379.858,45761.376,920.818,1113.654,2249.107,1.2303,173.448,1142.231,0.00497,3.144,250,166.015,BATCH-010
2026-09-02 17:12:00,25377.324,45996.207,920.569,1114.298,2249.382,1.2362,173.394,1143.291,0.00572,3.067,250,169.17,BATCH-010
2026-09-02 17:13:00,25409.176,45415.215,922.064,1114.374,2249.802,1.2265,177.036,1142.899,0.00368,2.996,250,166.93,BATCH-010
2026-09-02 17:14:00,25457.743,44956.051,923.925,1115.464,2250.461,1.2283,175.524,1143.45,0.00522,3.01,250,166.9,BATCH-010
2026-09-02 17:15:00,,45050.399,924.873,1116.532,2251.334,1.2323,172.857,1143.886,0.00689,3.057,250,167.37,BATCH-010
2026-09-02 17:16:00,25495.22,45569.448,926.4,1117.273,2253.606,1.233,173.23,1144.256,0.00483,3.092,250,169.536,BATCH-010
2026-09-02 17:17:00,25377.184,45274.771,925.84,1117.148,2254.927,1.2333,174.985,1144.983,0.00561,3.067,250,167.04,BATCH-010
2026-09-02 17:18:00,25386.963,46069.195,926.034,1118.144,2255.115,1.2129,175.564,1145.163,0.00713,3.142,250,166.012,BATCH-010
2026-09-02 17:19:00,25370.284,45291.48,,1117.457,2256.82,1.2048,174.255,1145.501,0.00499,3.068,250,163.989,BATCH-010
2026-09-02 17:20:00,25347.051,45465.291,925.32,1117.694,2258.729,1.2101,174.944,1145.546,0.00787,3.056,250,169.525,BATCH-010
2026-09-02 17:21:00,25413.849,45124.678,925.005,1117.897,2259.189,1.202,173.466,1146.301,0.00637,3.01,250,163.73,BATCH-010
2026-09-02 17:22:00,25386.439,45014.143,925.869,1117.415,2259.873,1.2208,173.55,1146.496,0.00495,3.04,250,168.926,BATCH-010
2026-09-02 17:23:00,25482.267,46070.323,927.335,1117.876,2260.297,1.1981,176.377,1146.912,0.00722,3.131,250,166.743,BATCH-010
2026-09-02 17:24:00,25312.955,44858.56,928.047,1118.258,2262.22,1.2132,176.724,1146.884,0.00592,2.964,250,168.07,BATCH-010
2026-09-02 17:25:00,25606.806,45896.177,928.568,1118.988,2263.731,1.21,176.714,1147.63,0.00568,3.032,250,166.686,BATCH-010
2026-09-02 17:26:00,25511.302,45903.956,927.832,1118.382,2264.114,1.2171,175.369,1147.133,0.00699,3.154,250,166.928,BATCH-010
2026-09-02 17:27:00,25485.605,45823.707,928.096,1119.503,2263.723,1.2086,175.76,1147.183,0.00654,3.087,250,166.471,BATCH-010
2026-09-02 17:28:00,25513.056,45818.651,927.182,1120.74,2265.07,1.1984,178.954,1147.195,0.00655,3.016,250,168.986,BATCH-010
2026-09-02 17:29:00,25523.677,45669.685,926.174,1120.678,2266.356,1.2087,177.965,1147.53,0.00473,2.986,250,164.988,BATCH-010
2026-09-02 17:30:00,25426.669,45433.569,925.583,1120.736,2267.096,1.2027,175.907,1147.742,0.00511,3.01,250,168.393,BATCH-010
2026-09-02 17:31:00,25532.912,45359.188,926.644,1120.318,2267.566,1.1969,175.539,1148.237,0.00638,2.975,250,167.724,BATCH-010
2026-09-02 17:32:00,25547.466,45644.139,927.973,1122.132,2268.229,1.1936,173.221,1148.816,0.00684,3.059,250,165.465,BATCH-010
2026-09-02 17:33:00,25512.071,45841.797,927.762,1122.344,2268.405,1.2036,177.056,1149.283,0.00623,3.078,250,167.745,BATCH-010
2026-09-02 17:34:00,25577.646,46014.096,928.791,1122.53,2266.933,1.1965,176.649,1149.707,0.0076,3.086,250,167.839,BATCH-010
2026-09-02 17:35:00,25516.791,45498.9,927.446,1122.162,2266.214,1.1952,174.451,1150.731,0.00571,3.079,250,167.227,BATCH-010
2026-09-02 17:36:00,25406.284,45211.68,927.16,1122.07,2265.432,1.1907,179.71,1151.475,0.00537,2.979,250,170.008,BATCH-010
2026-09-02 17:37:00,25659.584,45423.688,928.428,1122.427,2265.87,1.2001,178.222,1152.209,0.00538,2.981,250,167.268,BATCH-010
2026-09-02 17:38:00,25499.329,46027.735,927.527,1121.718,2267.587,1.1994,176.882,1152.49,0.00481,3.264,250,168.041,BATCH-010
2026-09-02 17:39:00,25589.837,45610.36,927.351,1122.487,2267.834,1.2002,177.831,1152.877,0.00497,2.97,250,164.22,BATCH-010
2026-09-02 17:40:00,25469.604,45136.012,927.495,1122.844,2266.917,1.1997,176.808,1153.422,0.00672,2.98,250,167.263,BATCH-010
2026-09-02 17:41:00,25533.808,45375.719,926.919,1123.854,2266.95,1.1856,176.9,1154.398,0.00637,3.034,250,166.925,BATCH-010
2026-09-02 17:42:00,25506.806,46212.866,926.929,1125.117,2267.149,1.1944,178.091,1154.486,0.00506,3.194,250,163.23,BATCH-010
2026-09-02 17:43:00,25644.634,46035.673,926.794,1124.7,2268.425,1.1901,177.815,,0.00612,3.046,250,168.998,BATCH-010
2026-09-02 17:44:00,25727.509,45813.761,926.306,1124.451,2269.572,1.1945,175.9,1154.826,0.00645,2.973,250,163.987,BATCH-010
2026-09-02 17:45:00,25742.325,45639.837,926.218,1125.585,2269.243,1.1836,179.524,1155.657,0.00591,3,250,167.569,BATCH-010
2026-09-02 17:46:00,25525.158,46129.762,928.629,1125.802,2269.663,1.2005,177.363,1155.638,0.00617,3.093,250,167.524,BATCH-010
2026-09-02 17:47:00,25703.764,45909.631,930.121,1126.065,2269.689,1.1795,177.539,1155.965,0.0066,3.058,250,169.742,BATCH-010
2026-09-02 17:48:00,25650.078,45750.744,929.618,1125.37,2270.602,1.203,179.573,1155.495,0.00615,3.094,250,167.373,BATCH-010
2026-09-02 17:49:00,25592.713,45750.983,930.632,1125.807,2271.687,1.1814,179.332,1156.114,0.0067,3.084,250,169.767,BATCH-010
2026-09-02 17:50:00,25739.463,46284.086,931.508,1125.043,2272.472,1.1644,178.384,1156.214,0.00598,3.151,250,166.466,BATCH-010
2026-09-02 17:51:00,25659.803,46054.323,930.703,1125.919,2271.767,1.1827,177.94,1156.408,0.00688,3.022,250,165.837,BATCH-010
2026-09-02 17:52:00,,46041.672,931.501,1125.26,2271.007,1.1811,179.413,1156.065,0.00589,3.072,250,167.233,BATCH-010
2026-09-02 17:53:00,25692.546,45651.091,931.826,1125.373,2269.311,1.1847,178.36,1155.961,0.00695,3.05,250,165.831,BATCH-010
2026-09-02 17:54:00,25684.795,45537.995,932.268,1126.314,2268.887,1.1773,180.439,1155.837,0.0068,2.955,250,166.351,BATCH-010
2026-09-02 17:55:00,25795.326,46069.931,931.467,1125.802,2269.53,1.1783,177.753,1156.015,0.00589,3.047,250,167.575,BATCH-010
2026-09-02 17:56:00,25619.51,45643.152,931.46,1125.662,2268.214,1.1749,175.805,1155.973,0.00575,2.982,250,165.304,BATCH-010
2026-09-02 17:57:00,25739.401,46533.194,931.338,1124.362,2267.925,1.1626,176.443,1156.344,0.00634,3.146,250,164.582,BATCH-010
2026-09-02 17:58:00,25806.229,46302.549,930.298,1123.944,2269.38,1.1679,178.415,1156.475,0.00646,3.074,250,169.377,BATCH-010
2026-09-02 17:59:00,25872.906,46545.839,928.968,1122.953,2269.054,1.1626,180.115,1156.692,0.0056,3.058,250,165.796,BATCH-010
2026-09-02 18:00:00,25776.523,46144.495,927.61,1121.978,2268.74,1.1762,177.937,1156.894,0.0043,3.042,250,165.687,BATCH-011
2026-09-02 18:01:00,25820.851,46448.429,1248.25,1121.665,2269.172,1.1748,177.818,1157.24,0.00459,3.003,250,164.363,BATCH-011
2026-09-02 18:02:00,25768.841,45752.609,,1121.846,2270.376,1.1733,178.198,1156.97,0.0058,3.01,250,164.607,BATCH-011
2026-09-02 18:03:00,25785.122,46384.135,927.876,1121.363,2269.605,1.168,177.162,1156.72,0.00644,3.076,250,168.428,BATCH-011
2026-09-02 18:04:00,25818.504,46036.914,927.889,1121.248,2270.836,1.1769,177.393,1156.454,0.00613,3.146,250,166.886,BATCH-011
2026-09-02 18:05:00,25894.477,46575.235,927.691,1122.576,2270.047,1.1726,177.921,1156.087,0.0059,3.075,250,165.454,BATCH-011
2026-09-02 18:06:00,25887.711,46546.543,927.027,1122.44,2270.666,1.1584,179.075,1156.339,0.00413,3.038,250,168.528,BATCH-011
2026-09-02 18:07:00,25814.553,46145.014,926.535,1122.692,2269.638,1.173,178.63,1155.789,0.00588,3.074,250,166.163,BATCH-011
2026-09-02 18:08:00,25865.534,45949.733,927.836,1122.992,2268.925,1.1511,178.961,1156.053,0.0053,3.023,250,167.258,BATCH-011
2026-09-02 18:09:00,25787.862,46419.364,927.689,1122.033,2270.316,1.1615,178.788,1155.784,0.00396,3.075,250,168.564,BATCH-011
2026-09-02 18:10:00,25827.924,46339.229,927.976,1122.658,2269.748,1.1781,178.131,1155.536,0.00378,3.177,250,170.346,BATCH-011
2026-09-02 18:11:00,25853.789,46650.583,928.919,1122.247,2268.106,1.1741,181.056,1155.422,0.00586,3.065,250,166.641,BATCH-011
2026-09-02 18:12:00,25907.704,45799.585,929.285,1122.949,2269.164,1.1626,180.827,1155.704,0.00489,2.877,250,165.883,BATCH-011
2026-09-02 18:13:00,25848.596,46417.378,929.494,1123.745,2269.787,1.1649,182.456,1156.053,0.00598,3.078,250,168.948,BATCH-011
2026-09-02 18:14:00,25774.574,45636.36,929.512,1124.508,2269.035,1.1613,176.853,1156.439,0.00708,2.988,250,169.459,BATCH-011
2026-09-02 18:15:00,25925.423,46075.662,929.985,1123.41,2270.698,1.1496,180.974,1156.197,0.00684,3.032,250,166.157,BATCH-011
2026-09-02 18:16:00,26065.11,46695.821,930.345,1123.345,2271.231,1.1673,178.976,1155.814,0.00648,3.041,250,166.575,BATCH-011
2026-09-02 18:17:00,26034.281,46787.756,930.755,1125.218,2271.66,1.1702,177.76,1156.298,0.00565,2.954,250,164.373,BATCH-011
2026-09-02 18:18:00,25912.763,46383.643,931.439,1125.306,2273.145,1.145,178.926,1157.34,0.00586,3.039,250,166.131,BATCH-011
2026-09-02 18:19:00,25922.061,46202.389,932.291,1125.126,2273.115,1.1681,181.523,1157.053,0.00477,3.116,250,170.125,BATCH-011
2026-09-02 18:20:00,26067.861,46169.709,932.85,1125.426,2273.231,1.1572,180.396,1157.144,0.00564,3.01,250,167.837,BATCH-011
2026-09-02 18:21:00,25912.527,46570.897,932.196,1125.107,2272.609,1.1648,179.937,1156.878,0.00719,3.14,250,166.605,BATCH-011
2026-09-02 18:22:00,26037.606,46948.708,933.265,1124.394,2270.6,1.1481,179.238,1157.309,0.00543,3.056,250,166.081,BATCH-011
2026-09-02 18:23:00,25996.321,46878.324,932.841,1123.959,2270.492,1.1538,179.238,1156.995,0.00609,3.136,250,166.007,BATCH-011
2026-09-02 18:24:00,26036.077,46770.638,933.905,1123.964,2271.283,1.1422,178.872,1157.798,0.00546,3.13,250,165.515,BATCH-011
2026-09-02 18:25:00,26090.958,47148.822,933.798,1124.114,2269.5,1.1722,180.024,1158.205,0.00579,3.143,250,165.3,BATCH-011
2026-09-02 18:26:00,25944.228,47139.206,933.861,1125.23,2269.555,1.1536,179.275,1158.964,0.00513,3.229,250,166.338,BATCH-011
2026-09-02 18:27:00,26040.831,46525.651,933.369,1125.673,2269.993,1.1573,179.455,1159.329,0.00526,3.049,250,164.675,BATCH-011
2026-09-02 18:28:00,26089.891,46728.025,932.052,1125.577,2269.693,1.1503,176.991,1159.602,0.00601,3.079,250,164.001,BATCH-011
2026-09-02 18:29:00,,46601.977,931.952,1125.902,2268.144,1.1439,180.056,1159.842,0.00715,3.091,250,166.335,BATCH-011
2026-09-02 18:30:00,23077.772,41116.316,929.961,1124.364,2266.159,1.1623,182.723,1159.346,0.00579,3.103,250,164.077,BATCH-011
2026-09-02 18:31:00,23078.239,41309.278,927.498,1123.084,2264.48,1.1389,180.912,1159.059,0.00573,3.022,250,165.079,BATCH-011
2026-09-02 18:32:00,23089.454,40835.91,926.035,1122.577,2264.202,1.1553,179.54,1158.734,0.00585,2.935,250,167.252,BATCH-011
2026-09-02 18:33:00,23008.938,41218.937,924.054,1122.043,2263.398,1.1392,182.071,1158.251,0.00497,3.138,250,165.253,BATCH-011
2026-09-02 18:34:00,23103.395,41115.044,922.353,1121.105,2261.204,1.1391,180.069,1158.455,0.00522,3.044,250,167.386,BATCH-011
2026-09-02 18:35:00,23131.205,41104.147,920.299,1120.33,2260.123,1.1492,180.144,1157.61,0.00496,2.984,250,166.89,BATCH-011
2026-09-02 18:36:00,23154.93,41423.766,918.954,1121.164,2259.255,1.1492,178.104,,0.00508,3.031,250,165.371,BATCH-011
2026-09-02 18:37:00,23183.812,41449.107,918.357,1119.42,2257.831,1.1275,181.505,1157.745,0.00495,2.956,250,168.078,BATCH-011
2026-09-02 18:38:00,23076.272,41078.53,918.1,1119.239,2255.67,1.1571,179.399,1158.086,0.00576,3.111,250,165.614,BATCH-011
2026-09-02 18:39:00,23092.409,41362.528,917.398,1118.008,2255.935,1.1485,182.488,1157.387,0.00488,2.961,250,163.458,BATCH-011
2026-09-02 18:40:00,23016.506,41132.999,916.045,1117.531,2256.376,1.124,177.471,1157.096,0.00676,3.173,250,165.261,BATCH-011
2026-09-02 18:41:00,23099.521,41210.325,916.36,1117.441,2254.809,1.1323,180.393,1156.275,0.00681,3.048,250,167.263,BATCH-011
2026-09-02 18:42:00,23051.596,41759.945,914.89,1117.831,2255.915,1.1271,182.2,1156.475,0.00673,3.212,250,166.416,BATCH-011
2026-09-02 18:43:00,23114.55,41452.127,915.5,1117.908,2255.882,1.1332,180.081,1156.726,0.00746,2.962,250,168.021,BATCH-011
2026-09-02 18:44:00,23054.383,41058.548,914.296,1117.992,2255.325,1.1255,178.027,1155.447,0.00648,3.004,250,165.857,BATCH-011
2026-09-02 18:45:00,23103.774,40939.366,,1117.561,2252.928,1.1231,178.574,1155.69,0.00572,2.946,250,166.031,BATCH-011
2026-09-02 18:46:00,23214.583,41745.196,911.982,1115.653,2250.833,1.1401,176.757,1155.414,0.00596,3.069,250,164.886,BATCH-011
2026-09-02 18:47:00,23220.347,41467.986,912.594,1115.985,2250.512,1.1358,178.259,1155.238,0.00714,3.051,250,166.107,BATCH-011
2026-09-02 18:48:00,23128.787,41364.588,912.927,1115.562,2249.369,1.1456,180.158,1154.791,0.0058,3.072,250,168.461,BATCH-011
2026-09-02 18:49:00,23024.301,41102.239,912.785,1115.259,2249.236,1.1412,178.083,1154.828,0.00591,3.048,250,165.38,BATCH-011
2026-09-02 18:50:00,23100.466,41336.73,913.361,1114.526,2248.643,1.1249,182.159,1154.725,0.00577,3.024,250,166.024,BATCH-011
2026-09-02 18:51:00,23172.541,41999.785,914.988,1114.252,2250.244,1.1347,180.159,1154.863,0.00438,3.165,250,168.01,BATCH-011
2026-09-02 18:52:00,23099.963,41255.336,914.489,1114.404,2249.046,1.1224,182.052,1154.407,0.00631,3.056,250,168.343,BATCH-011
2026-09-02 18:53:00,23208.851,41655.794,914.476,1113.298,2249.33,1.138,180.958,1154.061,0.00707,3.082,250,168.39,BATCH-011
2026-09-02 18:54:00,23284.502,41738.63,914.719,1113.486,2249.931,1.1365,177.892,1154.233,0.00549,3.088,250,164.636,BATCH-011
2026-09-02 18:55:00,23123.892,41455.344,913.372,1113.364,2248.696,1.1444,177.917,1154.011,0.00563,2.988,250,164.713,BATCH-011
2026-09-02 18:56:00,23218.179,41593.144,913.232,1113.12,2249.081,1.1377,179.695,1153.126,0.00508,3.052,250,167.526,BATCH-011
2026-09-02 18:57:00,23225.199,41640.721,912.537,1113.362,2248.286,1.137,182.634,1153.157,0.00589,3.121,250,167.515,BATCH-011
2026-09-02 18:58:00,23041.97,40868.021,913.264,1113.423,2249.578,1.1399,180.842,1152.517,0.00445,2.952,250,168.809,BATCH-011
2026-09-02 18:59:00,23097.186,41849.822,912.356,1113.468,2250.218,1.1251,179.071,1152.032,0.00533,3.144,250,166.365,BATCH-011
2026-09-02 19:00:00,23083.725,41116.909,911.394,1112.943,2249.266,1.1293,180.073,1152.135,0.00668,2.919,250,164.081,BATCH-012
2026-09-02 19:01:00,23291.141,41741.25,911.305,1113.225,2247.91,1.1436,180.749,1152.295,0.00659,3.039,250,166.265,BATCH-012
2026-09-02 19:02:00,23208.172,41354.468,911.122,1113.243,2249.556,1.1359,179.295,1151.876,0.00497,3.044,250,164.516,BATCH-012
2026-09-02 19:03:00,23245.231,41591.119,911.19,1112.886,2249.736,1.1274,180.156,1151.704,0.00695,3.045,250,167.038,BATCH-012
2026-09-02 19:04:00,23206.914,41634.465,911.147,1112.611,2250.553,1.1434,179.174,1151.343,0.0067,3.005,250,165.342,BATCH-012
2026-09-02 19:05:00,23104.497,41230.852,910.532,1112.567,2247.641,1.1093,179.54,1150.405,0.00736,3.089,250,164.918,BATCH-012
2026-09-02 19:06:00,,41115.179,909.351,1111.955,2247.263,1.1435,181.34,1150.096,0.00638,3.054,250,168.676,BATCH-012
2026-09-02 19:07:00,23330.858,41749.079,909.346,1112.118,2247.393,1.1297,182.111,1150.24,0.00642,3.064,250,168.626,BATCH-012
2026-09-02 19:08:00,23188.085,41404.793,910.105,1112.583,2248.737,1.1177,179.585,1150.452,0.0052,3.009,250,166.58,BATCH-012
2026-09-02 19:09:00,23143.109,41739.241,910.483,1111.808,2247.207,1.1473,181.043,1150.748,0.0079,3.128,250,165.05,BATCH-012
2026-09-02 19:10:00,23168.103,40874.403,911.857,1110.842,2247.444,1.1275,181.863,1150.57,0.005,3.013,250,166.977,BATCH-012
2026-09-02 19:11:00,23116.922,41953.587,913.043,1110.47,2247.062,1.1284,181.471,1150.325,0.00571,3.172,250,164.767,BATCH-012
2026-09-02 19:12:00,23147.597,41057.712,912.199,1111.261,2246.61,1.1342,179.491,1150.6,0.00527,2.936,250,167.017,BATCH-012
2026-09-02 19:13:00,23104.844,41099.975,911.175,1110.339,2247.81,1.1192,178.495,1149.572,0.00642,3.011,250,166.219,BATCH-012
2026-09-02 19:14:00,23202.554,41647.532,911.819,1109.887,2247.728,1.1069,177.95,1149.115,0.00617,3.152,250,167.936,BATCH-012
2026-09-02 19:15:00,23146.3,41310.771,912.39,1110.72,2247.83,1.1379,181.374,1149.177,0.00376,3.055,250,168.845,BATCH-012
2026-09-02 19:16:00,23075.836,41470.385,912.513,1110.272,2248.862,1.1127,179.281,1148.987,0.00549,3.043,250,167.379,BATCH-012
2026-09-02 19:17:00,23077.592,41204.751,913.117,1110.622,2249.353,1.1384,178.333,1149.049,0.00561,2.919,250,167.199,BATCH-012
2026-09-02 19:18:00,22957.182,41322.7,914.101,1109.758,2249.417,1.1546,179.889,1149.319,0.0077,3.196,250,166.504,BATCH-012
2026-09-02 19:19:00,23051.896,41137.899,914.392,1109.361,2248.625,1.1366,180.556,1148.945,0.00552,2.974,250,165.953,BATCH-012
2026-09-02 19:20:00,23223.207,41585.417,914.381,1109.847,2248.782,1.1353,179.341,1148.753,0.00592,3.135,250,164.09,BATCH-012
2026-09-02 19:21:00,23019.267,41792.608,914.524,1110.532,2247.36,1.1202,180.394,1149.212,0.00518,3.195,250,170.781,BATCH-012
2026-09-02 19:22:00,23267.405,41569.682,915.45,1110.598,2248.54,1.1276,180.366,1149.385,0.00442,3.068,250,169.903,BATCH-012
2026-09-02 19:23:00,23116.634,41515.781,916.383,1110.324,2248.515,1.1389,179.955,1149.854,0.00545,3.101,250,166.675,BATCH-012
2026-09-02 19:24:00,23190.143,41581.953,917.707,1110.343,2249.252,1.1218,180.057,1149.991,0.00514,3.201,250,169.076,BATCH-012
2026-09-02 19:25:00,23147.804,41628.028,916.186,1110.312,2248.18,1.1242,180.115,1149.881,0.00483,3.063,250,166.907,BATCH-012
2026-09-02 19:26:00,23278.666,41993.194,914.901,1109.671,2248.989,1.1166,178.669,1149.934,0.00616,3.108,250,167.629,BATCH-012
2026-09-02 19:27:00,23103.46,41594.469,913.197,1109.18,2250.566,1.1413,180.508,1149.849,0.00699,3.068,250,164.648,BATCH-012
2026-09-02 19:28:00,23097.095,41129.978,,1108.888,2250.671,1.1542,179.618,1149.808,0.00624,3.011,250,167.559,BATCH-012
2026-09-02 19:29:00,23161.161,41904.73,913.281,1109.239,2249.109,1.1196,179.533,,0.00726,3.156,250,167.2,BATCH-012
2026-09-02 19:30:00,23046.428,40946.889,914.156,1110.295,2249.713,1.1407,178.484,1149.312,0.00475,2.95,250,165.398,BATCH-012
2026-09-02 19:31:00,23035.343,41469.45,914.874,1109.428,2250.03,1.1221,178.751,1149.327,0.00611,3.116,250,167.366,BATCH-012
2026-09-02 19:32:00,23194.538,41092.217,913.215,1110.077,2250.968,1.1342,178.41,1149.177,0.00478,3.02,250,162.921,BATCH-012
2026-09-02 19:33:00,23147.319,41154.573,914.448,1110.357,2251.735,1.1479,178.485,1149.089,0.00617,2.969,250,169.859,BATCH-012
2026-09-02 19:34:00,23016.175,41322.561,913.4,1110.656,2252.317,1.1287,179.1,1149.032,0.00701,3.078,250,165.411,BATCH-012
2026-09-02 19:35:00,23065.275,41468.953,913.316,1110.923,2252.824,1.1318,180.022,1149.093,0.00624,3.131,250,166.102,BATCH-012
2026-09-02 19:36:00,23082.966,41167.93,913.494,1111.533,2253.022,1.144,179.02,1149.324,0.00684,2.962,250,165.585,BATCH-012
2026-09-02 19:37:00,22934.276,41284.052,912.84,1111.261,2252.532,1.1425,179.009,1149.086,0.00576,3.115,250,166.617,BATCH-012
2026-09-02 19:38:00,22983.413,41008.539,913.69,1110.203,2251.608,1.1356,179.802,1147.946,0.00627,3.035,250,165.273,BATCH-012
2026-09-02 19:39:00,23086.264,40975.84,912.305,1110.223,2250.209,1.1307,178.658,1147.935,0.00634,3.011,250,165.404,BATCH-012
2026-09-02 19:40:00,23012.895,41259.913,913.359,1110.284,2249.34,1.1392,179.636,1147.502,0.0065,3.06,250,168.166,BATCH-012
2026-09-02 19:41:00,23000.053,41523.196,912.965,1111.398,2249.735,1.1449,178.741,1146.827,0.00573,3.09,250,164.073,BATCH-012
2026-09-02 19:42:00,23133.666,41471.285,914.057,1111.369,2250.735,1.1443,177.678,1146.63,0.00635,3.071,250,167.615,BATCH-012
2026-09-02 19:43:00,,40813.007,913.764,1112.153,2251.085,1.1153,179.996,1146.557,0.00686,3.147,250,170.112,BATCH-012
2026-09-02 19:44:00,22974.857,41285.595,912.814,1112.023,2252.294,1.166,180.644,1146.352,0.00683,2.975,250,166.798,BATCH-012
2026-09-02 19:45:00,23042.687,42105.867,912.591,1111.408,2252.009,1.1423,179.719,1146.561,0.00729,3.201,250,162.793,BATCH-012
2026-09-02 19:46:00,23132.474,41326.494,912.671,1112.002,2251.179,1.1556,178.615,1147.375,0.00509,3.145,250,166.81,BATCH-012
2026-09-02 19:47:00,22933.544,41308.78,911.968,1111.848,2249.91,1.154,178.373,1147.005,0.00526,3.062,250,168.839,BATCH-012
2026-09-02 19:48:00,23089.402,41395.137,912.184,1112.418,2249.278,1.1441,178.032,1146.868,0.00792,3.09,250,165.008,BATCH-012
2026-09-02 19:49:00,22890.231,41098.657,912.639,1111.44,2249.199,1.1583,179.58,1146.865,0.00564,3.122,250,166.433,BATCH-012
2026-09-02 19:50:00,22905.398,40615.29,912.143,1111.792,2248.004,1.1524,175.301,1146.322,0.00479,2.999,250,168.291,BATCH-012
2026-09-02 19:51:00,22805.945,40886.117,910.743,1111.606,2247.916,1.1532,179.127,1146.275,0.00647,3.05,250,165.704,BATCH-012
2026-09-02 19:52:00,22957.096,40807.926,910.076,1111.363,2248.438,1.1554,176.588,1146.041,0.00683,2.977,250,167.617,BATCH-012
2026-09-02 19:53:00,22890.757,41338.986,910.134,1111.393,2249.499,1.1263,178.161,1145.881,0.00647,3.109,250,166.726,BATCH-012
2026-09-02 19:54:00,23028.009,41502.325,910.614,1110.423,2249.127,1.1538,178.023,1145.798,0.0063,3.067,250,166.574,BATCH-012
2026-09-02 19:55:00,22891.616,41066.1,911.448,1110.523,2247.361,1.1632,178.794,1145.969,0.00647,3.141,250,165.979,BATCH-012
2026-09-02 19:56:00,22828.521,40866.875,911.835,1111.538,2247.865,1.174,176.697,1145.939,0.00665,3.076,250,167.384,BATCH-012
2026-09-02 19:57:00,22872.346,40413.499,911.834,1110.213,2246.423,1.1595,177.5,1145.861,0.00498,2.94,250,165.247,BATCH-012
2026-09-02 19:58:00,23035.894,41410.673,912.869,1110.727,2246.442,1.1425,179.467,1146.16,0.00444,3.158,250,169.891,BATCH-012
2026-09-02 19:59:00,22823.647,40766.333,911.214,1111.504,2246.334,1.1626,178.313,1146.42,0.00419,3.056,250,168.756,BATCH-012